mc	mn	quarterbeats	quarterbeats_all_endings	duration_qb	mc_onset	mn_onset	event	timesig	staff	voice	duration	gracenote	nominal_duration	scalar	chord_id	dynamics	articulation	staff_text	slur	decrescendo_hairpin	crescendo_line	crescendo_hairpin	Ottava:8va	pedal	Pedal_<sym>keyboardPedalPed</sym>
1	1	0	0	0.0	0	0	StaffText	3/8	1	1	0							Andante placido							
1	1	0	0	0.0	0	0	Dynamic	3/8	2	1	0					pp									
1	1	0	0	0.0	0	0	StaffText	3/8	2	1	0							"<font size=""12""/>dolcissimo egualmente"							
1	1	0	0	0.0	0	0	StaffText	3/8	2	1	0							"<font size=""12""/>una corda"							
1	1	0	0	0.0	0	0	Spanner	3/8	2	1	0													0	0
1	1	0	0	0.16666666666666666	0	0	Chord	3/8	2	1	1/24		1/16	2/3	0		articTenutoAbove		0					0	0
1	1	1/6	1/6	0.16666666666666666	1/24	1/24	Chord	3/8	2	1	1/24		1/16	2/3	1				0					0	0
1	1	1/3	1/3	0.16666666666666666	1/12	1/12	Chord	3/8	2	1	1/24		1/16	2/3	2				0					0	0
1	1	1/2	1/2	0.25	1/8	1/8	Chord	3/8	2	1	1/16		1/16	1	3				0					0	0
1	1	3/4	3/4	0.25	3/16	3/16	Chord	3/8	2	1	1/16		1/16	1	4				0					0	0
1	1	1	1	0.25	1/4	1/4	Chord	3/8	2	1	1/16		1/16	1	5				0					0	0
1	1	5/4	5/4	0.25	5/16	5/16	Chord	3/8	2	1	1/16		1/16	1	6									0	0
1	1	0	0	1.0	0	0	Chord	3/8	2	2	1/4		1/4	1	7									0	0
2	2	3/2	3/2	0.16666666666666666	0	0	Chord	3/8	2	1	1/24		1/16	2/3	8				1					0	0
2	2	5/3	5/3	0.16666666666666666	1/24	1/24	Chord	3/8	2	1	1/24		1/16	2/3	9				1					0	0
2	2	11/6	11/6	0.16666666666666666	1/12	1/12	Chord	3/8	2	1	1/24		1/16	2/3	10				1					0	0
2	2	2	2	0.25	1/8	1/8	Chord	3/8	2	1	1/16		1/16	1	11				1					0	0
2	2	9/4	9/4	0.25	3/16	3/16	Chord	3/8	2	1	1/16		1/16	1	12				1					0	0
2	2	5/2	5/2	0.25	1/4	1/4	Chord	3/8	2	1	1/16		1/16	1	13				1					0	0
2	2	11/4	11/4	0.25	5/16	5/16	Chord	3/8	2	1	1/16		1/16	1	14									0	0
3	3	3	3	0.16666666666666666	0	0	Chord	3/8	2	1	1/24		1/16	2/3	15		articTenutoAbove		2					0	0
3	3	19/6	19/6	0.16666666666666666	1/24	1/24	Chord	3/8	2	1	1/24		1/16	2/3	16				2					0	0
3	3	10/3	10/3	0.16666666666666666	1/12	1/12	Chord	3/8	2	1	1/24		1/16	2/3	17				2					0	0
3	3	7/2	7/2	0.25	1/8	1/8	Chord	3/8	2	1	1/16		1/16	1	18				2					0	0
3	3	15/4	15/4	0.25	3/16	3/16	Chord	3/8	2	1	1/16		1/16	1	19				2					0	0
3	3	4	4	0.25	1/4	1/4	Chord	3/8	2	1	1/16		1/16	1	20				2					0	0
3	3	17/4	17/4	0.25	5/16	5/16	Chord	3/8	2	1	1/16		1/16	1	21									0	0
3	3	3	3	1.0	0	0	Chord	3/8	2	2	1/4		1/4	1	22									0	0
4	4	11/2	11/2	0.0	1/4	1/4	StaffText	3/8	1	1	0							"<font size=""12""/>dolce"							
4	4	11/2	11/2	0.5	1/4	1/4	Chord	3/8	1	1	1/8		1/8	1	23										
4	4	9/2	9/2	0.16666666666666666	0	0	Chord	3/8	2	1	1/24		1/16	2/3	24				3					0	0
4	4	14/3	14/3	0.16666666666666666	1/24	1/24	Chord	3/8	2	1	1/24		1/16	2/3	25				3					0	0
4	4	29/6	29/6	0.16666666666666666	1/12	1/12	Chord	3/8	2	1	1/24		1/16	2/3	26				3					0	0
4	4	5	5	0.25	1/8	1/8	Chord	3/8	2	1	1/16		1/16	1	27				3					0	0
4	4	21/4	21/4	0.25	3/16	3/16	Chord	3/8	2	1	1/16		1/16	1	28				3					0	0
4	4	11/2	11/2	0.25	1/4	1/4	Chord	3/8	2	1	1/16		1/16	1	29				3					0	0
4	4	23/4	23/4	0.25	5/16	5/16	Chord	3/8	2	1	1/16		1/16	1	30									0	0
5	5	6	6	0.0	0	0	StaffText	3/8	1	1	0							"<font size=""12""/>cantabile"							
5	5	6	6	0.5	0	0	Chord	3/8	1	1	1/8		1/8	1	31				4						
5	5	13/2	13/2	0.5	1/8	1/8	Chord	3/8	1	1	1/8		1/8	1	32				4						
5	5	7	7	0.5	1/4	1/4	Chord	3/8	1	1	1/8		1/8	1	33				4						
5	5	6	6	0.0	0	0	Spanner	3/8	2	1	0														
5	5	6	6	0.0	0	0	Spanner	3/8	2	1	0													1	1
5	5	6	6	0.16666666666666666	0	0	Chord	3/8	2	1	1/24		1/16	2/3	34				5					1	1
5	5	37/6	37/6	0.16666666666666666	1/24	1/24	Chord	3/8	2	1	1/24		1/16	2/3	35				5					1	1
5	5	19/3	19/3	0.16666666666666666	1/12	1/12	Chord	3/8	2	1	1/24		1/16	2/3	36				5					1	1
5	5	13/2	13/2	0.25	1/8	1/8	Chord	3/8	2	1	1/16		1/16	1	37				5					1	1
5	5	27/4	27/4	0.25	3/16	3/16	Chord	3/8	2	1	1/16		1/16	1	38				5					1	1
5	5	7	7	0.25	1/4	1/4	Chord	3/8	2	1	1/16		1/16	1	39				5					1	1
5	5	29/4	29/4	0.25	5/16	5/16	Chord	3/8	2	1	1/16		1/16	1	40									1	1
6	6	15/2	15/2	1.0	0	0	Chord	3/8	1	1	1/4		1/4	1	41				4						
6	6	17/2	17/2	0.5	1/4	1/4	Chord	3/8	1	1	1/8		1/8	1	42										
6	6	15/2	15/2	0.16666666666666666	0	0	Chord	3/8	2	1	1/24		1/16	2/3	43				6					1	1
6	6	23/3	23/3	0.16666666666666666	1/24	1/24	Chord	3/8	2	1	1/24		1/16	2/3	44				6					1	1
6	6	47/6	47/6	0.16666666666666666	1/12	1/12	Chord	3/8	2	1	1/24		1/16	2/3	45				6					1	1
6	6	8	8	0.25	1/8	1/8	Chord	3/8	2	1	1/16		1/16	1	46				6					1	1
6	6	33/4	33/4	0.25	3/16	3/16	Chord	3/8	2	1	1/16		1/16	1	47				6					1	1
6	6	17/2	17/2	0.25	1/4	1/4	Chord	3/8	2	1	1/16		1/16	1	48				6					1	1
6	6	35/4	35/4	0.25	5/16	5/16	Chord	3/8	2	1	1/16		1/16	1	49									1	1
7	7	9	9	1.0	0	0	Chord	3/8	1	1	1/4		1/4	1	50				7						
7	7	10	10	0.5	1/4	1/4	Chord	3/8	1	1	1/8		1/8	1	51				7						
7	7	9	9	0.0	0	0	Spanner	3/8	2	1	0														
7	7	9	9	0.0	0	0	Spanner	3/8	2	1	0													2	2
7	7	9	9	0.16666666666666666	0	0	Chord	3/8	2	1	1/24		1/16	2/3	52				8					2	2
7	7	55/6	55/6	0.16666666666666666	1/24	1/24	Chord	3/8	2	1	1/24		1/16	2/3	53				8					2	2
7	7	28/3	28/3	0.16666666666666666	1/12	1/12	Chord	3/8	2	1	1/24		1/16	2/3	54				8					2	2
7	7	19/2	19/2	0.25	1/8	1/8	Chord	3/8	2	1	1/16		1/16	1	55				8					2	2
7	7	39/4	39/4	0.25	3/16	3/16	Chord	3/8	2	1	1/16		1/16	1	56				8					2	2
7	7	10	10	0.25	1/4	1/4	Chord	3/8	2	1	1/16		1/16	1	57				8					2	2
7	7	41/4	41/4	0.25	5/16	5/16	Chord	3/8	2	1	1/16		1/16	1	58									2	2
8	8	21/2	21/2	1.0	0	0	Chord	3/8	1	1	1/4		1/4	1	59										
8	8	23/2	23/2	0.5	1/4	1/4	Chord	3/8	1	1	1/8		1/8	1	60				9						
8	8	21/2	21/2	0.16666666666666666	0	0	Chord	3/8	2	1	1/24		1/16	2/3	61				10					2	2
8	8	32/3	32/3	0.16666666666666666	1/24	1/24	Chord	3/8	2	1	1/24		1/16	2/3	62				10					2	2
8	8	65/6	65/6	0.16666666666666666	1/12	1/12	Chord	3/8	2	1	1/24		1/16	2/3	63				10					2	2
8	8	11	11	0.25	1/8	1/8	Chord	3/8	2	1	1/16		1/16	1	64				10					2	2
8	8	45/4	45/4	0.25	3/16	3/16	Chord	3/8	2	1	1/16		1/16	1	65				10					2	2
8	8	23/2	23/2	0.25	1/4	1/4	Chord	3/8	2	1	1/16		1/16	1	66				10					2	2
8	8	47/4	47/4	0.25	5/16	5/16	Chord	3/8	2	1	1/16		1/16	1	67									2	2
9	9	12	12	0.5	0	0	Chord	3/8	1	1	1/8		1/8	1	68				9						
9	9	25/2	25/2	0.5	1/8	1/8	Chord	3/8	1	1	1/8		1/8	1	69				9						
9	9	13	13	0.5	1/4	1/4	Chord	3/8	1	1	1/8		1/8	1	70				9						
9	9	12	12	0.0	0	0	Spanner	3/8	2	1	0														
9	9	12	12	0.0	0	0	Spanner	3/8	2	1	0													3	3
9	9	12	12	0.16666666666666666	0	0	Chord	3/8	2	1	1/24		1/16	2/3	71				11					3	3
9	9	73/6	73/6	0.16666666666666666	1/24	1/24	Chord	3/8	2	1	1/24		1/16	2/3	72				11					3	3
9	9	37/3	37/3	0.16666666666666666	1/12	1/12	Chord	3/8	2	1	1/24		1/16	2/3	73				11					3	3
9	9	25/2	25/2	0.25	1/8	1/8	Chord	3/8	2	1	1/16		1/16	1	74				11					3	3
9	9	51/4	51/4	0.25	3/16	3/16	Chord	3/8	2	1	1/16		1/16	1	75				11					3	3
9	9	13	13	0.25	1/4	1/4	Chord	3/8	2	1	1/16		1/16	1	76				11					3	3
9	9	53/4	53/4	0.25	5/16	5/16	Chord	3/8	2	1	1/16		1/16	1	77									3	3
10	10	27/2	27/2	1.0	0	0	Chord	3/8	1	1	1/4		1/4	1	78										
10	10	29/2	29/2	0.5	1/4	1/4	Chord	3/8	1	1	1/8		1/8	1	79				12						
10	10	27/2	27/2	0.16666666666666666	0	0	Chord	3/8	2	1	1/24		1/16	2/3	80				13					3	3
10	10	41/3	41/3	0.16666666666666666	1/24	1/24	Chord	3/8	2	1	1/24		1/16	2/3	81				13					3	3
10	10	83/6	83/6	0.16666666666666666	1/12	1/12	Chord	3/8	2	1	1/24		1/16	2/3	82				13					3	3
10	10	14	14	0.25	1/8	1/8	Chord	3/8	2	1	1/16		1/16	1	83				13					3	3
10	10	57/4	57/4	0.25	3/16	3/16	Chord	3/8	2	1	1/16		1/16	1	84				13					3	3
10	10	29/2	29/2	0.25	1/4	1/4	Chord	3/8	2	1	1/16		1/16	1	85				13					3	3
10	10	59/4	59/4	0.25	5/16	5/16	Chord	3/8	2	1	1/16		1/16	1	86									3	3
11	11	15	15	0.5	0	0	Chord	3/8	1	1	1/8		1/8	1	87				12						
11	11	31/2	31/2	0.5	1/8	1/8	Chord	3/8	1	1	1/8		1/8	1	88				12						
11	11	16	16	0.5	1/4	1/4	Chord	3/8	1	1	1/8		1/8	1	89										
11	11	15	15	0.0	0	0	Spanner	3/8	2	1	0														
11	11	15	15	0.0	0	0	Spanner	3/8	2	1	0													4	4
11	11	15	15	0.16666666666666666	0	0	Chord	3/8	2	1	1/24		1/16	2/3	90				14					4	4
11	11	91/6	91/6	0.16666666666666666	1/24	1/24	Chord	3/8	2	1	1/24		1/16	2/3	91				14					4	4
11	11	46/3	46/3	0.16666666666666666	1/12	1/12	Chord	3/8	2	1	1/24		1/16	2/3	92				14					4	4
11	11	31/2	31/2	0.25	1/8	1/8	Chord	3/8	2	1	1/16		1/16	1	93				14					4	4
11	11	63/4	63/4	0.25	3/16	3/16	Chord	3/8	2	1	1/16		1/16	1	94				14					4	4
11	11	16	16	0.25	1/4	1/4	Chord	3/8	2	1	1/16		1/16	1	95				14					4	4
11	11	65/4	65/4	0.25	5/16	5/16	Chord	3/8	2	1	1/16		1/16	1	96									4	4
12	12	33/2	33/2	1.0	0	0	Chord	3/8	1	1	1/4		1/4	1	97				15						
12	12	35/2	35/2	0.5	1/4	1/4	Chord	3/8	1	1	1/8		1/8	1	98										
12	12	33/2	33/2	0.16666666666666666	0	0	Chord	3/8	2	1	1/24		1/16	2/3	99				16					4	4
12	12	50/3	50/3	0.16666666666666666	1/24	1/24	Chord	3/8	2	1	1/24		1/16	2/3	100				16					4	4
12	12	101/6	101/6	0.16666666666666666	1/12	1/12	Chord	3/8	2	1	1/24		1/16	2/3	101				16					4	4
12	12	17	17	0.25	1/8	1/8	Chord	3/8	2	1	1/16		1/16	1	102				16					4	4
12	12	69/4	69/4	0.25	3/16	3/16	Chord	3/8	2	1	1/16		1/16	1	103				16					4	4
12	12	35/2	35/2	0.25	1/4	1/4	Chord	3/8	2	1	1/16		1/16	1	104				16					4	4
12	12	71/4	71/4	0.25	5/16	5/16	Chord	3/8	2	1	1/16		1/16	1	105									4	4
13	13	18	18	0.5	0	0	Chord	3/8	1	1	1/8		1/8	1	106				17						
13	13	37/2	37/2	0.5	1/8	1/8	Chord	3/8	1	1	1/8		1/8	1	107				17						
13	13	19	19	0.5	1/4	1/4	Chord	3/8	1	1	1/8		1/8	1	108				17						
13	13	18	18	0.0	0	0	Spanner	3/8	2	1	0														
13	13	18	18	0.0	0	0	Spanner	3/8	2	1	0													5	5
13	13	18	18	0.16666666666666666	0	0	Chord	3/8	2	1	1/24		1/16	2/3	109				18					5	5
13	13	109/6	109/6	0.16666666666666666	1/24	1/24	Chord	3/8	2	1	1/24		1/16	2/3	110				18					5	5
13	13	55/3	55/3	0.16666666666666666	1/12	1/12	Chord	3/8	2	1	1/24		1/16	2/3	111				18					5	5
13	13	37/2	37/2	0.0	1/8	1/8	Spanner	3/8	2	1	0								18			0		5	5
13	13	37/2	37/2	0.25	1/8	1/8	Chord	3/8	2	1	1/16		1/16	1	112				18			0		5	5
13	13	75/4	75/4	0.25	3/16	3/16	Chord	3/8	2	1	1/16		1/16	1	113				18			0		5	5
13	13	19	19	0.25	1/4	1/4	Chord	3/8	2	1	1/16		1/16	1	114				18			0		5	5
13	13	77/4	77/4	0.25	5/16	5/16	Chord	3/8	2	1	1/16		1/16	1	115							0		5	5
14	14	39/2	39/2	1.0	0	0	Chord	3/8	1	1	1/4		1/4	1	116				17						
14	14	41/2	41/2	0.5	1/4	1/4	Chord	3/8	1	1	1/8		1/8	1	117										
14	14	39/2	39/2	0.0	0	0	StaffText	3/8	2	1	0							"<font size=""12""/><i>simile</i>"				0		5	5
14	14	39/2	39/2	0.16666666666666666	0	0	Chord	3/8	2	1	1/24		1/16	2/3	118				19			0		5	5
14	14	59/3	59/3	0.16666666666666666	1/24	1/24	Chord	3/8	2	1	1/24		1/16	2/3	119				19			0		5	5
14	14	119/6	119/6	0.16666666666666666	1/12	1/12	Chord	3/8	2	1	1/24		1/16	2/3	120				19			0		5	5
14	14	20	20	0.25	1/8	1/8	Chord	3/8	2	1	1/16		1/16	1	121				19			0		5	5
14	14	81/4	81/4	0.25	3/16	3/16	Chord	3/8	2	1	1/16		1/16	1	122				19			0		5	5
14	14	41/2	41/2	0.25	1/4	1/4	Chord	3/8	2	1	1/16		1/16	1	123				19			0		5	5
14	14	83/4	83/4	0.0	5/16	5/16	Spanner	3/8	2	1	0													5	5
14	14	83/4	83/4	0.25	5/16	5/16	Chord	3/8	2	1	1/16		1/16	1	124									5	5
15	15	21	21	1.0	0	0	Chord	3/8	1	1	1/4		1/4	1	125				20						
15	15	22	22	0.5	1/4	1/4	Chord	3/8	1	1	1/8		1/8	1	126				20						
15	15	21	21	0.0	0	0	Spanner	3/8	2	1	0														
15	15	21	21	0.0	0	0	Spanner	3/8	2	1	0													6	6
15	15	21	21	0.16666666666666666	0	0	Chord	3/8	2	1	1/24		1/16	2/3	127				21					6	6
15	15	127/6	127/6	0.16666666666666666	1/24	1/24	Chord	3/8	2	1	1/24		1/16	2/3	128				21					6	6
15	15	64/3	64/3	0.16666666666666666	1/12	1/12	Chord	3/8	2	1	1/24		1/16	2/3	129				21					6	6
15	15	43/2	43/2	0.25	1/8	1/8	Chord	3/8	2	1	1/16		1/16	1	130				21					6	6
15	15	87/4	87/4	0.25	3/16	3/16	Chord	3/8	2	1	1/16		1/16	1	131				21					6	6
15	15	22	22	0.25	1/4	1/4	Chord	3/8	2	1	1/16		1/16	1	132				21					6	6
15	15	89/4	89/4	0.25	5/16	5/16	Chord	3/8	2	1	1/16		1/16	1	133									6	6
16	16	45/2	45/2	1.0	0	0	Chord	3/8	1	1	1/4		1/4	1	134										
16	16	47/2	47/2	0.5	1/4	1/4	Chord	3/8	1	1	1/8		1/8	1	135										
16	16	45/2	45/2	0.16666666666666666	0	0	Chord	3/8	2	1	1/24		1/16	2/3	136				22					6	6
16	16	68/3	68/3	0.16666666666666666	1/24	1/24	Chord	3/8	2	1	1/24		1/16	2/3	137				22					6	6
16	16	137/6	137/6	0.16666666666666666	1/12	1/12	Chord	3/8	2	1	1/24		1/16	2/3	138				22					6	6
16	16	23	23	0.25	1/8	1/8	Chord	3/8	2	1	1/16		1/16	1	139				22					6	6
16	16	93/4	93/4	0.25	3/16	3/16	Chord	3/8	2	1	1/16		1/16	1	140				22					6	6
16	16	47/2	47/2	0.0	1/4	1/4	Spanner	3/8	2	1	0								22	0				6	6
16	16	47/2	47/2	0.25	1/4	1/4	Chord	3/8	2	1	1/16		1/16	1	141				22	0				6	6
16	16	95/4	95/4	0.25	5/16	5/16	Chord	3/8	2	1	1/16		1/16	1	142					0				6	6
17	17	24	24	0.5	0	0	Chord	3/8	1	1	1/8		1/8	1	143				23						
17	17	49/2	49/2	0.5	1/8	1/8	Chord	3/8	1	1	1/8		1/8	1	144				23						
17	17	25	25	0.5	1/4	1/4	Chord	3/8	1	1	1/8		1/8	1	145										
17	17	24	24	0.0	0	0	Spanner	3/8	2	1	0									0					
17	17	24	24	0.0	0	0	Spanner	3/8	2	1	0									0				7	7
17	17	24	24	0.16666666666666666	0	0	Chord	3/8	2	1	1/24		1/16	2/3	146				24	0				7	7
17	17	145/6	145/6	0.16666666666666666	1/24	1/24	Chord	3/8	2	1	1/24		1/16	2/3	147				24	0				7	7
17	17	73/3	73/3	0.16666666666666666	1/12	1/12	Chord	3/8	2	1	1/24		1/16	2/3	148				24	0				7	7
17	17	49/2	49/2	0.25	1/8	1/8	Chord	3/8	2	1	1/16		1/16	1	149				24	0				7	7
17	17	99/4	99/4	0.25	3/16	3/16	Chord	3/8	2	1	1/16		1/16	1	150				24	0				7	7
17	17	25	25	0.25	1/4	1/4	Chord	3/8	2	1	1/16		1/16	1	151				24	0				7	7
17	17	101/4	101/4	0.0	5/16	5/16	Spanner	3/8	2	1	0													7	7
17	17	101/4	101/4	0.25	5/16	5/16	Chord	3/8	2	1	1/16		1/16	1	152									7	7
18	18	51/2	51/2	1.0	0	0	Chord	3/8	1	1	1/4		1/4	1	153				25						
18	18	53/2	53/2	0.5	1/4	1/4	Chord	3/8	1	1	1/8		1/8	1	154										
18	18	51/2	51/2	0.16666666666666666	0	0	Chord	3/8	2	1	1/24		1/16	2/3	155				26					7	7
18	18	77/3	77/3	0.16666666666666666	1/24	1/24	Chord	3/8	2	1	1/24		1/16	2/3	156				26					7	7
18	18	155/6	155/6	0.16666666666666666	1/12	1/12	Chord	3/8	2	1	1/24		1/16	2/3	157				26					7	7
18	18	26	26	0.25	1/8	1/8	Chord	3/8	2	1	1/16		1/16	1	158				26					7	7
18	18	105/4	105/4	0.25	3/16	3/16	Chord	3/8	2	1	1/16		1/16	1	159				26					7	7
18	18	53/2	53/2	0.25	1/4	1/4	Chord	3/8	2	1	1/16		1/16	1	160				26					7	7
18	18	107/4	107/4	0.25	5/16	5/16	Chord	3/8	2	1	1/16		1/16	1	161									7	7
19	19	27	27	1.5	0	0	Chord	3/8	1	1	3/8		1/4	3/2	162										
19	19	27	27	0.0	0	0	Spanner	3/8	2	1	0														
19	19	27	27	0.0	0	0	Spanner	3/8	2	1	0													8	8
19	19	27	27	0.16666666666666666	0	0	Chord	3/8	2	1	1/24		1/16	2/3	163				27					8	8
19	19	163/6	163/6	0.16666666666666666	1/24	1/24	Chord	3/8	2	1	1/24		1/16	2/3	164				27					8	8
19	19	82/3	82/3	0.16666666666666666	1/12	1/12	Chord	3/8	2	1	1/24		1/16	2/3	165				27					8	8
19	19	55/2	55/2	0.25	1/8	1/8	Chord	3/8	2	1	1/16		1/16	1	166				27					8	8
19	19	111/4	111/4	0.25	3/16	3/16	Chord	3/8	2	1	1/16		1/16	1	167				27					8	8
19	19	28	28	0.25	1/4	1/4	Chord	3/8	2	1	1/16		1/16	1	168				27					8	8
19	19	113/4	113/4	0.25	5/16	5/16	Chord	3/8	2	1	1/16		1/16	1	169									8	8
20	20	59/2	59/2	0.0	1/4	1/4	StaffText	3/8	1	1	0							"<font size=""12""/>sempre dolce"							
20	20	59/2	59/2	0.5	1/4	1/4	Chord	3/8	1	1	1/8		1/8	1	170		articStaccatoAbove		28						
20	20	57/2	57/2	0.16666666666666666	0	0	Chord	3/8	2	1	1/24		1/16	2/3	171				29					8	8
20	20	86/3	86/3	0.16666666666666666	1/24	1/24	Chord	3/8	2	1	1/24		1/16	2/3	172				29					8	8
20	20	173/6	173/6	0.16666666666666666	1/12	1/12	Chord	3/8	2	1	1/24		1/16	2/3	173				29					8	8
20	20	29	29	0.25	1/8	1/8	Chord	3/8	2	1	1/16		1/16	1	174				29					8	8
20	20	117/4	117/4	0.25	3/16	3/16	Chord	3/8	2	1	1/16		1/16	1	175				29					8	8
20	20	59/2	59/2	0.25	1/4	1/4	Chord	3/8	2	1	1/16		1/16	1	176				29					8	8
20	20	119/4	119/4	0.25	5/16	5/16	Chord	3/8	2	1	1/16		1/16	1	177									8	8
21	21	30	30	0.5	0	0	Chord	3/8	1	1	1/8		1/8	1	178		articStaccatoAbove		28						
21	21	61/2	61/2	0.5	1/8	1/8	Chord	3/8	1	1	1/8		1/8	1	179		articStaccatoAbove		28						
21	21	31	31	0.5	1/4	1/4	Chord	3/8	1	1	1/8		1/8	1	180		articStaccatoAbove		28						
21	21	30	30	0.0	0	0	Spanner	3/8	2	1	0														
21	21	30	30	0.0	0	0	Spanner	3/8	2	1	0													9	9
21	21	30	30	0.16666666666666666	0	0	Chord	3/8	2	1	1/24		1/16	2/3	181				30					9	9
21	21	181/6	181/6	0.16666666666666666	1/24	1/24	Chord	3/8	2	1	1/24		1/16	2/3	182				30					9	9
21	21	91/3	91/3	0.16666666666666666	1/12	1/12	Chord	3/8	2	1	1/24		1/16	2/3	183				30					9	9
21	21	61/2	61/2	0.25	1/8	1/8	Chord	3/8	2	1	1/16		1/16	1	184				30					9	9
21	21	123/4	123/4	0.25	3/16	3/16	Chord	3/8	2	1	1/16		1/16	1	185				30					9	9
21	21	31	31	0.25	1/4	1/4	Chord	3/8	2	1	1/16		1/16	1	186				30					9	9
21	21	125/4	125/4	0.25	5/16	5/16	Chord	3/8	2	1	1/16		1/16	1	187									9	9
22	22	63/2	63/2	1.0	0	0	Chord	3/8	1	1	1/4		1/4	1	188		articStaccatoAbove		28						
22	22	65/2	65/2	0.5	1/4	1/4	Chord	3/8	1	1	1/8		1/8	1	189		articStaccatoAbove								
22	22	63/2	63/2	0.16666666666666666	0	0	Chord	3/8	2	1	1/24		1/16	2/3	190				31					9	9
22	22	95/3	95/3	0.16666666666666666	1/24	1/24	Chord	3/8	2	1	1/24		1/16	2/3	191				31					9	9
22	22	191/6	191/6	0.16666666666666666	1/12	1/12	Chord	3/8	2	1	1/24		1/16	2/3	192				31					9	9
22	22	32	32	0.25	1/8	1/8	Chord	3/8	2	1	1/16		1/16	1	193				31					9	9
22	22	129/4	129/4	0.25	3/16	3/16	Chord	3/8	2	1	1/16		1/16	1	194				31					9	9
22	22	65/2	65/2	0.25	1/4	1/4	Chord	3/8	2	1	1/16		1/16	1	195				31					9	9
22	22	131/4	131/4	0.25	5/16	5/16	Chord	3/8	2	1	1/16		1/16	1	196									9	9
23	23	33	33	1.0	0	0	Chord	3/8	1	1	1/4		1/4	1	197				32						
23	23	34	34	0.5	1/4	1/4	Chord	3/8	1	1	1/8		1/8	1	198										
23	23	33	33	0.0	0	0	Spanner	3/8	2	1	0														
23	23	33	33	0.0	0	0	Spanner	3/8	2	1	0													10	10
23	23	33	33	0.16666666666666666	0	0	Chord	3/8	2	1	1/24		1/16	2/3	199				33					10	10
23	23	199/6	199/6	0.16666666666666666	1/24	1/24	Chord	3/8	2	1	1/24		1/16	2/3	200				33					10	10
23	23	100/3	100/3	0.16666666666666666	1/12	1/12	Chord	3/8	2	1	1/24		1/16	2/3	201				33					10	10
23	23	67/2	67/2	0.25	1/8	1/8	Chord	3/8	2	1	1/16		1/16	1	202				33					10	10
23	23	135/4	135/4	0.25	3/16	3/16	Chord	3/8	2	1	1/16		1/16	1	203				33					10	10
23	23	34	34	0.25	1/4	1/4	Chord	3/8	2	1	1/16		1/16	1	204				33					10	10
23	23	137/4	137/4	0.25	5/16	5/16	Chord	3/8	2	1	1/16		1/16	1	205									10	10
24	24	69/2	69/2	1.0	0	0	Chord	3/8	1	1	1/4		1/4	1	206										
24	24	71/2	71/2	0.5	1/4	1/4	Chord	3/8	1	1	1/8		1/8	1	207		articStaccatoAbove		34						
24	24	69/2	69/2	0.16666666666666666	0	0	Chord	3/8	2	1	1/24		1/16	2/3	208				35					10	10
24	24	104/3	104/3	0.16666666666666666	1/24	1/24	Chord	3/8	2	1	1/24		1/16	2/3	209				35					10	10
24	24	209/6	209/6	0.16666666666666666	1/12	1/12	Chord	3/8	2	1	1/24		1/16	2/3	210				35					10	10
24	24	35	35	0.25	1/8	1/8	Chord	3/8	2	1	1/16		1/16	1	211				35					10	10
24	24	141/4	141/4	0.25	3/16	3/16	Chord	3/8	2	1	1/16		1/16	1	212				35					10	10
24	24	71/2	71/2	0.25	1/4	1/4	Chord	3/8	2	1	1/16		1/16	1	213				35					10	10
24	24	143/4	143/4	0.25	5/16	5/16	Chord	3/8	2	1	1/16		1/16	1	214									10	10
25	25	36	36	0.5	0	0	Chord	3/8	1	1	1/8		1/8	1	215		articStaccatoAbove		34						
25	25	73/2	73/2	0.5	1/8	1/8	Chord	3/8	1	1	1/8		1/8	1	216		articStaccatoAbove		34						
25	25	37	37	0.5	1/4	1/4	Chord	3/8	1	1	1/8		1/8	1	217		articStaccatoAbove								
25	25	36	36	0.0	0	0	Spanner	3/8	2	1	0														
25	25	36	36	0.0	0	0	Spanner	3/8	2	1	0													11	11
25	25	36	36	0.16666666666666666	0	0	Chord	3/8	2	1	1/24		1/16	2/3	218				36					11	11
25	25	217/6	217/6	0.16666666666666666	1/24	1/24	Chord	3/8	2	1	1/24		1/16	2/3	219				36					11	11
25	25	109/3	109/3	0.16666666666666666	1/12	1/12	Chord	3/8	2	1	1/24		1/16	2/3	220				36					11	11
25	25	73/2	73/2	0.25	1/8	1/8	Chord	3/8	2	1	1/16		1/16	1	221				36					11	11
25	25	147/4	147/4	0.25	3/16	3/16	Chord	3/8	2	1	1/16		1/16	1	222				36					11	11
25	25	37	37	0.25	1/4	1/4	Chord	3/8	2	1	1/16		1/16	1	223				36					11	11
25	25	149/4	149/4	0.25	5/16	5/16	Chord	3/8	2	1	1/16		1/16	1	224									11	11
26	26	75/2	75/2	1.0	0	0	Chord	3/8	1	1	1/4		1/4	1	225				37						
26	26	77/2	77/2	0.5	1/4	1/4	Chord	3/8	1	1	1/8		1/8	1	226		articStaccatoAbove								
26	26	75/2	75/2	0.16666666666666666	0	0	Chord	3/8	2	1	1/24		1/16	2/3	227				38					11	11
26	26	113/3	113/3	0.16666666666666666	1/24	1/24	Chord	3/8	2	1	1/24		1/16	2/3	228				38					11	11
26	26	227/6	227/6	0.16666666666666666	1/12	1/12	Chord	3/8	2	1	1/24		1/16	2/3	229				38					11	11
26	26	38	38	0.25	1/8	1/8	Chord	3/8	2	1	1/16		1/16	1	230				38					11	11
26	26	153/4	153/4	0.25	3/16	3/16	Chord	3/8	2	1	1/16		1/16	1	231				38					11	11
26	26	77/2	77/2	0.25	1/4	1/4	Chord	3/8	2	1	1/16		1/16	1	232				38					11	11
26	26	155/4	155/4	0.25	5/16	5/16	Chord	3/8	2	1	1/16		1/16	1	233									11	11
27	27	39	39	0.5	0	0	Chord	3/8	1	1	1/8		1/8	1	234		articStaccatoAbove		39						
27	27	79/2	79/2	0.5	1/8	1/8	Chord	3/8	1	1	1/8		1/8	1	235		articStaccatoAbove		39						
27	27	40	40	0.5	1/4	1/4	Chord	3/8	1	1	1/8		1/8	1	236		articStaccatoAbove								
27	27	39	39	0.0	0	0	Spanner	3/8	2	1	0													12	12
27	27	39	39	0.0	0	0	Spanner	3/8	2	1	0													12	12
27	27	39	39	0.16666666666666666	0	0	Chord	3/8	2	1	1/24		1/16	2/3	237				40					12	12
27	27	235/6	235/6	0.16666666666666666	1/24	1/24	Chord	3/8	2	1	1/24		1/16	2/3	238				40					12	12
27	27	118/3	118/3	0.16666666666666666	1/12	1/12	Chord	3/8	2	1	1/24		1/16	2/3	239				40					12	12
27	27	79/2	79/2	0.25	1/8	1/8	Chord	3/8	2	1	1/16		1/16	1	240				40					12	12
27	27	159/4	159/4	0.25	3/16	3/16	Chord	3/8	2	1	1/16		1/16	1	241				40					12	12
27	27	40	40	0.25	1/4	1/4	Chord	3/8	2	1	1/16		1/16	1	242				40					12	12
27	27	161/4	161/4	0.25	5/16	5/16	Chord	3/8	2	1	1/16		1/16	1	243									12	12
28	28	81/2	81/2	1.0	0	0	Chord	3/8	1	1	1/4		1/4	1	244										
28	28	83/2	83/2	0.5	1/4	1/4	Chord	3/8	1	1	1/8		1/8	1	245										
28	28	81/2	81/2	0.16666666666666666	0	0	Chord	3/8	2	1	1/24		1/16	2/3	246				41					12	12
28	28	122/3	122/3	0.16666666666666666	1/24	1/24	Chord	3/8	2	1	1/24		1/16	2/3	247				41					12	12
28	28	245/6	245/6	0.16666666666666666	1/12	1/12	Chord	3/8	2	1	1/24		1/16	2/3	248				41					12	12
28	28	41	41	0.25	1/8	1/8	Chord	3/8	2	1	1/16		1/16	1	249				41					12	12
28	28	165/4	165/4	0.25	3/16	3/16	Chord	3/8	2	1	1/16		1/16	1	250				41					12	12
28	28	83/2	83/2	0.25	1/4	1/4	Chord	3/8	2	1	1/16		1/16	1	251				41					12	12
28	28	167/4	167/4	0.25	5/16	5/16	Chord	3/8	2	1	1/16		1/16	1	252									12	12
29	29	42	42	0.5	0	0	Chord	3/8	1	1	1/8		1/8	1	253		articStaccatoAbove		42						
29	29	85/2	85/2	0.5	1/8	1/8	Chord	3/8	1	1	1/8		1/8	1	254		articStaccatoAbove		42						
29	29	43	43	0.5	1/4	1/4	Chord	3/8	1	1	1/8		1/8	1	255		articStaccatoAbove		42						
29	29	42	42	0.0	0	0	Spanner	3/8	2	1	0														
29	29	42	42	0.0	0	0	Spanner	3/8	2	1	0													13	13
29	29	42	42	0.16666666666666666	0	0	Chord	3/8	2	1	1/24		1/16	2/3	256				43					13	13
29	29	253/6	253/6	0.16666666666666666	1/24	1/24	Chord	3/8	2	1	1/24		1/16	2/3	257				43					13	13
29	29	127/3	127/3	0.16666666666666666	1/12	1/12	Chord	3/8	2	1	1/24		1/16	2/3	258				43					13	13
29	29	85/2	85/2	0.0	1/8	1/8	Spanner	3/8	2	1	0								43			1		13	13
29	29	85/2	85/2	0.25	1/8	1/8	Chord	3/8	2	1	1/16		1/16	1	259				43			1		13	13
29	29	171/4	171/4	0.25	3/16	3/16	Chord	3/8	2	1	1/16		1/16	1	260				43			1		13	13
29	29	43	43	0.25	1/4	1/4	Chord	3/8	2	1	1/16		1/16	1	261				43			1		13	13
29	29	173/4	173/4	0.25	5/16	5/16	Chord	3/8	2	1	1/16		1/16	1	262							1		13	13
30	30	87/2	87/2	1.0	0	0	Chord	3/8	1	1	1/4		1/4	1	263		articStaccatoAbove		42						
30	30	89/2	89/2	0.5	1/4	1/4	Chord	3/8	1	1	1/8		1/8	1	264		articStaccatoAbove								
30	30	87/2	87/2	0.16666666666666666	0	0	Chord	3/8	2	1	1/24		1/16	2/3	265				44			1		13	13
30	30	131/3	131/3	0.16666666666666666	1/24	1/24	Chord	3/8	2	1	1/24		1/16	2/3	266				44			1		13	13
30	30	263/6	263/6	0.16666666666666666	1/12	1/12	Chord	3/8	2	1	1/24		1/16	2/3	267				44			1		13	13
30	30	44	44	0.25	1/8	1/8	Chord	3/8	2	1	1/16		1/16	1	268				44			1		13	13
30	30	177/4	177/4	0.25	3/16	3/16	Chord	3/8	2	1	1/16		1/16	1	269				44			1		13	13
30	30	89/2	89/2	0.25	1/4	1/4	Chord	3/8	2	1	1/16		1/16	1	270				44			1		13	13
30	30	179/4	179/4	0.0	5/16	5/16	Spanner	3/8	2	1	0													13	13
30	30	179/4	179/4	0.25	5/16	5/16	Chord	3/8	2	1	1/16		1/16	1	271									13	13
31	31	45	45	1.0	0	0	Chord	3/8	1	1	1/4		1/4	1	272				45						
31	31	46	46	0.5	1/4	1/4	Chord	3/8	1	1	1/8		1/8	1	273										
31	31	45	45	0.0	0	0	Spanner	3/8	2	1	0														
31	31	45	45	0.0	0	0	Spanner	3/8	2	1	0									1					
31	31	45	45	0.0	0	0	Spanner	3/8	2	1	0									1				14	14
31	31	45	45	0.16666666666666666	0	0	Chord	3/8	2	1	1/24		1/16	2/3	274				46	1				14	14
31	31	271/6	271/6	0.16666666666666666	1/24	1/24	Chord	3/8	2	1	1/24		1/16	2/3	275				46	1				14	14
31	31	136/3	136/3	0.16666666666666666	1/12	1/12	Chord	3/8	2	1	1/24		1/16	2/3	276				46	1				14	14
31	31	91/2	91/2	0.25	1/8	1/8	Chord	3/8	2	1	1/16		1/16	1	277				46	1				14	14
31	31	183/4	183/4	0.25	3/16	3/16	Chord	3/8	2	1	1/16		1/16	1	278				46	1				14	14
31	31	46	46	0.25	1/4	1/4	Chord	3/8	2	1	1/16		1/16	1	279				46	1				14	14
31	31	185/4	185/4	0.0	5/16	5/16	Spanner	3/8	2	1	0													14	14
31	31	185/4	185/4	0.25	5/16	5/16	Chord	3/8	2	1	1/16		1/16	1	280									14	14
32	32	93/2	93/2	1.0	0	0	Chord	3/8	1	1	1/4		1/4	1	281										
32	32	95/2	95/2	0.5	1/4	1/4	Chord	3/8	1	1	1/8		1/8	1	282		articStaccatoAbove		47						
32	32	93/2	93/2	0.16666666666666666	0	0	Chord	3/8	2	1	1/24		1/16	2/3	283				48					14	14
32	32	140/3	140/3	0.16666666666666666	1/24	1/24	Chord	3/8	2	1	1/24		1/16	2/3	284				48					14	14
32	32	281/6	281/6	0.16666666666666666	1/12	1/12	Chord	3/8	2	1	1/24		1/16	2/3	285				48					14	14
32	32	47	47	0.25	1/8	1/8	Chord	3/8	2	1	1/16		1/16	1	286				48					14	14
32	32	189/4	189/4	0.25	3/16	3/16	Chord	3/8	2	1	1/16		1/16	1	287				48					14	14
32	32	95/2	95/2	0.25	1/4	1/4	Chord	3/8	2	1	1/16		1/16	1	288				48					14	14
32	32	191/4	191/4	0.25	5/16	5/16	Chord	3/8	2	1	1/16		1/16	1	289									14	14
33	33	48	48	0.5	0	0	Chord	3/8	1	1	1/8		1/8	1	290		articStaccatoAbove		47						
33	33	97/2	97/2	0.5	1/8	1/8	Chord	3/8	1	1	1/8		1/8	1	291		articStaccatoAbove		47						
33	33	49	49	0.5	1/4	1/4	Chord	3/8	1	1	1/8		1/8	1	292		articStaccatoAbove								
33	33	48	48	0.0	0	0	Spanner	3/8	2	1	0														
33	33	48	48	0.0	0	0	Spanner	3/8	2	1	0													15	15
33	33	48	48	0.16666666666666666	0	0	Chord	3/8	2	1	1/24		1/16	2/3	293				49					15	15
33	33	289/6	289/6	0.16666666666666666	1/24	1/24	Chord	3/8	2	1	1/24		1/16	2/3	294				49					15	15
33	33	145/3	145/3	0.16666666666666666	1/12	1/12	Chord	3/8	2	1	1/24		1/16	2/3	295				49					15	15
33	33	97/2	97/2	0.25	1/8	1/8	Chord	3/8	2	1	1/16		1/16	1	296				49					15	15
33	33	195/4	195/4	0.25	3/16	3/16	Chord	3/8	2	1	1/16		1/16	1	297				49					15	15
33	33	49	49	0.25	1/4	1/4	Chord	3/8	2	1	1/16		1/16	1	298				49					15	15
33	33	197/4	197/4	0.25	5/16	5/16	Chord	3/8	2	1	1/16		1/16	1	299									15	15
34	34	99/2	99/2	0.5	0	0	Chord	3/8	1	1	1/8		1/8	1	300		articStaccatoAbove		50						
34	34	50	50	0.75	1/8	1/8	Chord	3/8	1	1	3/16		1/8	3/2	301		articStaccatoAbove		50						
34	34	203/4	203/4	0.25	5/16	5/16	Chord	3/8	1	1	1/16		1/16	1	302		articStaccatoAbove								
34	34	99/2	99/2	0.16666666666666666	0	0	Chord	3/8	2	1	1/24		1/16	2/3	303				51					15	15
34	34	149/3	149/3	0.16666666666666666	1/24	1/24	Chord	3/8	2	1	1/24		1/16	2/3	304				51					15	15
34	34	299/6	299/6	0.16666666666666666	1/12	1/12	Chord	3/8	2	1	1/24		1/16	2/3	305				51					15	15
34	34	50	50	0.25	1/8	1/8	Chord	3/8	2	1	1/16		1/16	1	306				51					15	15
34	34	201/4	201/4	0.25	3/16	3/16	Chord	3/8	2	1	1/16		1/16	1	307				51					15	15
34	34	101/2	101/2	0.25	1/4	1/4	Chord	3/8	2	1	1/16		1/16	1	308				51					15	15
34	34	203/4	203/4	0.25	5/16	5/16	Chord	3/8	2	1	1/16		1/16	1	309									15	15
35	35	51	51	1.5	0	0	Chord	3/8	1	1	3/8		1/4	3/2	310										
35	35	51	51	0.0	0	0	Spanner	3/8	2	1	0														
35	35	51	51	0.0	0	0	Spanner	3/8	2	1	0													16	16
35	35	51	51	0.16666666666666666	0	0	Chord	3/8	2	1	1/24		1/16	2/3	311				52					16	16
35	35	307/6	307/6	0.16666666666666666	1/24	1/24	Chord	3/8	2	1	1/24		1/16	2/3	312				52					16	16
35	35	154/3	154/3	0.16666666666666666	1/12	1/12	Chord	3/8	2	1	1/24		1/16	2/3	313				52					16	16
35	35	103/2	103/2	0.25	1/8	1/8	Chord	3/8	2	1	1/16		1/16	1	314				52					16	16
35	35	207/4	207/4	0.25	3/16	3/16	Chord	3/8	2	1	1/16		1/16	1	315				52					16	16
35	35	52	52	0.25	1/4	1/4	Chord	3/8	2	1	1/16		1/16	1	316				52					16	16
35	35	209/4	209/4	0.25	5/16	5/16	Chord	3/8	2	1	1/16		1/16	1	317									16	16
36	36	107/2	107/2	0.0	1/4	1/4	StaffText	3/8	1	1	0							"<font size=""12""/>un poco marcato"							
36	36	107/2	107/2	0.5	1/4	1/4	Chord	3/8	1	1	1/8		1/8	1	318										
36	36	105/2	105/2	0.16666666666666666	0	0	Chord	3/8	2	1	1/24		1/16	2/3	319				53					16	16
36	36	158/3	158/3	0.16666666666666666	1/24	1/24	Chord	3/8	2	1	1/24		1/16	2/3	320				53					16	16
36	36	317/6	317/6	0.16666666666666666	1/12	1/12	Chord	3/8	2	1	1/24		1/16	2/3	321				53					16	16
36	36	53	53	0.25	1/8	1/8	Chord	3/8	2	1	1/16		1/16	1	322				53					16	16
36	36	213/4	213/4	0.25	3/16	3/16	Chord	3/8	2	1	1/16		1/16	1	323				53					16	16
36	36	107/2	107/2	0.25	1/4	1/4	Chord	3/8	2	1	1/16		1/16	1	324				53					16	16
36	36	215/4	215/4	0.25	5/16	5/16	Chord	3/8	2	1	1/16		1/16	1	325									16	16
37	37	54	54	0.5	0	0	Chord	3/8	1	1	1/8		1/8	1	326				54						
37	37	109/2	109/2	0.5	1/8	1/8	Chord	3/8	1	1	1/8		1/8	1	327				54						
37	37	55	55	0.5	1/4	1/4	Chord	3/8	1	1	1/8		1/8	1	328				54						
37	37	54	54	0.0	0	0	StaffText	3/8	2	1	0							sempre dolcissimo							
37	37	54	54	0.0	0	0	Spanner	3/8	2	1	0														
37	37	54	54	0.0	0	0	Spanner	3/8	2	1	0													17	17
37	37	54	54	0.16666666666666666	0	0	Chord	3/8	2	1	1/24		1/16	2/3	329				55					17	17
37	37	325/6	325/6	0.16666666666666666	1/24	1/24	Chord	3/8	2	1	1/24		1/16	2/3	330				55					17	17
37	37	163/3	163/3	0.16666666666666666	1/12	1/12	Chord	3/8	2	1	1/24		1/16	2/3	331				55					17	17
37	37	109/2	109/2	0.25	1/8	1/8	Chord	3/8	2	1	1/16		1/16	1	332				55					17	17
37	37	219/4	219/4	0.25	3/16	3/16	Chord	3/8	2	1	1/16		1/16	1	333				55					17	17
37	37	55	55	0.25	1/4	1/4	Chord	3/8	2	1	1/16		1/16	1	334				55					17	17
37	37	221/4	221/4	0.25	5/16	5/16	Chord	3/8	2	1	1/16		1/16	1	335									17	17
38	38	111/2	111/2	1.0	0	0	Chord	3/8	1	1	1/4		1/4	1	336				54						
38	38	113/2	113/2	0.5	1/4	1/4	Chord	3/8	1	1	1/8		1/8	1	337										
38	38	111/2	111/2	0.16666666666666666	0	0	Chord	3/8	2	1	1/24		1/16	2/3	338				56					17	17
38	38	167/3	167/3	0.16666666666666666	1/24	1/24	Chord	3/8	2	1	1/24		1/16	2/3	339				56					17	17
38	38	335/6	335/6	0.16666666666666666	1/12	1/12	Chord	3/8	2	1	1/24		1/16	2/3	340				56					17	17
38	38	56	56	0.25	1/8	1/8	Chord	3/8	2	1	1/16		1/16	1	341				56					17	17
38	38	225/4	225/4	0.25	3/16	3/16	Chord	3/8	2	1	1/16		1/16	1	342				56					17	17
38	38	113/2	113/2	0.25	1/4	1/4	Chord	3/8	2	1	1/16		1/16	1	343				56					17	17
38	38	227/4	227/4	0.25	5/16	5/16	Chord	3/8	2	1	1/16		1/16	1	344									17	17
39	39	57	57	0.0	0	0	Spanner	3/8	1	1	0									2					
39	39	57	57	1.0	0	0	Chord	3/8	1	1	1/4		1/4	1	345		articAccentAbove		57	2					
39	39	58	58	0.5	1/4	1/4	Chord	3/8	1	1	1/8		1/8	1	346				57	2					
39	39	57	57	0.0	0	0	Spanner	3/8	2	1	0														
39	39	57	57	0.0	0	0	Spanner	3/8	2	1	0													18	18
39	39	57	57	0.16666666666666666	0	0	Chord	3/8	2	1	1/24		1/16	2/3	347				58					18	18
39	39	343/6	343/6	0.16666666666666666	1/24	1/24	Chord	3/8	2	1	1/24		1/16	2/3	348				58					18	18
39	39	172/3	172/3	0.16666666666666666	1/12	1/12	Chord	3/8	2	1	1/24		1/16	2/3	349				58					18	18
39	39	115/2	115/2	0.25	1/8	1/8	Chord	3/8	2	1	1/16		1/16	1	350				58					18	18
39	39	231/4	231/4	0.25	3/16	3/16	Chord	3/8	2	1	1/16		1/16	1	351				58					18	18
39	39	58	58	0.25	1/4	1/4	Chord	3/8	2	1	1/16		1/16	1	352				58					18	18
39	39	233/4	233/4	0.25	5/16	5/16	Chord	3/8	2	1	1/16		1/16	1	353									18	18
40	40	117/2	117/2	0.0	0	0	Spanner	3/8	1	1	0														
40	40	117/2	117/2	1.5	0	0	Chord	3/8	1	1	3/8		1/4	3/2	354										
40	40	117/2	117/2	0.16666666666666666	0	0	Chord	3/8	2	1	1/24		1/16	2/3	355				59					18	18
40	40	176/3	176/3	0.16666666666666666	1/24	1/24	Chord	3/8	2	1	1/24		1/16	2/3	356				59					18	18
40	40	353/6	353/6	0.16666666666666666	1/12	1/12	Chord	3/8	2	1	1/24		1/16	2/3	357				59					18	18
40	40	59	59	0.25	1/8	1/8	Chord	3/8	2	1	1/16		1/16	1	358				59					18	18
40	40	237/4	237/4	0.25	3/16	3/16	Chord	3/8	2	1	1/16		1/16	1	359				59					18	18
40	40	119/2	119/2	0.25	1/4	1/4	Chord	3/8	2	1	1/16		1/16	1	360				59					18	18
40	40	239/4	239/4	0.25	5/16	5/16	Chord	3/8	2	1	1/16		1/16	1	361									18	18
41	41	60	60	0.5	0	0	Chord	3/8	1	1	1/8		1/8	1	362				60						
41	41	121/2	121/2	0.0	1/8	1/8	Spanner	3/8	1	1	0								60			2			
41	41	121/2	121/2	0.5	1/8	1/8	Chord	3/8	1	1	1/8		1/8	1	363				60			2			
41	41	61	61	0.5	1/4	1/4	Chord	3/8	1	1	1/8		1/8	1	364				60			2			
41	41	60	60	0.0	0	0	Spanner	3/8	2	1	0														
41	41	60	60	0.0	0	0	Spanner	3/8	2	1	0													19	19
41	41	60	60	0.16666666666666666	0	0	Chord	3/8	2	1	1/24		1/16	2/3	365				61					19	19
41	41	361/6	361/6	0.16666666666666666	1/24	1/24	Chord	3/8	2	1	1/24		1/16	2/3	366				61					19	19
41	41	181/3	181/3	0.16666666666666666	1/12	1/12	Chord	3/8	2	1	1/24		1/16	2/3	367				61					19	19
41	41	121/2	121/2	0.25	1/8	1/8	Chord	3/8	2	1	1/16		1/16	1	368				61					19	19
41	41	243/4	243/4	0.25	3/16	3/16	Chord	3/8	2	1	1/16		1/16	1	369				61					19	19
41	41	61	61	0.25	1/4	1/4	Chord	3/8	2	1	1/16		1/16	1	370				61					19	19
41	41	245/4	245/4	0.25	5/16	5/16	Chord	3/8	2	1	1/16		1/16	1	371									19	19
42	42	123/2	123/2	1.0	0	0	Chord	3/8	1	1	1/4		1/4	1	372				60			2			
42	42	125/2	125/2	0.5	1/4	1/4	Chord	3/8	1	1	1/8		1/8	1	373							2			
42	42	123/2	123/2	0.16666666666666666	0	0	Chord	3/8	2	1	1/24		1/16	2/3	374				62					19	19
42	42	185/3	185/3	0.16666666666666666	1/24	1/24	Chord	3/8	2	1	1/24		1/16	2/3	375				62					19	19
42	42	371/6	371/6	0.16666666666666666	1/12	1/12	Chord	3/8	2	1	1/24		1/16	2/3	376				62					19	19
42	42	62	62	0.25	1/8	1/8	Chord	3/8	2	1	1/16		1/16	1	377				62					19	19
42	42	249/4	249/4	0.25	3/16	3/16	Chord	3/8	2	1	1/16		1/16	1	378				62					19	19
42	42	125/2	125/2	0.25	1/4	1/4	Chord	3/8	2	1	1/16		1/16	1	379				62					19	19
42	42	251/4	251/4	0.25	5/16	5/16	Chord	3/8	2	1	1/16		1/16	1	380									19	19
43	43	63	63	0.0	0	0	Spanner	3/8	1	1	0														
43	43	63	63	1.0	0	0	Chord	3/8	1	1	1/4		1/4	1	381				63						
43	43	64	64	0.5	1/4	1/4	Chord	3/8	1	1	1/8		1/8	1	382				63						
43	43	63	63	0.0	0	0	Spanner	3/8	2	1	0														
43	43	63	63	0.0	0	0	Spanner	3/8	2	1	0													20	20
43	43	63	63	0.16666666666666666	0	0	Chord	3/8	2	1	1/24		1/16	2/3	383				64					20	20
43	43	379/6	379/6	0.16666666666666666	1/24	1/24	Chord	3/8	2	1	1/24		1/16	2/3	384				64					20	20
43	43	190/3	190/3	0.16666666666666666	1/12	1/12	Chord	3/8	2	1	1/24		1/16	2/3	385				64					20	20
43	43	127/2	127/2	0.25	1/8	1/8	Chord	3/8	2	1	1/16		1/16	1	386				64					20	20
43	43	255/4	255/4	0.25	3/16	3/16	Chord	3/8	2	1	1/16		1/16	1	387				64					20	20
43	43	64	64	0.25	1/4	1/4	Chord	3/8	2	1	1/16		1/16	1	388				64					20	20
43	43	257/4	257/4	0.25	5/16	5/16	Chord	3/8	2	1	1/16		1/16	1	389									20	20
44	44	129/2	129/2	0.0	0	0	Spanner	3/8	1	1	0									3					
44	44	129/2	129/2	1.0	0	0	Chord	3/8	1	1	1/4		1/4	1	390					3					
44	44	525/8	525/8	0.0	9/32	9/32	Chord	3/8	1	1	0	acciaccatura	1/8	1	391					3					
44	44	525/8	525/8	0.125	9/32	9/32	Chord	3/8	1	1	1/32		1/32	1	392					3					
44	44	263/4	263/4	0.0	5/16	5/16	Spanner	3/8	1	1	0														
44	44	263/4	263/4	0.125	5/16	5/16	Chord	3/8	1	1	1/32		1/32	1	393										
44	44	527/8	527/8	0.125	11/32	11/32	Chord	3/8	1	1	1/32		1/32	1	394										
44	44	129/2	129/2	0.16666666666666666	0	0	Chord	3/8	2	1	1/24		1/16	2/3	395				65					20	20
44	44	194/3	194/3	0.16666666666666666	1/24	1/24	Chord	3/8	2	1	1/24		1/16	2/3	396				65					20	20
44	44	389/6	389/6	0.16666666666666666	1/12	1/12	Chord	3/8	2	1	1/24		1/16	2/3	397				65					20	20
44	44	65	65	0.25	1/8	1/8	Chord	3/8	2	1	1/16		1/16	1	398				65					20	20
44	44	261/4	261/4	0.25	3/16	3/16	Chord	3/8	2	1	1/16		1/16	1	399				65					20	20
44	44	131/2	131/2	0.25	1/4	1/4	Chord	3/8	2	1	1/16		1/16	1	400				65					20	20
44	44	263/4	263/4	0.25	5/16	5/16	Chord	3/8	2	1	1/16		1/16	1	401									20	20
45	45	66	66	1.0	0	0	Chord	3/8	1	1	1/4		1/4	1	402				66						
45	45	67	67	0.5	1/4	1/4	Chord	3/8	1	1	1/8		1/8	1	403		articStaccatoAbove								
45	45	66	66	0.0	0	0	Spanner	3/8	2	1	0														
45	45	66	66	0.0	0	0	Spanner	3/8	2	1	0													21	21
45	45	66	66	0.16666666666666666	0	0	Chord	3/8	2	1	1/24		1/16	2/3	404				67					21	21
45	45	397/6	397/6	0.16666666666666666	1/24	1/24	Chord	3/8	2	1	1/24		1/16	2/3	405				67					21	21
45	45	199/3	199/3	0.16666666666666666	1/12	1/12	Chord	3/8	2	1	1/24		1/16	2/3	406				67					21	21
45	45	133/2	133/2	0.25	1/8	1/8	Chord	3/8	2	1	1/16		1/16	1	407				67					21	21
45	45	267/4	267/4	0.25	3/16	3/16	Chord	3/8	2	1	1/16		1/16	1	408				67					21	21
45	45	67	67	0.25	1/4	1/4	Chord	3/8	2	1	1/16		1/16	1	409				67					21	21
45	45	269/4	269/4	0.25	5/16	5/16	Chord	3/8	2	1	1/16		1/16	1	410									21	21
46	46	135/2	135/2	1.0	0	0	Chord	3/8	1	1	1/4		1/4	1	411				68						
46	46	137/2	137/2	0.5	1/4	1/4	Chord	3/8	1	1	1/8		1/8	1	412		articStaccatoAbove								
46	46	135/2	135/2	0.0	0	0	Spanner	3/8	2	1	0														
46	46	135/2	135/2	0.0	0	0	Spanner	3/8	2	1	0													22	22
46	46	135/2	135/2	0.16666666666666666	0	0	Chord	3/8	2	1	1/24		1/16	2/3	413				69					22	22
46	46	203/3	203/3	0.16666666666666666	1/24	1/24	Chord	3/8	2	1	1/24		1/16	2/3	414				69					22	22
46	46	407/6	407/6	0.16666666666666666	1/12	1/12	Chord	3/8	2	1	1/24		1/16	2/3	415				69					22	22
46	46	68	68	0.25	1/8	1/8	Chord	3/8	2	1	1/16		1/16	1	416				69					22	22
46	46	273/4	273/4	0.25	3/16	3/16	Chord	3/8	2	1	1/16		1/16	1	417				69					22	22
46	46	137/2	137/2	0.25	1/4	1/4	Chord	3/8	2	1	1/16		1/16	1	418				69					22	22
46	46	275/4	275/4	0.25	5/16	5/16	Chord	3/8	2	1	1/16		1/16	1	419									22	22
47	47	69	69	1.0	0	0	Chord	3/8	1	1	1/4		1/4	1	420				70						
47	47	70	70	0.5	1/4	1/4	Chord	3/8	1	1	1/8		1/8	1	421		articStaccatoAbove								
47	47	69	69	0.0	0	0	Spanner	3/8	2	1	0														
47	47	69	69	0.0	0	0	Spanner	3/8	2	1	0													23	23
47	47	69	69	0.16666666666666666	0	0	Chord	3/8	2	1	1/24		1/16	2/3	422				71					23	23
47	47	415/6	415/6	0.16666666666666666	1/24	1/24	Chord	3/8	2	1	1/24		1/16	2/3	423				71					23	23
47	47	208/3	208/3	0.16666666666666666	1/12	1/12	Chord	3/8	2	1	1/24		1/16	2/3	424				71					23	23
47	47	139/2	139/2	0.25	1/8	1/8	Chord	3/8	2	1	1/16		1/16	1	425				71					23	23
47	47	279/4	279/4	0.25	3/16	3/16	Chord	3/8	2	1	1/16		1/16	1	426				71					23	23
47	47	70	70	0.25	1/4	1/4	Chord	3/8	2	1	1/16		1/16	1	427				71					23	23
47	47	281/4	281/4	0.25	5/16	5/16	Chord	3/8	2	1	1/16		1/16	1	428									23	23
48	48	141/2	141/2	0.0	0	0	Chord	3/8	1	1	0	acciaccatura	1/8	1	429										
48	48	141/2	141/2	1.5	0	0	Chord	3/8	1	1	3/8		1/4	3/2	430										
48	48	141/2	141/2	0.0	0	0	Spanner	3/8	2	1	0														
48	48	141/2	141/2	0.0	0	0	Spanner	3/8	2	1	0													24	24
48	48	141/2	141/2	0.16666666666666666	0	0	Chord	3/8	2	1	1/24		1/16	2/3	431				72					24	24
48	48	212/3	212/3	0.16666666666666666	1/24	1/24	Chord	3/8	2	1	1/24		1/16	2/3	432				72					24	24
48	48	425/6	425/6	0.16666666666666666	1/12	1/12	Chord	3/8	2	1	1/24		1/16	2/3	433				72					24	24
48	48	71	71	0.25	1/8	1/8	Chord	3/8	2	1	1/16		1/16	1	434				72					24	24
48	48	285/4	285/4	0.25	3/16	3/16	Chord	3/8	2	1	1/16		1/16	1	435				72					24	24
48	48	143/2	143/2	0.25	1/4	1/4	Chord	3/8	2	1	1/16		1/16	1	436				72					24	24
48	48	287/4	287/4	0.25	5/16	5/16	Chord	3/8	2	1	1/16		1/16	1	437									24	24
49	49	72	72	1.0	0	0	Chord	3/8	1	1	1/4		1/4	1	438				73						
49	49	73	73	0.5	1/4	1/4	Chord	3/8	1	1	1/8		1/8	1	439		articStaccatoAbove								
49	49	72	72	0.0	0	0	Spanner	3/8	2	1	0														
49	49	72	72	0.0	0	0	Spanner	3/8	2	1	0													25	25
49	49	72	72	0.16666666666666666	0	0	Chord	3/8	2	1	1/24		1/16	2/3	440				74					25	25
49	49	433/6	433/6	0.16666666666666666	1/24	1/24	Chord	3/8	2	1	1/24		1/16	2/3	441				74					25	25
49	49	217/3	217/3	0.16666666666666666	1/12	1/12	Chord	3/8	2	1	1/24		1/16	2/3	442				74					25	25
49	49	145/2	145/2	0.25	1/8	1/8	Chord	3/8	2	1	1/16		1/16	1	443				74					25	25
49	49	291/4	291/4	0.25	3/16	3/16	Chord	3/8	2	1	1/16		1/16	1	444				74					25	25
49	49	73	73	0.25	1/4	1/4	Chord	3/8	2	1	1/16		1/16	1	445				74					25	25
49	49	293/4	293/4	0.25	5/16	5/16	Chord	3/8	2	1	1/16		1/16	1	446									25	25
50	50	147/2	147/2	1.0	0	0	Chord	3/8	1	1	1/4		1/4	1	447				75						
50	50	149/2	149/2	0.0	1/4	1/4	StaffText	3/8	1	1	0							poco cresc.							
50	50	149/2	149/2	0.5	1/4	1/4	Chord	3/8	1	1	1/8		1/8	1	448		articStaccatoAbove								
50	50	147/2	147/2	0.0	0	0	Spanner	3/8	2	1	0														
50	50	147/2	147/2	0.0	0	0	Spanner	3/8	2	1	0													26	26
50	50	147/2	147/2	0.16666666666666666	0	0	Chord	3/8	2	1	1/24		1/16	2/3	449				76					26	26
50	50	221/3	221/3	0.16666666666666666	1/24	1/24	Chord	3/8	2	1	1/24		1/16	2/3	450				76					26	26
50	50	443/6	443/6	0.16666666666666666	1/12	1/12	Chord	3/8	2	1	1/24		1/16	2/3	451				76					26	26
50	50	74	74	0.25	1/8	1/8	Chord	3/8	2	1	1/16		1/16	1	452				76					26	26
50	50	297/4	297/4	0.25	3/16	3/16	Chord	3/8	2	1	1/16		1/16	1	453				76					26	26
50	50	149/2	149/2	0.25	1/4	1/4	Chord	3/8	2	1	1/16		1/16	1	454				76					26	26
50	50	299/4	299/4	0.25	5/16	5/16	Chord	3/8	2	1	1/16		1/16	1	455									26	26
51	51	75	75	1.0	0	0	Chord	3/8	1	1	1/4		1/4	1	456				77						
51	51	76	76	0.5	1/4	1/4	Chord	3/8	1	1	1/8		1/8	1	457		articStaccatoAbove								
51	51	75	75	0.0	0	0	Spanner	3/8	2	1	0														
51	51	75	75	0.0	0	0	Spanner	3/8	2	1	0													27	27
51	51	75	75	0.16666666666666666	0	0	Chord	3/8	2	1	1/24		1/16	2/3	458				78					27	27
51	51	451/6	451/6	0.16666666666666666	1/24	1/24	Chord	3/8	2	1	1/24		1/16	2/3	459				78					27	27
51	51	226/3	226/3	0.16666666666666666	1/12	1/12	Chord	3/8	2	1	1/24		1/16	2/3	460				78					27	27
51	51	151/2	151/2	0.25	1/8	1/8	Chord	3/8	2	1	1/16		1/16	1	461				78					27	27
51	51	303/4	303/4	0.25	3/16	3/16	Chord	3/8	2	1	1/16		1/16	1	462				78					27	27
51	51	76	76	0.25	1/4	1/4	Chord	3/8	2	1	1/16		1/16	1	463				78					27	27
51	51	305/4	305/4	0.25	5/16	5/16	Chord	3/8	2	1	1/16		1/16	1	464									27	27
52	52	153/2	153/2	0.0	0	0	Spanner	3/8	1	1	0												0		
52	52	153/2	153/2	0.125	0	0	Chord	3/8	1	1	1/32		1/32	1	465				79				0		
52	52	613/8	613/8	0.125	1/32	1/32	Chord	3/8	1	1	1/32		1/32	1	466				79				0		
52	52	307/4	307/4	0.125	1/16	1/16	Chord	3/8	1	1	1/32		1/32	1	467				79				0		
52	52	615/8	615/8	0.125	3/32	3/32	Chord	3/8	1	1	1/32		1/32	1	468								0		
52	52	153/2	153/2	0.5	0	0	Chord	3/8	1	2	1/8		1/8	1	469								0		
52	52	77	77	0.5	1/8	1/8	Chord	3/8	1	2	1/8		1/8	1	470								0		
52	52	155/2	155/2	0.5	1/4	1/4	Chord	3/8	1	2	1/8		1/8	1	471								0		
52	52	153/2	153/2	0.0	0	0	Spanner	3/8	2	1	0														
52	52	155/2	155/2	0.5	1/4	1/4	Chord	3/8	2	1	1/8		1/8	1	472										
52	52	153/2	153/2	0.16666666666666666	0	0	Chord	3/8	2	2	1/24		1/16	2/3	473				80						
52	52	230/3	230/3	0.16666666666666666	1/24	1/24	Chord	3/8	2	2	1/24		1/16	2/3	474				80						
52	52	461/6	461/6	0.16666666666666666	1/12	1/12	Chord	3/8	2	2	1/24		1/16	2/3	475				80						
52	52	77	77	0.25	1/8	1/8	Chord	3/8	2	2	1/16		1/16	1	476				80						
52	52	309/4	309/4	0.25	3/16	3/16	Chord	3/8	2	2	1/16		1/16	1	477				80						
52	52	155/2	155/2	0.25	1/4	1/4	Chord	3/8	2	2	1/16		1/16	1	478				80						
52	52	311/4	311/4	0.25	5/16	5/16	Chord	3/8	2	2	1/16		1/16	1	479										
53	53	78	78	0.0	0	0	Chord	3/8	1	1	0	acciaccatura	1/8	1	480								0		
53	53	78	78	1.5	0	0	Chord	3/8	1	1	3/8		1/4	3/2	481								0		
53	53	78	78	0.0	0	0	Spanner	3/8	2	1	0													28	28
53	53	78	78	0.16666666666666666	0	0	Chord	3/8	2	1	1/24		1/16	2/3	482				81					28	28
53	53	469/6	469/6	0.16666666666666666	1/24	1/24	Chord	3/8	2	1	1/24		1/16	2/3	483				81					28	28
53	53	235/3	235/3	0.16666666666666666	1/12	1/12	Chord	3/8	2	1	1/24		1/16	2/3	484				81					28	28
53	53	157/2	157/2	0.25	1/8	1/8	Chord	3/8	2	1	1/16		1/16	1	485				81					28	28
53	53	315/4	315/4	0.25	3/16	3/16	Chord	3/8	2	1	1/16		1/16	1	486				81					28	28
53	53	79	79	0.25	1/4	1/4	Chord	3/8	2	1	1/16		1/16	1	487				81					28	28
53	53	317/4	317/4	0.25	5/16	5/16	Chord	3/8	2	1	1/16		1/16	1	488									28	28
54	54	159/2	159/2	0.0	0	0	Spanner	3/8	1	1	0									4			0		
54	54	159/2	159/2	1.5	0	0	Chord	3/8	1	1	3/8		1/4	3/2	489					4			0		
54	54	159/2	159/2	0.16666666666666666	0	0	Chord	3/8	2	1	1/24		1/16	2/3	490				82					28	28
54	54	239/3	239/3	0.16666666666666666	1/24	1/24	Chord	3/8	2	1	1/24		1/16	2/3	491				82					28	28
54	54	479/6	479/6	0.16666666666666666	1/12	1/12	Chord	3/8	2	1	1/24		1/16	2/3	492				82					28	28
54	54	80	80	0.25	1/8	1/8	Chord	3/8	2	1	1/16		1/16	1	493				82					28	28
54	54	321/4	321/4	0.25	3/16	3/16	Chord	3/8	2	1	1/16		1/16	1	494				82					28	28
54	54	161/2	161/2	0.25	1/4	1/4	Chord	3/8	2	1	1/16		1/16	1	495				82					28	28
54	54	323/4	323/4	0.25	5/16	5/16	Chord	3/8	2	1	1/16		1/16	1	496									28	28
55	55	81	81	0.0	0	0	Chord	3/8	1	1	0	acciaccatura	1/8	1	497					4			0		
55	55	81	81	1.5	0	0	Chord	3/8	1	1	3/8		1/4	3/2	498					4			0		
55	55	81	81	0.0	0	0	Spanner	3/8	2	1	0														
55	55	81	81	0.0	0	0	Spanner	3/8	2	1	0													29	29
55	55	81	81	0.16666666666666666	0	0	Chord	3/8	2	1	1/24		1/16	2/3	499				83					29	29
55	55	487/6	487/6	0.16666666666666666	1/24	1/24	Chord	3/8	2	1	1/24		1/16	2/3	500				83					29	29
55	55	244/3	244/3	0.16666666666666666	1/12	1/12	Chord	3/8	2	1	1/24		1/16	2/3	501				83					29	29
55	55	163/2	163/2	0.25	1/8	1/8	Chord	3/8	2	1	1/16		1/16	1	502				83					29	29
55	55	327/4	327/4	0.25	3/16	3/16	Chord	3/8	2	1	1/16		1/16	1	503				83					29	29
55	55	82	82	0.25	1/4	1/4	Chord	3/8	2	1	1/16		1/16	1	504				83					29	29
55	55	329/4	329/4	0.25	5/16	5/16	Chord	3/8	2	1	1/16		1/16	1	505									29	29
56	56	165/2	165/2	0.0	0	0	Spanner	3/8	1	1	0												0		
56	56	165/2	165/2	0.0	0	0	Chord	3/8	1	1	0	acciaccatura	1/8	1	506								0		
56	56	165/2	165/2	1.5	0	0	Chord	3/8	1	1	3/8		1/4	3/2	507								0		
56	56	165/2	165/2	0.0	0	0	Spanner	3/8	2	1	0														
56	56	165/2	165/2	0.0	0	0	Spanner	3/8	2	1	0													30	30
56	56	165/2	165/2	0.16666666666666666	0	0	Chord	3/8	2	1	1/24		1/16	2/3	508				84					30	30
56	56	248/3	248/3	0.16666666666666666	1/24	1/24	Chord	3/8	2	1	1/24		1/16	2/3	509				84					30	30
56	56	497/6	497/6	0.16666666666666666	1/12	1/12	Chord	3/8	2	1	1/24		1/16	2/3	510				84					30	30
56	56	83	83	0.25	1/8	1/8	Chord	3/8	2	1	1/16		1/16	1	511				84					30	30
56	56	333/4	333/4	0.25	3/16	3/16	Chord	3/8	2	1	1/16		1/16	1	512				84					30	30
56	56	167/2	167/2	0.25	1/4	1/4	Chord	3/8	2	1	1/16		1/16	1	513				84					30	30
56	56	335/4	335/4	0.25	5/16	5/16	Chord	3/8	2	1	1/16		1/16	1	514									30	30
57	57	84	84	0.0	0	0	Chord	3/8	1	1	0	acciaccatura	1/8	1	515								0		
57	57	84	84	1.5	0	0	Chord	3/8	1	1	3/8		1/4	3/2	516								0		
57	57	84	84	0.0	0	0	Spanner	3/8	2	1	0														
57	57	84	84	0.0	0	0	Spanner	3/8	2	1	0													31	31
57	57	84	84	0.16666666666666666	0	0	Chord	3/8	2	1	1/24		1/16	2/3	517				85					31	31
57	57	505/6	505/6	0.16666666666666666	1/24	1/24	Chord	3/8	2	1	1/24		1/16	2/3	518				85					31	31
57	57	253/3	253/3	0.16666666666666666	1/12	1/12	Chord	3/8	2	1	1/24		1/16	2/3	519				85					31	31
57	57	169/2	169/2	0.25	1/8	1/8	Chord	3/8	2	1	1/16		1/16	1	520				85					31	31
57	57	339/4	339/4	0.25	3/16	3/16	Chord	3/8	2	1	1/16		1/16	1	521				85					31	31
57	57	85	85	0.25	1/4	1/4	Chord	3/8	2	1	1/16		1/16	1	522				85					31	31
57	57	341/4	341/4	0.25	5/16	5/16	Chord	3/8	2	1	1/16		1/16	1	523									31	31
58	58	171/2	171/2	0.0	0	0	StaffText	3/8	1	1	0							perdendosi					0		
58	58	171/2	171/2	1.5	0	0	Chord	3/8	1	1	3/8		1/4	3/2	524								0		
58	58	171/2	171/2	0.16666666666666666	0	0	Chord	3/8	2	1	1/24		1/16	2/3	525				86					31	31
58	58	257/3	257/3	0.16666666666666666	1/24	1/24	Chord	3/8	2	1	1/24		1/16	2/3	526				86					31	31
58	58	515/6	515/6	0.16666666666666666	1/12	1/12	Chord	3/8	2	1	1/24		1/16	2/3	527				86					31	31
58	58	86	86	0.25	1/8	1/8	Chord	3/8	2	1	1/16		1/16	1	528				86					31	31
58	58	345/4	345/4	0.25	3/16	3/16	Chord	3/8	2	1	1/16		1/16	1	529				86					31	31
58	58	173/2	173/2	0.25	1/4	1/4	Chord	3/8	2	1	1/16		1/16	1	530				86					31	31
58	58	347/4	347/4	0.25	5/16	5/16	Chord	3/8	2	1	1/16		1/16	1	531									31	31
59	59	87	87	0.0	0	0	Chord	3/8	1	1	0	acciaccatura	1/8	1	532								0		
59	59	87	87	1.5	0	0	Chord	3/8	1	1	3/8		1/4	3/2	533								0		
59	59	87	87	0.0	0	0	Spanner	3/8	2	1	0														
59	59	87	87	0.0	0	0	Spanner	3/8	2	1	0													32	32
59	59	87	87	0.16666666666666666	0	0	Chord	3/8	2	1	1/24		1/16	2/3	534				87					32	32
59	59	523/6	523/6	0.16666666666666666	1/24	1/24	Chord	3/8	2	1	1/24		1/16	2/3	535				87					32	32
59	59	262/3	262/3	0.16666666666666666	1/12	1/12	Chord	3/8	2	1	1/24		1/16	2/3	536				87					32	32
59	59	175/2	175/2	0.25	1/8	1/8	Chord	3/8	2	1	1/16		1/16	1	537				87					32	32
59	59	351/4	351/4	0.25	3/16	3/16	Chord	3/8	2	1	1/16		1/16	1	538				87					32	32
59	59	88	88	0.25	1/4	1/4	Chord	3/8	2	1	1/16		1/16	1	539				87					32	32
59	59	353/4	353/4	0.25	5/16	5/16	Chord	3/8	2	1	1/16		1/16	1	540									32	32
60	60	177/2	177/2	1.5	0	0	Chord	3/8	1	1	3/8		1/4	3/2	541								0		
60	60	177/2	177/2	0.16666666666666666	0	0	Chord	3/8	2	1	1/24		1/16	2/3	542				88					32	32
60	60	266/3	266/3	0.16666666666666666	1/24	1/24	Chord	3/8	2	1	1/24		1/16	2/3	543				88					32	32
60	60	533/6	533/6	0.16666666666666666	1/12	1/12	Chord	3/8	2	1	1/24		1/16	2/3	544				88					32	32
60	60	89	89	0.25	1/8	1/8	Chord	3/8	2	1	1/16		1/16	1	545				88					32	32
60	60	357/4	357/4	0.0	3/16	3/16	Spanner	3/8	2	1	0								88		0			32	32
60	60	357/4	357/4	0.25	3/16	3/16	Chord	3/8	2	1	1/16		1/16	1	546				88		0			32	32
60	60	179/2	179/2	0.25	1/4	1/4	Chord	3/8	2	1	1/16		1/16	1	547				88		0			32	32
60	60	359/4	359/4	0.25	5/16	5/16	Chord	3/8	2	1	1/16		1/16	1	548						0			32	32
61	61	90	90	0.0	0	0	Spanner	3/8	1	1	0														
61	61	90	90	0.0	0	0	Spanner	3/8	2	1	0										0				
61	61	90	90	0.0	0	0	Spanner	3/8	2	1	0										0			33	33
61	61	90	90	0.16666666666666666	0	0	Chord	3/8	2	1	1/24		1/16	2/3	549				89		0			33	33
61	61	541/6	541/6	0.16666666666666666	1/24	1/24	Chord	3/8	2	1	1/24		1/16	2/3	550				89		0			33	33
61	61	271/3	271/3	0.16666666666666666	1/12	1/12	Chord	3/8	2	1	1/24		1/16	2/3	551				89		0			33	33
61	61	181/2	181/2	0.25	1/8	1/8	Chord	3/8	2	1	1/16		1/16	1	552				89		0			33	33
61	61	363/4	363/4	0.25	3/16	3/16	Chord	3/8	2	1	1/16		1/16	1	553				89		0			33	33
61	61	91	91	0.25	1/4	1/4	Chord	3/8	2	1	1/16		1/16	1	554				89		0			33	33
61	61	365/4	365/4	0.25	5/16	5/16	Chord	3/8	2	1	1/16		1/16	1	555						0			33	33
62	62	185/2	185/2	0.0	1/4	1/4	StaffText	3/8	1	1	0							"un poco pi animato
il tempo
"							
62	62	185/2	185/2	0.5	1/4	1/4	Chord	3/8	1	1	1/8		1/8	1	556										
62	62	183/2	183/2	0.16666666666666666	0	0	Chord	3/8	2	1	1/24		1/16	2/3	557				90		0			33	33
62	62	275/3	275/3	0.16666666666666666	1/24	1/24	Chord	3/8	2	1	1/24		1/16	2/3	558				90		0			33	33
62	62	551/6	551/6	0.16666666666666666	1/12	1/12	Chord	3/8	2	1	1/24		1/16	2/3	559				90		0			33	33
62	62	92	92	0.25	1/8	1/8	Chord	3/8	2	1	1/16		1/16	1	560				90		0			33	33
62	62	369/4	369/4	0.25	3/16	3/16	Chord	3/8	2	1	1/16		1/16	1	561				90		0			33	33
62	62	185/2	185/2	0.25	1/4	1/4	Chord	3/8	2	1	1/16		1/16	1	562				90		0			33	33
62	62	371/4	371/4	0.0	5/16	5/16	StaffText	3/8	2	1	0							pi forte la mano destra			0			33	33
62	62	371/4	371/4	0.25	5/16	5/16	Chord	3/8	2	1	1/16		1/16	1	563						0			33	33
63	63	93	93	0.25	0	0	Chord	3/8	1	1	1/16		1/16	1	564										
63	63	373/4	373/4	0.5	1/16	1/16	Chord	3/8	1	1	1/8		1/8	1	565										
63	63	375/4	375/4	0.5	3/16	3/16	Chord	3/8	1	1	1/8		1/8	1	566										
63	63	377/4	377/4	0.25	5/16	5/16	Chord	3/8	1	1	1/16		1/16	1	567										
63	63	93	93	0.0	0	0	Dynamic	3/8	2	1	0					mf									
63	63	93	93	0.0	0	0	Spanner	3/8	2	1	0														
63	63	93	93	0.0	0	0	Spanner	3/8	2	1	0														
63	63	93	93	0.0	0	0	Spanner	3/8	2	1	0													34	34
63	63	93	93	0.16666666666666666	0	0	Chord	3/8	2	1	1/24		1/16	2/3	568				91					34	34
63	63	559/6	559/6	0.16666666666666666	1/24	1/24	Chord	3/8	2	1	1/24		1/16	2/3	569				91					34	34
63	63	280/3	280/3	0.16666666666666666	1/12	1/12	Chord	3/8	2	1	1/24		1/16	2/3	570				91					34	34
63	63	187/2	187/2	0.25	1/8	1/8	Chord	3/8	2	1	1/16		1/16	1	571				91					34	34
63	63	375/4	375/4	0.25	3/16	3/16	Chord	3/8	2	1	1/16		1/16	1	572				91					34	34
63	63	94	94	0.25	1/4	1/4	Chord	3/8	2	1	1/16		1/16	1	573				91					34	34
63	63	377/4	377/4	0.25	5/16	5/16	Chord	3/8	2	1	1/16		1/16	1	574									34	34
64	64	189/2	189/2	0.25	0	0	Chord	3/8	1	1	1/16		1/16	1	575										
64	64	379/4	379/4	0.5	1/16	1/16	Chord	3/8	1	1	1/8		1/8	1	576										
64	64	381/4	381/4	0.5	3/16	3/16	Chord	3/8	1	1	1/8		1/8	1	577										
64	64	383/4	383/4	0.25	5/16	5/16	Chord	3/8	1	1	1/16		1/16	1	578										
64	64	189/2	189/2	0.16666666666666666	0	0	Chord	3/8	2	1	1/24		1/16	2/3	579				92					34	34
64	64	284/3	284/3	0.16666666666666666	1/24	1/24	Chord	3/8	2	1	1/24		1/16	2/3	580				92					34	34
64	64	569/6	569/6	0.16666666666666666	1/12	1/12	Chord	3/8	2	1	1/24		1/16	2/3	581				92					34	34
64	64	95	95	0.25	1/8	1/8	Chord	3/8	2	1	1/16		1/16	1	582				92					34	34
64	64	381/4	381/4	0.25	3/16	3/16	Chord	3/8	2	1	1/16		1/16	1	583				92					34	34
64	64	191/2	191/2	0.25	1/4	1/4	Chord	3/8	2	1	1/16		1/16	1	584				92					34	34
64	64	383/4	383/4	0.25	5/16	5/16	Chord	3/8	2	1	1/16		1/16	1	585									34	34
65	65	96	96	0.25	0	0	Chord	3/8	1	1	1/16		1/16	1	586				93						
65	65	385/4	385/4	0.25	1/16	1/16	Chord	3/8	1	1	1/16		1/16	1	587				93						
65	65	193/2	193/2	0.75	1/8	1/8	Chord	3/8	1	1	3/16		1/8	3/2	588				93						
65	65	389/4	389/4	0.25	5/16	5/16	Chord	3/8	1	1	1/16		1/16	1	589										
65	65	96	96	0.0	0	0	Spanner	3/8	2	1	0														
65	65	96	96	0.0	0	0	Spanner	3/8	2	1	0													35	35
65	65	96	96	0.16666666666666666	0	0	Chord	3/8	2	1	1/24		1/16	2/3	590				94					35	35
65	65	577/6	577/6	0.16666666666666666	1/24	1/24	Chord	3/8	2	1	1/24		1/16	2/3	591				94					35	35
65	65	289/3	289/3	0.16666666666666666	1/12	1/12	Chord	3/8	2	1	1/24		1/16	2/3	592				94					35	35
65	65	193/2	193/2	0.25	1/8	1/8	Chord	3/8	2	1	1/16		1/16	1	593				94					35	35
65	65	387/4	387/4	0.25	3/16	3/16	Chord	3/8	2	1	1/16		1/16	1	594				94					35	35
65	65	97	97	0.25	1/4	1/4	Chord	3/8	2	1	1/16		1/16	1	595				94					35	35
65	65	389/4	389/4	0.25	5/16	5/16	Chord	3/8	2	1	1/16		1/16	1	596									35	35
66	66	195/2	195/2	0.25	0	0	Chord	3/8	1	1	1/16		1/16	1	597				95						
66	66	391/4	391/4	0.25	1/16	1/16	Chord	3/8	1	1	1/16		1/16	1	598				95						
66	66	98	98	0.25	1/8	1/8	Chord	3/8	1	1	1/16		1/16	1	599				95						
66	66	393/4	393/4	0.25	3/16	3/16	Chord	3/8	1	1	1/16		1/16	1	600				95						
66	66	197/2	197/2	0.25	1/4	1/4	Chord	3/8	1	1	1/16		1/16	1	601				95						
66	66	395/4	395/4	0.25	5/16	5/16	Chord	3/8	1	1	1/16		1/16	1	602										
66	66	195/2	195/2	0.16666666666666666	0	0	Chord	3/8	2	1	1/24		1/16	2/3	603				96					35	35
66	66	293/3	293/3	0.16666666666666666	1/24	1/24	Chord	3/8	2	1	1/24		1/16	2/3	604				96					35	35
66	66	587/6	587/6	0.16666666666666666	1/12	1/12	Chord	3/8	2	1	1/24		1/16	2/3	605				96					35	35
66	66	98	98	0.25	1/8	1/8	Chord	3/8	2	1	1/16		1/16	1	606				96					35	35
66	66	393/4	393/4	0.25	3/16	3/16	Chord	3/8	2	1	1/16		1/16	1	607				96					35	35
66	66	197/2	197/2	0.25	1/4	1/4	Chord	3/8	2	1	1/16		1/16	1	608				96					35	35
66	66	395/4	395/4	0.25	5/16	5/16	Chord	3/8	2	1	1/16		1/16	1	609									35	35
67	67	99	99	0.25	0	0	Chord	3/8	1	1	1/16		1/16	1	610				97						
67	67	397/4	397/4	0.25	1/16	1/16	Chord	3/8	1	1	1/16		1/16	1	611				97						
67	67	199/2	199/2	0.75	1/8	1/8	Chord	3/8	1	1	3/16		1/8	3/2	612				97						
67	67	401/4	401/4	0.25	5/16	5/16	Chord	3/8	1	1	1/16		1/16	1	613				97						
67	67	99	99	0.0	0	0	Spanner	3/8	2	1	0														
67	67	99	99	0.0	0	0	Spanner	3/8	2	1	0													36	36
67	67	99	99	0.16666666666666666	0	0	Chord	3/8	2	1	1/24		1/16	2/3	614				98					36	36
67	67	595/6	595/6	0.16666666666666666	1/24	1/24	Chord	3/8	2	1	1/24		1/16	2/3	615				98					36	36
67	67	298/3	298/3	0.16666666666666666	1/12	1/12	Chord	3/8	2	1	1/24		1/16	2/3	616				98					36	36
67	67	199/2	199/2	0.25	1/8	1/8	Chord	3/8	2	1	1/16		1/16	1	617				98					36	36
67	67	399/4	399/4	0.25	3/16	3/16	Chord	3/8	2	1	1/16		1/16	1	618				98					36	36
67	67	100	100	0.25	1/4	1/4	Chord	3/8	2	1	1/16		1/16	1	619				98					36	36
67	67	401/4	401/4	0.25	5/16	5/16	Chord	3/8	2	1	1/16		1/16	1	620									36	36
68	68	201/2	201/2	0.25	0	0	Chord	3/8	1	1	1/16		1/16	1	621				97						
68	68	403/4	403/4	0.25	1/16	1/16	Chord	3/8	1	1	1/16		1/16	1	622				97						
68	68	101	101	0.25	1/8	1/8	Chord	3/8	1	1	1/16		1/16	1	623				97						
68	68	405/4	405/4	0.25	3/16	3/16	Chord	3/8	1	1	1/16		1/16	1	624				97						
68	68	203/2	203/2	0.25	1/4	1/4	Chord	3/8	1	1	1/16		1/16	1	625				97						
68	68	407/4	407/4	0.25	5/16	5/16	Chord	3/8	1	1	1/16		1/16	1	626										
68	68	201/2	201/2	0.16666666666666666	0	0	Chord	3/8	2	1	1/24		1/16	2/3	627				99					36	36
68	68	302/3	302/3	0.16666666666666666	1/24	1/24	Chord	3/8	2	1	1/24		1/16	2/3	628				99					36	36
68	68	605/6	605/6	0.16666666666666666	1/12	1/12	Chord	3/8	2	1	1/24		1/16	2/3	629				99					36	36
68	68	101	101	0.25	1/8	1/8	Chord	3/8	2	1	1/16		1/16	1	630				99					36	36
68	68	405/4	405/4	0.25	3/16	3/16	Chord	3/8	2	1	1/16		1/16	1	631				99					36	36
68	68	203/2	203/2	0.25	1/4	1/4	Chord	3/8	2	1	1/16		1/16	1	632				99					36	36
68	68	407/4	407/4	0.25	5/16	5/16	Chord	3/8	2	1	1/16		1/16	1	633									36	36
69	69	102	102	0.25	0	0	Chord	3/8	1	1	1/16		1/16	1	634				100						
69	69	409/4	409/4	0.25	1/16	1/16	Chord	3/8	1	1	1/16		1/16	1	635				100						
69	69	205/2	205/2	1.0	1/8	1/8	Chord	3/8	1	1	1/4		1/4	1	636				100						
69	69	102	102	0.0	0	0	Spanner	3/8	2	1	0														
69	69	102	102	0.0	0	0	Spanner	3/8	2	1	0													37	37
69	69	102	102	0.16666666666666666	0	0	Chord	3/8	2	1	1/24		1/16	2/3	637				101					37	37
69	69	613/6	613/6	0.16666666666666666	1/24	1/24	Chord	3/8	2	1	1/24		1/16	2/3	638				101					37	37
69	69	307/3	307/3	0.16666666666666666	1/12	1/12	Chord	3/8	2	1	1/24		1/16	2/3	639				101					37	37
69	69	205/2	205/2	0.25	1/8	1/8	Chord	3/8	2	1	1/16		1/16	1	640				101					37	37
69	69	411/4	411/4	0.25	3/16	3/16	Chord	3/8	2	1	1/16		1/16	1	641				101					37	37
69	69	103	103	0.25	1/4	1/4	Chord	3/8	2	1	1/16		1/16	1	642				101					37	37
69	69	413/4	413/4	0.25	5/16	5/16	Chord	3/8	2	1	1/16		1/16	1	643									37	37
70	70	207/2	207/2	0.5	0	0	Chord	3/8	1	1	1/8		1/8	1	644										
70	70	104	104	0.0	1/8	1/8	Chord	3/8	1	1	0	grace16	1/16	1	645										
70	70	104	104	0.0	1/8	1/8	Chord	3/8	1	1	0	grace16	1/16	1	646										
70	70	104	104	0.5	1/8	1/8	Chord	3/8	1	1	1/8		1/8	1	647										
70	70	419/4	419/4	0.25	5/16	5/16	Chord	3/8	1	1	1/16		1/16	1	648		articAccentBelow								
70	70	207/2	207/2	0.16666666666666666	0	0	Chord	3/8	2	1	1/24		1/16	2/3	649				102					37	37
70	70	311/3	311/3	0.16666666666666666	1/24	1/24	Chord	3/8	2	1	1/24		1/16	2/3	650				102					37	37
70	70	623/6	623/6	0.16666666666666666	1/12	1/12	Chord	3/8	2	1	1/24		1/16	2/3	651				102					37	37
70	70	104	104	0.25	1/8	1/8	Chord	3/8	2	1	1/16		1/16	1	652				102					37	37
70	70	417/4	417/4	0.25	3/16	3/16	Chord	3/8	2	1	1/16		1/16	1	653				102					37	37
70	70	209/2	209/2	0.25	1/4	1/4	Chord	3/8	2	1	1/16		1/16	1	654				102					37	37
70	70	419/4	419/4	0.25	5/16	5/16	Chord	3/8	2	1	1/16		1/16	1	655									37	37
71	71	105	105	0.25	0	0	Chord	3/8	1	1	1/16		1/16	1	656										
71	71	421/4	421/4	0.5	1/16	1/16	Chord	3/8	1	1	1/8		1/8	1	657		articAccentBelow								
71	71	423/4	423/4	0.5	3/16	3/16	Chord	3/8	1	1	1/8		1/8	1	658		articAccentBelow								
71	71	425/4	425/4	0.25	5/16	5/16	Chord	3/8	1	1	1/16		1/16	1	659		articAccentAbove								
71	71	105	105	0.0	0	0	Spanner	3/8	2	1	0														
71	71	105	105	0.0	0	0	Spanner	3/8	2	1	0													38	38
71	71	105	105	0.16666666666666666	0	0	Chord	3/8	2	1	1/24		1/16	2/3	660				103					38	38
71	71	631/6	631/6	0.16666666666666666	1/24	1/24	Chord	3/8	2	1	1/24		1/16	2/3	661				103					38	38
71	71	316/3	316/3	0.16666666666666666	1/12	1/12	Chord	3/8	2	1	1/24		1/16	2/3	662				103					38	38
71	71	211/2	211/2	0.25	1/8	1/8	Chord	3/8	2	1	1/16		1/16	1	663				103					38	38
71	71	423/4	423/4	0.25	3/16	3/16	Chord	3/8	2	1	1/16		1/16	1	664				103					38	38
71	71	106	106	0.25	1/4	1/4	Chord	3/8	2	1	1/16		1/16	1	665				103					38	38
71	71	425/4	425/4	0.25	5/16	5/16	Chord	3/8	2	1	1/16		1/16	1	666									38	38
72	72	213/2	213/2	0.25	0	0	Chord	3/8	1	1	1/16		1/16	1	667										
72	72	427/4	427/4	0.5	1/16	1/16	Chord	3/8	1	1	1/8		1/8	1	668		articAccentAbove								
72	72	429/4	429/4	0.5	3/16	3/16	Chord	3/8	1	1	1/8		1/8	1	669		articAccentAbove								
72	72	431/4	431/4	0.25	5/16	5/16	Chord	3/8	1	1	1/16		1/16	1	670		articAccentAbove								
72	72	213/2	213/2	0.16666666666666666	0	0	Chord	3/8	2	1	1/24		1/16	2/3	671				104					38	38
72	72	320/3	320/3	0.16666666666666666	1/24	1/24	Chord	3/8	2	1	1/24		1/16	2/3	672				104					38	38
72	72	641/6	641/6	0.16666666666666666	1/12	1/12	Chord	3/8	2	1	1/24		1/16	2/3	673				104					38	38
72	72	107	107	0.25	1/8	1/8	Chord	3/8	2	1	1/16		1/16	1	674				104					38	38
72	72	429/4	429/4	0.25	3/16	3/16	Chord	3/8	2	1	1/16		1/16	1	675				104					38	38
72	72	215/2	215/2	0.25	1/4	1/4	Chord	3/8	2	1	1/16		1/16	1	676				104					38	38
72	72	431/4	431/4	0.25	5/16	5/16	Chord	3/8	2	1	1/16		1/16	1	677									38	38
73	73	108	108	0.0	0	0	Spanner	3/8	1	1	0												1		
73	73	108	108	0.25	0	0	Chord	3/8	1	1	1/16		1/16	1	678				105				1		
73	73	433/4	433/4	0.25	1/16	1/16	Chord	3/8	1	1	1/16		1/16	1	679								1		
73	73	217/2	217/2	0.75	1/8	1/8	Chord	3/8	1	1	3/16		1/8	3/2	680				106				1		
73	73	437/4	437/4	0.25	5/16	5/16	Chord	3/8	1	1	1/16		1/16	1	681								1		
73	73	108	108	0.0	0	0	Spanner	3/8	2	1	0														
73	73	108	108	0.0	0	0	Spanner	3/8	2	1	0													39	39
73	73	108	108	0.16666666666666666	0	0	Chord	3/8	2	1	1/24		1/16	2/3	682				107					39	39
73	73	649/6	649/6	0.16666666666666666	1/24	1/24	Chord	3/8	2	1	1/24		1/16	2/3	683				107					39	39
73	73	325/3	325/3	0.16666666666666666	1/12	1/12	Chord	3/8	2	1	1/24		1/16	2/3	684				107					39	39
73	73	217/2	217/2	0.25	1/8	1/8	Chord	3/8	2	1	1/16		1/16	1	685				107					39	39
73	73	435/4	435/4	0.25	3/16	3/16	Chord	3/8	2	1	1/16		1/16	1	686				107					39	39
73	73	109	109	0.25	1/4	1/4	Chord	3/8	2	1	1/16		1/16	1	687				107					39	39
73	73	437/4	437/4	0.25	5/16	5/16	Chord	3/8	2	1	1/16		1/16	1	688									39	39
74	74	219/2	219/2	0.25	0	0	Chord	3/8	1	1	1/16		1/16	1	689				108				1		
74	74	439/4	439/4	0.25	1/16	1/16	Chord	3/8	1	1	1/16		1/16	1	690								1		
74	74	110	110	0.25	1/8	1/8	Chord	3/8	1	1	1/16		1/16	1	691				109				1		
74	74	441/4	441/4	0.25	3/16	3/16	Chord	3/8	1	1	1/16		1/16	1	692								1		
74	74	221/2	221/2	0.0	1/4	1/4	Spanner	3/8	1	1	0														
74	74	221/2	221/2	0.25	1/4	1/4	Chord	3/8	1	1	1/16		1/16	1	693				110						
74	74	443/4	443/4	0.25	5/16	5/16	Chord	3/8	1	1	1/16		1/16	1	694										
74	74	219/2	219/2	0.5	0	0	Chord	3/8	1	2	1/8		1/8	1	695										
74	74	110	110	0.5	1/8	1/8	Chord	3/8	1	2	1/8		1/8	1	696										
74	74	221/2	221/2	0.5	1/4	1/4	Chord	3/8	1	2	1/8		1/8	1	697										
74	74	219/2	219/2	0.16666666666666666	0	0	Chord	3/8	2	1	1/24		1/16	2/3	698				111					39	39
74	74	329/3	329/3	0.16666666666666666	1/24	1/24	Chord	3/8	2	1	1/24		1/16	2/3	699				111					39	39
74	74	659/6	659/6	0.16666666666666666	1/12	1/12	Chord	3/8	2	1	1/24		1/16	2/3	700				111					39	39
74	74	110	110	0.25	1/8	1/8	Chord	3/8	2	1	1/16		1/16	1	701				111					39	39
74	74	441/4	441/4	0.25	3/16	3/16	Chord	3/8	2	1	1/16		1/16	1	702				111					39	39
74	74	221/2	221/2	0.25	1/4	1/4	Chord	3/8	2	1	1/16		1/16	1	703				111					39	39
74	74	443/4	443/4	0.25	5/16	5/16	Chord	3/8	2	1	1/16		1/16	1	704									39	39
75	75	111	111	0.25	0	0	Chord	3/8	1	1	1/16		1/16	1	705				112						
75	75	445/4	445/4	0.25	1/16	1/16	Chord	3/8	1	1	1/16		1/16	1	706										
75	75	223/2	223/2	0.0	1/8	1/8	StaffText	3/8	1	1	0							"<font size=""12""/>poco rall."							
75	75	223/2	223/2	0.75	1/8	1/8	Chord	3/8	1	1	3/16		1/8	3/2	707				113						
75	75	449/4	449/4	0.25	5/16	5/16	Chord	3/8	1	1	1/16		1/16	1	708										
75	75	111	111	0.5	0	0	Chord	3/8	1	2	1/8		1/8	1	709										
75	75	223/2	223/2	1.0	1/8	1/8	Chord	3/8	1	2	1/4		1/4	1	710										
75	75	111	111	0.0	0	0	Spanner	3/8	2	1	0														
75	75	111	111	0.0	0	0	Spanner	3/8	2	1	0													40	40
75	75	111	111	0.16666666666666666	0	0	Chord	3/8	2	1	1/24		1/16	2/3	711				114					40	40
75	75	667/6	667/6	0.16666666666666666	1/24	1/24	Chord	3/8	2	1	1/24		1/16	2/3	712				114					40	40
75	75	334/3	334/3	0.16666666666666666	1/12	1/12	Chord	3/8	2	1	1/24		1/16	2/3	713				114					40	40
75	75	223/2	223/2	0.25	1/8	1/8	Chord	3/8	2	1	1/16		1/16	1	714				114					40	40
75	75	447/4	447/4	0.25	3/16	3/16	Chord	3/8	2	1	1/16		1/16	1	715				114					40	40
75	75	112	112	0.25	1/4	1/4	Chord	3/8	2	1	1/16		1/16	1	716				114					40	40
75	75	449/4	449/4	0.25	5/16	5/16	Chord	3/8	2	1	1/16		1/16	1	717									40	40
76	76	225/2	225/2	0.25	0	0	Chord	3/8	1	1	1/16		1/16	1	718				115						
76	76	451/4	451/4	0.25	1/16	1/16	Chord	3/8	1	1	1/16		1/16	1	719										
76	76	113	113	0.25	1/8	1/8	Chord	3/8	1	1	1/16		1/16	1	720				116						
76	76	453/4	453/4	0.25	3/16	3/16	Chord	3/8	1	1	1/16		1/16	1	721										
76	76	227/2	227/2	0.25	1/4	1/4	Chord	3/8	1	1	1/16		1/16	1	722				117						
76	76	455/4	455/4	0.25	5/16	5/16	Chord	3/8	1	1	1/16		1/16	1	723										
76	76	225/2	225/2	0.5	0	0	Chord	3/8	1	2	1/8		1/8	1	724										
76	76	113	113	0.5	1/8	1/8	Chord	3/8	1	2	1/8		1/8	1	725										
76	76	227/2	227/2	0.5	1/4	1/4	Chord	3/8	1	2	1/8		1/8	1	726										
76	76	225/2	225/2	0.16666666666666666	0	0	Chord	3/8	2	1	1/24		1/16	2/3	727				118					40	40
76	76	338/3	338/3	0.16666666666666666	1/24	1/24	Chord	3/8	2	1	1/24		1/16	2/3	728				118					40	40
76	76	677/6	677/6	0.16666666666666666	1/12	1/12	Chord	3/8	2	1	1/24		1/16	2/3	729				118					40	40
76	76	113	113	0.25	1/8	1/8	Chord	3/8	2	1	1/16		1/16	1	730				118					40	40
76	76	453/4	453/4	0.25	3/16	3/16	Chord	3/8	2	1	1/16		1/16	1	731				118					40	40
76	76	227/2	227/2	0.25	1/4	1/4	Chord	3/8	2	1	1/16		1/16	1	732				118					40	40
76	76	455/4	455/4	0.25	5/16	5/16	Chord	3/8	2	1	1/16		1/16	1	733									40	40
77	77	114	114	0.0	0	0	StaffText	3/8	1	1	0							"<font size=""12""/><b><i>Tempo I</i></b>"							
77	77	114	114	1.5	0	0	Chord	3/8	1	1	3/8		1/4	3/2	734										
77	77	114	114	0.0	0	0	Spanner	3/8	2	1	0														
77	77	114	114	0.0	0	0	Spanner	3/8	2	1	0													41	41
77	77	114	114	0.16666666666666666	0	0	Chord	3/8	2	1	1/24		1/16	2/3	735				119					41	41
77	77	685/6	685/6	0.16666666666666666	1/24	1/24	Chord	3/8	2	1	1/24		1/16	2/3	736				119					41	41
77	77	343/3	343/3	0.16666666666666666	1/12	1/12	Chord	3/8	2	1	1/24		1/16	2/3	737				119					41	41
77	77	229/2	229/2	0.25	1/8	1/8	Chord	3/8	2	1	1/16		1/16	1	738				119					41	41
77	77	459/4	459/4	0.25	3/16	3/16	Chord	3/8	2	1	1/16		1/16	1	739				119					41	41
77	77	115	115	0.25	1/4	1/4	Chord	3/8	2	1	1/16		1/16	1	740				119					41	41
77	77	461/4	461/4	0.25	5/16	5/16	Chord	3/8	2	1	1/16		1/16	1	741									41	41
78	78	231/2	231/2	0.5	0	0	Chord	3/8	1	1	1/8		1/8	1	742										
78	78	233/2	233/2	0.5	1/4	1/4	Chord	3/8	1	1	1/8		1/8	1	743										
78	78	231/2	231/2	0.16666666666666666	0	0	Chord	3/8	2	1	1/24		1/16	2/3	744				120					41	41
78	78	347/3	347/3	0.16666666666666666	1/24	1/24	Chord	3/8	2	1	1/24		1/16	2/3	745				120					41	41
78	78	695/6	695/6	0.16666666666666666	1/12	1/12	Chord	3/8	2	1	1/24		1/16	2/3	746				120					41	41
78	78	116	116	0.25	1/8	1/8	Chord	3/8	2	1	1/16		1/16	1	747				120					41	41
78	78	465/4	465/4	0.25	3/16	3/16	Chord	3/8	2	1	1/16		1/16	1	748				120					41	41
78	78	233/2	233/2	0.25	1/4	1/4	Chord	3/8	2	1	1/16		1/16	1	749				120					41	41
78	78	467/4	467/4	0.25	5/16	5/16	Chord	3/8	2	1	1/16		1/16	1	750									41	41
79	79	117	117	0.5	0	0	Chord	3/8	1	1	1/8		1/8	1	751		articStaccatoAbove		121						
79	79	235/2	235/2	0.5	1/8	1/8	Chord	3/8	1	1	1/8		1/8	1	752		articStaccatoAbove		121						
79	79	118	118	0.5	1/4	1/4	Chord	3/8	1	1	1/8		1/8	1	753		articStaccatoAbove								
79	79	117	117	1.5	0	0	Chord	3/8	1	2	3/8		1/4	3/2	754										
79	79	117	117	0.0	0	0	Spanner	3/8	2	1	0													42	42
79	79	117	117	0.0	0	0	Spanner	3/8	2	1	0													42	42
79	79	117	117	0.16666666666666666	0	0	Chord	3/8	2	1	1/24		1/16	2/3	755				122					42	42
79	79	703/6	703/6	0.16666666666666666	1/24	1/24	Chord	3/8	2	1	1/24		1/16	2/3	756				122					42	42
79	79	352/3	352/3	0.16666666666666666	1/12	1/12	Chord	3/8	2	1	1/24		1/16	2/3	757				122					42	42
79	79	235/2	235/2	0.25	1/8	1/8	Chord	3/8	2	1	1/16		1/16	1	758				122					42	42
79	79	471/4	471/4	0.25	3/16	3/16	Chord	3/8	2	1	1/16		1/16	1	759				122					42	42
79	79	118	118	0.25	1/4	1/4	Chord	3/8	2	1	1/16		1/16	1	760				122					42	42
79	79	473/4	473/4	0.25	5/16	5/16	Chord	3/8	2	1	1/16		1/16	1	761									42	42
80	80	237/2	237/2	1.0	0	0	Chord	3/8	1	1	1/4		1/4	1	762		articStaccatoAbove		123						
80	80	239/2	239/2	0.5	1/4	1/4	Chord	3/8	1	1	1/8		1/8	1	763		articStaccatoAbove								
80	80	237/2	237/2	1.5	0	0	Chord	3/8	1	2	3/8		1/4	3/2	764										
80	80	237/2	237/2	0.16666666666666666	0	0	Chord	3/8	2	1	1/24		1/16	2/3	765				124					42	42
80	80	356/3	356/3	0.16666666666666666	1/24	1/24	Chord	3/8	2	1	1/24		1/16	2/3	766				124					42	42
80	80	713/6	713/6	0.16666666666666666	1/12	1/12	Chord	3/8	2	1	1/24		1/16	2/3	767				124					42	42
80	80	119	119	0.25	1/8	1/8	Chord	3/8	2	1	1/16		1/16	1	768				124					42	42
80	80	477/4	477/4	0.25	3/16	3/16	Chord	3/8	2	1	1/16		1/16	1	769				124					42	42
80	80	239/2	239/2	0.25	1/4	1/4	Chord	3/8	2	1	1/16		1/16	1	770				124					42	42
80	80	479/4	479/4	0.25	5/16	5/16	Chord	3/8	2	1	1/16		1/16	1	771									42	42
81	81	120	120	1.0	0	0	Chord	3/8	1	1	1/4		1/4	1	772				125						
81	81	121	121	0.5	1/4	1/4	Chord	3/8	1	1	1/8		1/8	1	773				125						
81	81	120	120	1.5	0	0	Chord	3/8	1	2	3/8		1/4	3/2	774										
81	81	120	120	0.0	0	0	Spanner	3/8	2	1	0														
81	81	120	120	0.0	0	0	Spanner	3/8	2	1	0													43	43
81	81	120	120	0.16666666666666666	0	0	Chord	3/8	2	1	1/24		1/16	2/3	775				126					43	43
81	81	721/6	721/6	0.16666666666666666	1/24	1/24	Chord	3/8	2	1	1/24		1/16	2/3	776				126					43	43
81	81	361/3	361/3	0.16666666666666666	1/12	1/12	Chord	3/8	2	1	1/24		1/16	2/3	777				126					43	43
81	81	241/2	241/2	0.25	1/8	1/8	Chord	3/8	2	1	1/16		1/16	1	778				126					43	43
81	81	483/4	483/4	0.25	3/16	3/16	Chord	3/8	2	1	1/16		1/16	1	779				126					43	43
81	81	121	121	0.25	1/4	1/4	Chord	3/8	2	1	1/16		1/16	1	780				126					43	43
81	81	485/4	485/4	0.25	5/16	5/16	Chord	3/8	2	1	1/16		1/16	1	781									43	43
82	82	243/2	243/2	1.0	0	0	Chord	3/8	1	1	1/4		1/4	1	782										
82	82	245/2	245/2	0.5	1/4	1/4	Chord	3/8	1	1	1/8		1/8	1	783										
82	82	243/2	243/2	1.5	0	0	Chord	3/8	1	2	3/8		1/4	3/2	784										
82	82	243/2	243/2	0.16666666666666666	0	0	Chord	3/8	2	1	1/24		1/16	2/3	785				127					43	43
82	82	365/3	365/3	0.16666666666666666	1/24	1/24	Chord	3/8	2	1	1/24		1/16	2/3	786				127					43	43
82	82	731/6	731/6	0.16666666666666666	1/12	1/12	Chord	3/8	2	1	1/24		1/16	2/3	787				127					43	43
82	82	122	122	0.25	1/8	1/8	Chord	3/8	2	1	1/16		1/16	1	788				127					43	43
82	82	489/4	489/4	0.25	3/16	3/16	Chord	3/8	2	1	1/16		1/16	1	789				127					43	43
82	82	245/2	245/2	0.25	1/4	1/4	Chord	3/8	2	1	1/16		1/16	1	790				127					43	43
82	82	491/4	491/4	0.25	5/16	5/16	Chord	3/8	2	1	1/16		1/16	1	791									43	43
83	83	123	123	0.0	0	0	Spanner	3/8	1	1	0											3			
83	83	123	123	0.5	0	0	Chord	3/8	1	1	1/8		1/8	1	792		articStaccatoAbove		128			3			
83	83	247/2	247/2	0.5	1/8	1/8	Chord	3/8	1	1	1/8		1/8	1	793		articStaccatoAbove		128			3			
83	83	124	124	0.5	1/4	1/4	Chord	3/8	1	1	1/8		1/8	1	794		articStaccatoAbove					3			
83	83	123	123	1.5	0	0	Chord	3/8	1	2	3/8		1/4	3/2	795							3			
83	83	123	123	0.0	0	0	Spanner	3/8	2	1	0														
83	83	123	123	0.0	0	0	Spanner	3/8	2	1	0													44	44
83	83	123	123	0.16666666666666666	0	0	Chord	3/8	2	1	1/24		1/16	2/3	796				129					44	44
83	83	739/6	739/6	0.16666666666666666	1/24	1/24	Chord	3/8	2	1	1/24		1/16	2/3	797				129					44	44
83	83	370/3	370/3	0.16666666666666666	1/12	1/12	Chord	3/8	2	1	1/24		1/16	2/3	798				129					44	44
83	83	247/2	247/2	0.25	1/8	1/8	Chord	3/8	2	1	1/16		1/16	1	799				129					44	44
83	83	495/4	495/4	0.25	3/16	3/16	Chord	3/8	2	1	1/16		1/16	1	800				129					44	44
83	83	124	124	0.25	1/4	1/4	Chord	3/8	2	1	1/16		1/16	1	801				129					44	44
83	83	497/4	497/4	0.25	5/16	5/16	Chord	3/8	2	1	1/16		1/16	1	802									44	44
84	84	249/2	249/2	0.0	0	0	Spanner	3/8	1	1	0														
84	84	249/2	249/2	0.75	0	0	Chord	3/8	1	1	3/16		1/8	3/2	803				130						
84	84	501/4	501/4	0.25	3/16	3/16	Chord	3/8	1	1	1/16		1/16	1	804		articStaccatoAbove		130						
84	84	251/2	251/2	0.25	1/4	1/4	Chord	3/8	1	1	1/16		1/16	1	805		articStaccatoAbove		130						
84	84	503/4	503/4	0.25	5/16	5/16	Chord	3/8	1	1	1/16		1/16	1	806		articStaccatoAbove								
84	84	249/2	249/2	1.5	0	0	Chord	3/8	1	2	3/8		1/4	3/2	807										
84	84	249/2	249/2	0.16666666666666666	0	0	Chord	3/8	2	1	1/24		1/16	2/3	808				131					44	44
84	84	374/3	374/3	0.16666666666666666	1/24	1/24	Chord	3/8	2	1	1/24		1/16	2/3	809				131					44	44
84	84	749/6	749/6	0.16666666666666666	1/12	1/12	Chord	3/8	2	1	1/24		1/16	2/3	810				131					44	44
84	84	125	125	0.25	1/8	1/8	Chord	3/8	2	1	1/16		1/16	1	811				131					44	44
84	84	501/4	501/4	0.25	3/16	3/16	Chord	3/8	2	1	1/16		1/16	1	812				131					44	44
84	84	251/2	251/2	0.25	1/4	1/4	Chord	3/8	2	1	1/16		1/16	1	813				131					44	44
84	84	503/4	503/4	0.25	5/16	5/16	Chord	3/8	2	1	1/16		1/16	1	814									44	44
85	85	126	126	1.0	0	0	Chord	3/8	1	1	1/4		1/4	1	815										
85	85	127	127	0.5	1/4	1/4	Chord	3/8	1	1	1/8		1/8	1	816				132						
85	85	126	126	1.5	0	0	Chord	3/8	1	2	3/8		1/4	3/2	817										
85	85	126	126	0.0	0	0	Spanner	3/8	2	1	0														
85	85	126	126	0.0	0	0	Spanner	3/8	2	1	0													45	45
85	85	126	126	0.16666666666666666	0	0	Chord	3/8	2	1	1/24		1/16	2/3	818				133					45	45
85	85	757/6	757/6	0.16666666666666666	1/24	1/24	Chord	3/8	2	1	1/24		1/16	2/3	819				133					45	45
85	85	379/3	379/3	0.16666666666666666	1/12	1/12	Chord	3/8	2	1	1/24		1/16	2/3	820				133					45	45
85	85	253/2	253/2	0.25	1/8	1/8	Chord	3/8	2	1	1/16		1/16	1	821				133					45	45
85	85	507/4	507/4	0.25	3/16	3/16	Chord	3/8	2	1	1/16		1/16	1	822				133					45	45
85	85	127	127	0.25	1/4	1/4	Chord	3/8	2	1	1/16		1/16	1	823				133					45	45
85	85	509/4	509/4	0.25	5/16	5/16	Chord	3/8	2	1	1/16		1/16	1	824									45	45
86	86	255/2	255/2	0.5	0	0	Chord	3/8	1	1	1/8		1/8	1	825		articStaccatoAbove		134						
86	86	128	128	0.5	1/8	1/8	Chord	3/8	1	1	1/8		1/8	1	826		articStaccatoAbove		134						
86	86	257/2	257/2	0.5	1/4	1/4	Chord	3/8	1	1	1/8		1/8	1	827		articStaccatoAbove								
86	86	255/2	255/2	0.0	0	0	Spanner	3/8	2	1	0														
86	86	255/2	255/2	0.25	0	0	Chord	3/8	2	1	1/16		1/16	1	828				135						
86	86	511/4	511/4	0.25	1/16	1/16	Chord	3/8	2	1	1/16		1/16	1	829				135						
86	86	128	128	0.25	1/8	1/8	Chord	3/8	2	1	1/16		1/16	1	830				135						
86	86	513/4	513/4	0.25	3/16	3/16	Chord	3/8	2	1	1/16		1/16	1	831				135						
86	86	257/2	257/2	0.25	1/4	1/4	Chord	3/8	2	1	1/16		1/16	1	832				135						
86	86	515/4	515/4	0.25	5/16	5/16	Chord	3/8	2	1	1/16		1/16	1	833										
87	87	129	129	1.0	0	0	Chord	3/8	1	1	1/4		1/4	1	834										
87	87	130	130	0.5	1/4	1/4	Chord	3/8	1	1	1/8		1/8	1	835										
87	87	129	129	0.0	0	0	Spanner	3/8	2	1	0													46	46
87	87	129	129	0.16666666666666666	0	0	Chord	3/8	2	1	1/24		1/16	2/3	836				136					46	46
87	87	775/6	775/6	0.16666666666666666	1/24	1/24	Chord	3/8	2	1	1/24		1/16	2/3	837				136					46	46
87	87	388/3	388/3	0.16666666666666666	1/12	1/12	Chord	3/8	2	1	1/24		1/16	2/3	838				136					46	46
87	87	259/2	259/2	0.25	1/8	1/8	Chord	3/8	2	1	1/16		1/16	1	839				136					46	46
87	87	519/4	519/4	0.25	3/16	3/16	Chord	3/8	2	1	1/16		1/16	1	840				136					46	46
87	87	130	130	0.25	1/4	1/4	Chord	3/8	2	1	1/16		1/16	1	841				136					46	46
87	87	521/4	521/4	0.25	5/16	5/16	Chord	3/8	2	1	1/16		1/16	1	842									46	46
88	88	261/2	261/2	0.5	0	0	Chord	3/8	1	1	1/8		1/8	1	843		articStaccatoBelow		137						
88	88	131	131	0.5	1/8	1/8	Chord	3/8	1	1	1/8		1/8	1	844		articStaccatoBelow		137						
88	88	263/2	263/2	0.5	1/4	1/4	Chord	3/8	1	1	1/8		1/8	1	845		articStaccatoBelow								
88	88	261/2	261/2	0.0	0	0	Spanner	3/8	2	1	0														
88	88	261/2	261/2	0.25	0	0	Chord	3/8	2	1	1/16		1/16	1	846				138						
88	88	523/4	523/4	0.25	1/16	1/16	Chord	3/8	2	1	1/16		1/16	1	847				138						
88	88	131	131	0.25	1/8	1/8	Chord	3/8	2	1	1/16		1/16	1	848				138						
88	88	525/4	525/4	0.25	3/16	3/16	Chord	3/8	2	1	1/16		1/16	1	849				138						
88	88	263/2	263/2	0.25	1/4	1/4	Chord	3/8	2	1	1/16		1/16	1	850				138						
88	88	527/4	527/4	0.25	5/16	5/16	Chord	3/8	2	1	1/16		1/16	1	851										
89	89	132	132	1.0	0	0	Chord	3/8	1	1	1/4		1/4	1	852				139						
89	89	133	133	0.5	1/4	1/4	Chord	3/8	1	1	1/8		1/8	1	853										
89	89	132	132	0.0	0	0	Spanner	3/8	2	1	0													47	47
89	89	132	132	0.16666666666666666	0	0	Chord	3/8	2	1	1/24		1/16	2/3	854				140					47	47
89	89	793/6	793/6	0.16666666666666666	1/24	1/24	Chord	3/8	2	1	1/24		1/16	2/3	855				140					47	47
89	89	397/3	397/3	0.16666666666666666	1/12	1/12	Chord	3/8	2	1	1/24		1/16	2/3	856				140					47	47
89	89	265/2	265/2	0.25	1/8	1/8	Chord	3/8	2	1	1/16		1/16	1	857				140					47	47
89	89	531/4	531/4	0.25	3/16	3/16	Chord	3/8	2	1	1/16		1/16	1	858				140					47	47
89	89	133	133	0.25	1/4	1/4	Chord	3/8	2	1	1/16		1/16	1	859				140					47	47
89	89	533/4	533/4	0.25	5/16	5/16	Chord	3/8	2	1	1/16		1/16	1	860									47	47
90	90	535/4	535/4	0.5	1/16	1/16	Chord	3/8	1	1	1/8		1/8	1	861										
90	90	537/4	537/4	0.5	3/16	3/16	Chord	3/8	1	1	1/8		1/8	1	862										
90	90	539/4	539/4	0.25	5/16	5/16	Chord	3/8	1	1	1/16		1/16	1	863										
90	90	267/2	267/2	0.25	0	0	Chord	3/8	1	2	1/16		1/16	1	864				141						
90	90	535/4	535/4	0.25	1/16	1/16	Chord	3/8	1	2	1/16		1/16	1	865				141						
90	90	134	134	0.25	1/8	1/8	Chord	3/8	1	2	1/16		1/16	1	866				141						
90	90	537/4	537/4	0.25	3/16	3/16	Chord	3/8	1	2	1/16		1/16	1	867				141						
90	90	269/2	269/2	0.25	1/4	1/4	Chord	3/8	1	2	1/16		1/16	1	868				141						
90	90	539/4	539/4	0.25	5/16	5/16	Chord	3/8	1	2	1/16		1/16	1	869										
90	90	267/2	267/2	0.0	0	0	Spanner	3/8	2	1	0														
90	90	267/2	267/2	0.5	0	0	Chord	3/8	2	1	1/8		1/8	1	870										
90	90	134	134	0.5	1/8	1/8	Chord	3/8	2	1	1/8		1/8	1	871										
90	90	269/2	269/2	0.5	1/4	1/4	Chord	3/8	2	1	1/8		1/8	1	872										
90	90	267/2	267/2	0.25	0	0	Chord	3/8	2	2	1/16		1/16	1	873				142						
90	90	535/4	535/4	0.25	1/16	1/16	Chord	3/8	2	2	1/16		1/16	1	874				142						
90	90	134	134	0.25	1/8	1/8	Chord	3/8	2	2	1/16		1/16	1	875				142						
90	90	537/4	537/4	0.25	3/16	3/16	Chord	3/8	2	2	1/16		1/16	1	876				142						
90	90	269/2	269/2	0.25	1/4	1/4	Chord	3/8	2	2	1/16		1/16	1	877				142						
90	90	539/4	539/4	0.25	5/16	5/16	Chord	3/8	2	2	1/16		1/16	1	878										
91	91	135	135	1.0	0	0	Chord	3/8	1	1	1/4		1/4	1	879										
91	91	136	136	0.5	1/4	1/4	Chord	3/8	1	1	1/8		1/8	1	880										
91	91	135	135	0.0	0	0	Spanner	3/8	2	1	0													48	48
91	91	135	135	1.0	0	0	Chord	3/8	2	1	1/4		1/4	1	881									48	48
91	91	135	135	0.16666666666666666	0	0	Chord	3/8	2	2	1/24		1/16	2/3	882				143					48	48
91	91	811/6	811/6	0.16666666666666666	1/24	1/24	Chord	3/8	2	2	1/24		1/16	2/3	883				143					48	48
91	91	406/3	406/3	0.16666666666666666	1/12	1/12	Chord	3/8	2	2	1/24		1/16	2/3	884				143					48	48
91	91	271/2	271/2	0.25	1/8	1/8	Chord	3/8	2	2	1/16		1/16	1	885				143					48	48
91	91	543/4	543/4	0.25	3/16	3/16	Chord	3/8	2	2	1/16		1/16	1	886				143					48	48
91	91	136	136	0.25	1/4	1/4	Chord	3/8	2	2	1/16		1/16	1	887				143					48	48
91	91	545/4	545/4	0.25	5/16	5/16	Chord	3/8	2	2	1/16		1/16	1	888									48	48
92	92	273/2	273/2	0.5	0	0	Chord	3/8	1	1	1/8		1/8	1	889		articStaccatoBelow		144						
92	92	137	137	0.5	1/8	1/8	Chord	3/8	1	1	1/8		1/8	1	890		articStaccatoBelow		144						
92	92	275/2	275/2	0.5	1/4	1/4	Chord	3/8	1	1	1/8		1/8	1	891		articStaccatoBelow								
92	92	273/2	273/2	0.0	0	0	Spanner	3/8	2	1	0														
92	92	273/2	273/2	0.25	0	0	Chord	3/8	2	1	1/16		1/16	1	892				145						
92	92	547/4	547/4	0.25	1/16	1/16	Chord	3/8	2	1	1/16		1/16	1	893				145						
92	92	137	137	0.25	1/8	1/8	Chord	3/8	2	1	1/16		1/16	1	894				145						
92	92	549/4	549/4	0.25	3/16	3/16	Chord	3/8	2	1	1/16		1/16	1	895				145						
92	92	275/2	275/2	0.25	1/4	1/4	Chord	3/8	2	1	1/16		1/16	1	896				145						
92	92	551/4	551/4	0.25	5/16	5/16	Chord	3/8	2	1	1/16		1/16	1	897										
93	93	138	138	0.0	0	0	Chord	3/8	1	1	0	grace16	1/16	1	898										
93	93	138	138	0.0	0	0	Chord	3/8	1	1	0	grace16	1/16	1	899										
93	93	138	138	0.0	0	0	Chord	3/8	1	1	0	grace16	1/16	1	900										
93	93	138	138	0.0	0	0	Chord	3/8	1	1	0	grace16	1/16	1	901										
93	93	138	138	1.0	0	0	Chord	3/8	1	1	1/4		1/4	1	902				146						
93	93	139	139	0.5	1/4	1/4	Chord	3/8	1	1	1/8		1/8	1	903		articStaccatoAbove								
93	93	138	138	0.0	0	0	Spanner	3/8	2	1	0													49	49
93	93	138	138	0.16666666666666666	0	0	Chord	3/8	2	1	1/24		1/16	2/3	904				147					49	49
93	93	829/6	829/6	0.16666666666666666	1/24	1/24	Chord	3/8	2	1	1/24		1/16	2/3	905				147					49	49
93	93	415/3	415/3	0.16666666666666666	1/12	1/12	Chord	3/8	2	1	1/24		1/16	2/3	906				147					49	49
93	93	277/2	277/2	0.25	1/8	1/8	Chord	3/8	2	1	1/16		1/16	1	907				147					49	49
93	93	555/4	555/4	0.25	3/16	3/16	Chord	3/8	2	1	1/16		1/16	1	908				147					49	49
93	93	139	139	0.25	1/4	1/4	Chord	3/8	2	1	1/16		1/16	1	909				147					49	49
93	93	557/4	557/4	0.25	5/16	5/16	Chord	3/8	2	1	1/16		1/16	1	910									49	49
94	94	279/2	279/2	0.5	0	0	Chord	3/8	1	1	1/8		1/8	1	911		articStaccatoBelow		148						
94	94	140	140	0.5	1/8	1/8	Chord	3/8	1	1	1/8		1/8	1	912		articStaccatoBelow		148						
94	94	281/2	281/2	0.5	1/4	1/4	Chord	3/8	1	1	1/8		1/8	1	913		articStaccatoBelow								
94	94	279/2	279/2	0.0	0	0	Spanner	3/8	2	1	0														
94	94	279/2	279/2	0.25	0	0	Chord	3/8	2	1	1/16		1/16	1	914				149						
94	94	559/4	559/4	0.25	1/16	1/16	Chord	3/8	2	1	1/16		1/16	1	915				149						
94	94	140	140	0.25	1/8	1/8	Chord	3/8	2	1	1/16		1/16	1	916				149						
94	94	561/4	561/4	0.25	3/16	3/16	Chord	3/8	2	1	1/16		1/16	1	917				149						
94	94	281/2	281/2	0.25	1/4	1/4	Chord	3/8	2	1	1/16		1/16	1	918				149						
94	94	563/4	563/4	0.25	5/16	5/16	Chord	3/8	2	1	1/16		1/16	1	919										
95	95	141	141	0.0	0	0	Chord	3/8	1	1	0	grace16	1/16	1	920										
95	95	141	141	0.0	0	0	Chord	3/8	1	1	0	grace16	1/16	1	921										
95	95	141	141	0.0	0	0	Chord	3/8	1	1	0	grace16	1/16	1	922										
95	95	141	141	0.0	0	0	Chord	3/8	1	1	0	grace16	1/16	1	923										
95	95	141	141	1.0	0	0	Chord	3/8	1	1	1/4		1/4	1	924				150						
95	95	142	142	0.5	1/4	1/4	Chord	3/8	1	1	1/8		1/8	1	925		articStaccatoAbove								
95	95	141	141	0.0	0	0	Spanner	3/8	2	1	0													50	50
95	95	141	141	0.16666666666666666	0	0	Chord	3/8	2	1	1/24		1/16	2/3	926				151					50	50
95	95	847/6	847/6	0.16666666666666666	1/24	1/24	Chord	3/8	2	1	1/24		1/16	2/3	927				151					50	50
95	95	424/3	424/3	0.16666666666666666	1/12	1/12	Chord	3/8	2	1	1/24		1/16	2/3	928				151					50	50
95	95	283/2	283/2	0.25	1/8	1/8	Chord	3/8	2	1	1/16		1/16	1	929				151					50	50
95	95	567/4	567/4	0.25	3/16	3/16	Chord	3/8	2	1	1/16		1/16	1	930				151					50	50
95	95	142	142	0.25	1/4	1/4	Chord	3/8	2	1	1/16		1/16	1	931				151					50	50
95	95	569/4	569/4	0.25	5/16	5/16	Chord	3/8	2	1	1/16		1/16	1	932									50	50
96	96	285/2	285/2	0.0	0	0	StaffText	3/8	1	1	0							raddolcente							
96	96	285/2	285/2	0.5	0	0	Chord	3/8	1	1	1/8		1/8	1	933		articStaccatoBelow		152						
96	96	143	143	0.5	1/8	1/8	Chord	3/8	1	1	1/8		1/8	1	934		articStaccatoBelow		152						
96	96	287/2	287/2	0.5	1/4	1/4	Chord	3/8	1	1	1/8		1/8	1	935		articStaccatoBelow								
96	96	285/2	285/2	0.0	0	0	Spanner	3/8	2	1	0														
96	96	285/2	285/2	0.25	0	0	Chord	3/8	2	1	1/16		1/16	1	936				153						
96	96	571/4	571/4	0.25	1/16	1/16	Chord	3/8	2	1	1/16		1/16	1	937				153						
96	96	143	143	0.25	1/8	1/8	Chord	3/8	2	1	1/16		1/16	1	938				153						
96	96	573/4	573/4	0.25	3/16	3/16	Chord	3/8	2	1	1/16		1/16	1	939				153						
96	96	287/2	287/2	0.25	1/4	1/4	Chord	3/8	2	1	1/16		1/16	1	940				153						
96	96	575/4	575/4	0.25	5/16	5/16	Chord	3/8	2	1	1/16		1/16	1	941										
97	97	144	144	0.5	0	0	Chord	3/8	1	1	1/8		1/8	1	942		articStaccatoAbove		154						
97	97	289/2	289/2	0.5	1/8	1/8	Chord	3/8	1	1	1/8		1/8	1	943		articStaccatoAbove		154						
97	97	145	145	0.5	1/4	1/4	Chord	3/8	1	1	1/8		1/8	1	944		articStaccatoAbove		154						
97	97	144	144	0.25	0	0	Chord	3/8	2	1	1/16		1/16	1	945				155						
97	97	577/4	577/4	0.25	1/16	1/16	Chord	3/8	2	1	1/16		1/16	1	946				155						
97	97	289/2	289/2	0.25	1/8	1/8	Chord	3/8	2	1	1/16		1/16	1	947				155						
97	97	579/4	579/4	0.25	3/16	3/16	Chord	3/8	2	1	1/16		1/16	1	948				155						
97	97	145	145	0.25	1/4	1/4	Chord	3/8	2	1	1/16		1/16	1	949				155						
97	97	581/4	581/4	0.25	5/16	5/16	Chord	3/8	2	1	1/16		1/16	1	950										
98	98	291/2	291/2	0.5	0	0	Chord	3/8	1	1	1/8		1/8	1	951		articStaccatoAbove		154						
98	98	146	146	0.5	1/8	1/8	Chord	3/8	1	1	1/8		1/8	1	952		articStaccatoAbove		154						
98	98	293/2	293/2	0.5	1/4	1/4	Chord	3/8	1	1	1/8		1/8	1	953		articStaccatoAbove								
98	98	291/2	291/2	0.25	0	0	Chord	3/8	2	1	1/16		1/16	1	954				156						
98	98	583/4	583/4	0.25	1/16	1/16	Chord	3/8	2	1	1/16		1/16	1	955				156						
98	98	146	146	0.25	1/8	1/8	Chord	3/8	2	1	1/16		1/16	1	956				156						
98	98	585/4	585/4	0.25	3/16	3/16	Chord	3/8	2	1	1/16		1/16	1	957				156						
98	98	293/2	293/2	0.25	1/4	1/4	Chord	3/8	2	1	1/16		1/16	1	958				156						
98	98	587/4	587/4	0.25	5/16	5/16	Chord	3/8	2	1	1/16		1/16	1	959										
99	99	147	147	1.5	0	0	Chord	3/8	1	1	3/8		1/4	3/2	960										
99	99	147	147	0.0	0	0	Spanner	3/8	2	1	0													51	51
99	99	147	147	0.16666666666666666	0	0	Chord	3/8	2	1	1/24		1/16	2/3	961				157					51	51
99	99	883/6	883/6	0.16666666666666666	1/24	1/24	Chord	3/8	2	1	1/24		1/16	2/3	962				157					51	51
99	99	442/3	442/3	0.16666666666666666	1/12	1/12	Chord	3/8	2	1	1/24		1/16	2/3	963				157					51	51
99	99	295/2	295/2	0.25	1/8	1/8	Chord	3/8	2	1	1/16		1/16	1	964				157					51	51
99	99	591/4	591/4	0.25	3/16	3/16	Chord	3/8	2	1	1/16		1/16	1	965				157					51	51
99	99	148	148	0.25	1/4	1/4	Chord	3/8	2	1	1/16		1/16	1	966				157					51	51
99	99	593/4	593/4	0.25	5/16	5/16	Chord	3/8	2	1	1/16		1/16	1	967									51	51
100	100	297/2	297/2	0.0	0	0	StaffText	3/8	1	1	0							smorzando							
100	100	297/2	297/2	1.5	0	0	Chord	3/8	1	1	3/8		1/4	3/2	968										
100	100	297/2	297/2	0.0	0	0	Spanner	3/8	2	1	0														
100	100	297/2	297/2	0.0	0	0	Spanner	3/8	2	1	0													52	52
100	100	297/2	297/2	0.16666666666666666	0	0	Chord	3/8	2	1	1/24		1/16	2/3	969				158					52	52
100	100	446/3	446/3	0.16666666666666666	1/24	1/24	Chord	3/8	2	1	1/24		1/16	2/3	970				158					52	52
100	100	893/6	893/6	0.16666666666666666	1/12	1/12	Chord	3/8	2	1	1/24		1/16	2/3	971				158					52	52
100	100	149	149	0.25	1/8	1/8	Chord	3/8	2	1	1/16		1/16	1	972				158					52	52
100	100	597/4	597/4	0.25	3/16	3/16	Chord	3/8	2	1	1/16		1/16	1	973				158					52	52
100	100	299/2	299/2	0.25	1/4	1/4	Chord	3/8	2	1	1/16		1/16	1	974				158					52	52
100	100	599/4	599/4	0.25	5/16	5/16	Chord	3/8	2	1	1/16		1/16	1	975									52	52
101	101	150	150	1.5	0	0	Chord	3/8	1	1	3/8		1/4	3/2	976										
101	101	150	150	0.16666666666666666	0	0	Chord	3/8	2	1	1/24		1/16	2/3	977				159					52	52
101	101	901/6	901/6	0.16666666666666666	1/24	1/24	Chord	3/8	2	1	1/24		1/16	2/3	978				159					52	52
101	101	451/3	451/3	0.16666666666666666	1/12	1/12	Chord	3/8	2	1	1/24		1/16	2/3	979				159					52	52
101	101	301/2	301/2	0.25	1/8	1/8	Chord	3/8	2	1	1/16		1/16	1	980				159					52	52
101	101	603/4	603/4	0.25	3/16	3/16	Chord	3/8	2	1	1/16		1/16	1	981				159					52	52
101	101	151	151	0.25	1/4	1/4	Chord	3/8	2	1	1/16		1/16	1	982				159					52	52
101	101	605/4	605/4	0.25	5/16	5/16	Chord	3/8	2	1	1/16		1/16	1	983									52	52
102	102	303/2	303/2	1.5	0	0	Chord	2/4	1	1	3/8		1/4	3/2	984										
102	102	303/2	303/2	0.16666666666666666	0	0	Chord	2/4	2	1	1/24		1/16	2/3	985				160					52	52
102	102	455/3	455/3	0.16666666666666666	1/24	1/24	Chord	2/4	2	1	1/24		1/16	2/3	986				160					52	52
102	102	911/6	911/6	0.16666666666666666	1/12	1/12	Chord	2/4	2	1	1/24		1/16	2/3	987				160					52	52
102	102	152	152	0.25	1/8	1/8	Chord	2/4	2	1	1/16		1/16	1	988				160					52	52
102	102	609/4	609/4	0.25	3/16	3/16	Chord	2/4	2	1	1/16		1/16	1	989				160					52	52
102	102	305/2	305/2	0.25	1/4	1/4	Chord	2/4	2	1	1/16		1/16	1	990				160					52	52
102	102	611/4	611/4	0.25	5/16	5/16	Chord	2/4	2	1	1/16		1/16	1	991									52	52
103	103	615/4	615/4	0.0	1/16	1/16	StaffText	2/4	1	1	0							"<font size=""12""/>sempre dolcissimo"							
103	103	615/4	615/4	0.25	1/16	1/16	Chord	2/4	1	1	1/16		1/16	1	992				161						
103	103	154	154	0.25	1/8	1/8	Chord	2/4	1	1	1/16		1/16	1	993				161						
103	103	617/4	617/4	0.25	3/16	3/16	Chord	2/4	1	1	1/16		1/16	1	994				161						
103	103	309/2	309/2	0.25	1/4	1/4	Chord	2/4	1	1	1/16		1/16	1	995				161						
103	103	619/4	619/4	0.25	5/16	5/16	Chord	2/4	1	1	1/16		1/16	1	996				161						
103	103	155	155	0.25	3/8	3/8	Chord	2/4	1	1	1/16		1/16	1	997				161						
103	103	621/4	621/4	0.25	7/16	7/16	Chord	2/4	1	1	1/16		1/16	1	998										
103	103	307/2	307/2	2.0	0	0	Chord	2/4	2	1	1/2		1/2	1	999									52	52
104	104	311/2	311/2	0.25	0	0	Chord	2/4	1	1	1/16		1/16	1	1000				162						
104	104	623/4	623/4	0.25	1/16	1/16	Chord	2/4	1	1	1/16		1/16	1	1001				162						
104	104	156	156	0.25	1/8	1/8	Chord	2/4	1	1	1/16		1/16	1	1002				162						
104	104	625/4	625/4	0.25	3/16	3/16	Chord	2/4	1	1	1/16		1/16	1	1003				162						
104	104	313/2	313/2	0.25	1/4	1/4	Chord	2/4	1	1	1/16		1/16	1	1004				162						
104	104	627/4	627/4	0.25	5/16	5/16	Chord	2/4	1	1	1/16		1/16	1	1005				162						
104	104	157	157	0.25	3/8	3/8	Chord	2/4	1	1	1/16		1/16	1	1006				162						
104	104	629/4	629/4	0.25	7/16	7/16	Chord	2/4	1	1	1/16		1/16	1	1007				162						
104	104	311/2	311/2	0.0	0	0	Spanner	2/4	2	1	0														
104	104	311/2	311/2	0.0	0	0	Spanner	2/4	2	1	0													53	53
104	104	311/2	311/2	2.0	0	0	Chord	2/4	2	1	1/2		1/2	1	1008									53	53
105	105	315/2	315/2	0.25	0	0	Chord	2/4	1	1	1/16		1/16	1	1009				162						
105	105	631/4	631/4	0.25	1/16	1/16	Chord	2/4	1	1	1/16		1/16	1	1010				162						
105	105	158	158	0.25	1/8	1/8	Chord	2/4	1	1	1/16		1/16	1	1011				162						
105	105	633/4	633/4	0.25	3/16	3/16	Chord	2/4	1	1	1/16		1/16	1	1012				162						
105	105	317/2	317/2	0.25	1/4	1/4	Chord	2/4	1	1	1/16		1/16	1	1013				162						
105	105	635/4	635/4	0.25	5/16	5/16	Chord	2/4	1	1	1/16		1/16	1	1014				162						
105	105	159	159	0.16666666666666666	3/8	3/8	Chord	2/4	1	1	1/24		1/16	2/3	1015				162						
105	105	955/6	955/6	0.16666666666666666	5/12	5/12	Chord	2/4	1	1	1/24		1/16	2/3	1016										
105	105	1913/12	1913/12	0.0	23/48	23/48	Spanner	2/4	1	1	0												2		
105	105	1913/12	1913/12	0.08333333333333333	23/48	23/48	Chord	2/4	1	1	1/48		1/32	2/3	1017								2		
105	105	315/2	315/2	0.0	0	0	Spanner	2/4	2	1	0														
105	105	315/2	315/2	0.0	0	0	Spanner	2/4	2	1	0													54	54
105	105	315/2	315/2	2.0	0	0	Chord	2/4	2	1	1/2		1/2	1	1018									54	54
106	106	319/2	319/2	0.25	0	0	Chord	2/4	1	1	1/16		1/16	1	1019				163				2		
106	106	639/4	639/4	0.25	1/16	1/16	Chord	2/4	1	1	1/16		1/16	1	1020				163				2		
106	106	160	160	0.25	1/8	1/8	Chord	2/4	1	1	1/16		1/16	1	1021				163				2		
106	106	641/4	641/4	0.25	3/16	3/16	Chord	2/4	1	1	1/16		1/16	1	1022				163				2		
106	106	321/2	321/2	0.25	1/4	1/4	Chord	2/4	1	1	1/16		1/16	1	1023				163				2		
106	106	643/4	643/4	0.25	5/16	5/16	Chord	2/4	1	1	1/16		1/16	1	1024				163				2		
106	106	161	161	0.25	3/8	3/8	Chord	2/4	1	1	1/16		1/16	1	1025				163				2		
106	106	645/4	645/4	0.25	7/16	7/16	Chord	2/4	1	1	1/16		1/16	1	1026				163				2		
106	106	319/2	319/2	0.0	0	0	Spanner	2/4	2	1	0														
106	106	319/2	319/2	0.0	0	0	Spanner	2/4	2	1	0													55	55
106	106	319/2	319/2	2.0	0	0	Chord	2/4	2	1	1/2		1/2	1	1027									55	55
107	107	323/2	323/2	0.0	0	0	Spanner	2/4	1	1	0								163						
107	107	323/2	323/2	0.25	0	0	Chord	2/4	1	1	1/16		1/16	1	1028				163						
107	107	647/4	647/4	0.25	1/16	1/16	Chord	2/4	1	1	1/16		1/16	1	1029				163						
107	107	162	162	0.25	1/8	1/8	Chord	2/4	1	1	1/16		1/16	1	1030				163						
107	107	649/4	649/4	0.25	3/16	3/16	Chord	2/4	1	1	1/16		1/16	1	1031				163						
107	107	325/2	325/2	0.25	1/4	1/4	Chord	2/4	1	1	1/16		1/16	1	1032				163						
107	107	651/4	651/4	0.25	5/16	5/16	Chord	2/4	1	1	1/16		1/16	1	1033				163						
107	107	163	163	0.16666666666666666	3/8	3/8	Chord	2/4	1	1	1/24		1/16	2/3	1034				163						
107	107	979/6	979/6	0.16666666666666666	5/12	5/12	Chord	2/4	1	1	1/24		1/16	2/3	1035										
107	107	1961/12	1961/12	0.0	23/48	23/48	Spanner	2/4	1	1	0												3		
107	107	1961/12	1961/12	0.08333333333333333	23/48	23/48	Chord	2/4	1	1	1/48		1/32	2/3	1036								3		
107	107	323/2	323/2	0.0	0	0	Spanner	2/4	2	1	0														
107	107	323/2	323/2	0.0	0	0	Spanner	2/4	2	1	0													56	56
107	107	323/2	323/2	2.0	0	0	Chord	2/4	2	1	1/2		1/2	1	1037									56	56
108	108	327/2	327/2	0.25	0	0	Chord	2/4	1	1	1/16		1/16	1	1038				164				3		
108	108	655/4	655/4	0.25	1/16	1/16	Chord	2/4	1	1	1/16		1/16	1	1039				164				3		
108	108	164	164	0.25	1/8	1/8	Chord	2/4	1	1	1/16		1/16	1	1040				164				3		
108	108	657/4	657/4	0.25	3/16	3/16	Chord	2/4	1	1	1/16		1/16	1	1041				164				3		
108	108	329/2	329/2	0.25	1/4	1/4	Chord	2/4	1	1	1/16		1/16	1	1042				164				3		
108	108	659/4	659/4	0.25	5/16	5/16	Chord	2/4	1	1	1/16		1/16	1	1043				164				3		
108	108	165	165	0.25	3/8	3/8	Chord	2/4	1	1	1/16		1/16	1	1044				164				3		
108	108	661/4	661/4	0.25	7/16	7/16	Chord	2/4	1	1	1/16		1/16	1	1045								3		
108	108	327/2	327/2	0.0	0	0	Spanner	2/4	2	1	0														
108	108	327/2	327/2	0.0	0	0	Spanner	2/4	2	1	0													57	57
108	108	327/2	327/2	2.0	0	0	Chord	2/4	2	1	1/2		1/2	1	1046									57	57
109	109	331/2	331/2	0.0	0	0	Spanner	2/4	1	1	0														
109	109	331/2	331/2	0.25	0	0	Chord	2/4	1	1	1/16		1/16	1	1047				165						
109	109	663/4	663/4	0.25	1/16	1/16	Chord	2/4	1	1	1/16		1/16	1	1048				165						
109	109	166	166	0.25	1/8	1/8	Chord	2/4	1	1	1/16		1/16	1	1049				165						
109	109	665/4	665/4	0.25	3/16	3/16	Chord	2/4	1	1	1/16		1/16	1	1050				165						
109	109	333/2	333/2	0.25	1/4	1/4	Chord	2/4	1	1	1/16		1/16	1	1051				165						
109	109	667/4	667/4	0.25	5/16	5/16	Chord	2/4	1	1	1/16		1/16	1	1052				165						
109	109	167	167	0.25	3/8	3/8	Chord	2/4	1	1	1/16		1/16	1	1053				165						
109	109	669/4	669/4	0.25	7/16	7/16	Chord	2/4	1	1	1/16		1/16	1	1054				165						
109	109	331/2	331/2	1.0	0	0	Chord	2/4	2	1	1/4		1/4	1	1055									57	57
109	109	333/2	333/2	1.0	1/4	1/4	Chord	2/4	2	1	1/4		1/4	1	1056									57	57
110	110	335/2	335/2	0.0	0	0	StaffText	2/4	1	1	0							mancando	165						
110	110	335/2	335/2	0.25	0	0	Chord	2/4	1	1	1/16		1/16	1	1057				165						
110	110	671/4	671/4	0.25	1/16	1/16	Chord	2/4	1	1	1/16		1/16	1	1058				165						
110	110	168	168	0.25	1/8	1/8	Chord	2/4	1	1	1/16		1/16	1	1059				165						
110	110	673/4	673/4	0.25	3/16	3/16	Chord	2/4	1	1	1/16		1/16	1	1060				165						
110	110	337/2	337/2	0.25	1/4	1/4	Chord	2/4	1	1	1/16		1/16	1	1061				165						
110	110	675/4	675/4	0.25	5/16	5/16	Chord	2/4	1	1	1/16		1/16	1	1062				165						
110	110	169	169	0.25	3/8	3/8	Chord	2/4	1	1	1/16		1/16	1	1063				165						
110	110	677/4	677/4	0.25	7/16	7/16	Chord	2/4	1	1	1/16		1/16	1	1064				165						
110	110	335/2	335/2	1.0	0	0	Chord	2/4	2	1	1/4		1/4	1	1065									57	57
110	110	337/2	337/2	1.0	1/4	1/4	Chord	2/4	2	1	1/4		1/4	1	1066									57	57
111	111	339/2	339/2	2.0	0	0	Chord	2/4	1	1	1/2		1/2	1	1067				165						
111	111	339/2	339/2	2.0	0	0	Chord	2/4	2	1	1/2		1/2	1	1068									57	57
112	112	343/2	343/2	0.5	0	0	Chord	2/4	1	1	1/8		1/8	1	1069		articStaccatoAbove								
112	112	343/2	343/2	0.5	0	0	Chord	2/4	2	1	1/8		1/8	1	1070									57	57
112	112	347/2	347/2	0.0	1/2	1/2	Spanner	2/4	2	1	0														
