mc	mn	onset	duration	gracenote	nominal_duration	scalar	tied	tpc	midi	staff	voice	volta
1	0	1	1/8		1/8	1		5	59	2	1	
1	0	9/8	1/4		1/4	1		5	47	2	1	
1	0	11/8	1/8		1/8	1		5	59	2	1	
2	1	0	1/4		1/4	1		4	40	2	1	
2	1	1/4	1/8		1/8	1		5	59	2	1	
2	1	3/8	1/4		1/4	1		5	47	2	1	
2	1	5/8	1/8		1/8	1		5	59	2	1	
2	1	3/4	1/4		1/4	1		4	40	2	1	
2	1	1	1/8		1/8	1		5	59	2	1	
2	1	9/8	1/4		1/4	1		5	47	2	1	
2	1	11/8	1/8		1/8	1		5	59	2	1	
3	2	0	1.5		1.0	3/2		4	40	2	2	
3	2	0	1/8		1/8	1		5	83	1	1	
3	2	0	1/8		1/8	1		9	87	1	1	
3	2	1/8	1/8		1/8	1		3	81	1	1	
3	2	1/8	1/8		1/8	1		7	85	1	1	
3	2	1/4	1/8		1/8	1		5	59	2	1	
3	2	1/4	1/8		1/8	1		8	80	1	1	
3	2	1/4	1/8		1/8	1		5	83	1	1	
3	2	3/8	1/4		1/4	1		4	52	2	1	
3	2	3/8	1/4		1/4	1		7	73	1	2	
3	2	3/8	1/8		1/8	1		3	81	1	1	
3	2	1/2	1/8		1/8	1		4	76	1	1	
3	2	5/8	1/8		1/8	1		5	59	2	1	
3	2	5/8	1/8		1/8	1		7	73	1	2	
3	2	5/8	1/8		1/8	1		4	76	1	1	
3	2	3/4	1/4		1/4	1		4	52	2	1	
3	2	3/4	1/8		1/8	1		5	71	1	2	
3	2	3/4	1/8		1/8	1		8	80	1	1	
3	2	7/8	1/8		1/8	1		8	68	1	2	
3	2	7/8	1/8		1/8	1		4	76	1	1	
3	2	1	1/8		1/8	1		5	59	2	1	
3	2	1	1/8		1/8	1		9	63	1	2	
3	2	1	1/8		1/8	1		3	69	1	2	
3	2	1	1/8		1/8	1		5	71	1	1	
3	2	9/8	1/4		1/4	1		4	52	2	1	
3	2	9/8	1/4		1/4	1		4	64	1	2	
3	2	9/8	1/4		1/4	1		8	68	1	2	
3	2	9/8	1/8		1/8	1		4	76	1	1	
3	2	5/4	1/8		1/8	1		5	71	1	1	
3	2	11/8	1/8		1/8	1		5	59	2	1	
3	2	11/8	1/8		1/8	1		8	68	1	2	
3	2	11/8	1/8		1/8	1		5	71	1	1	
4	3	0	1.5		1.0	3/2		4	40	2	2	
4	3	0	1/8		1/8	1		5	83	1	1	
4	3	0	1/8		1/8	1		9	87	1	1	
4	3	1/8	1/8		1/8	1		3	81	1	1	
4	3	1/8	1/8		1/8	1		7	85	1	1	
4	3	1/4	1/8		1/8	1		5	59	2	1	
4	3	1/4	1/8		1/8	1		8	80	1	1	
4	3	1/4	1/8		1/8	1		5	83	1	1	
4	3	3/8	1/4		1/4	1		4	52	2	1	
4	3	3/8	1/4		1/4	1		7	73	1	2	
4	3	3/8	1/8		1/8	1		3	81	1	1	
4	3	1/2	1/8		1/8	1		4	76	1	1	
4	3	5/8	1/8		1/8	1		5	59	2	1	
4	3	5/8	1/8		1/8	1		7	73	1	2	
4	3	5/8	1/8		1/8	1		4	76	1	1	
4	3	3/4	1/4		1/4	1		4	52	2	1	
4	3	3/4	1/8		1/8	1		5	71	1	2	
4	3	3/4	1/8		1/8	1		8	80	1	1	
4	3	7/8	1/8		1/8	1		8	68	1	2	
4	3	7/8	1/8		1/8	1		4	76	1	1	
4	3	1	1/8		1/8	1		5	59	2	1	
4	3	1	1/8		1/8	1		9	63	1	2	
4	3	1	1/8		1/8	1		3	69	1	2	
4	3	1	1/8		1/8	1		5	71	1	1	
4	3	9/8	1/4		1/4	1		4	52	2	1	
4	3	9/8	1/4		1/4	1		4	64	1	2	
4	3	9/8	1/4		1/4	1		8	68	1	2	
4	3	9/8	1/4		1/4	1		4	76	1	1	
4	3	11/8	1/8		1/8	1		5	59	2	1	
5	4	0	1.5		1.0	3/2		4	40	2	2	
5	4	0	1/8		1/8	1		5	71	1	1	
5	4	0	1/8		1/8	1		8	80	1	1	
5	4	1/8	1/8		1/8	1		3	69	1	1	
5	4	1/8	1/8		1/8	1		6	78	1	1	
5	4	1/4	1/8		1/8	1		2	62	2	1	
5	4	1/4	1/8		1/8	1		5	71	1	1	
5	4	1/4	1/8		1/8	1		8	80	1	1	
5	4	3/8	1/4		1/4	1		4	52	2	1	
5	4	3/8	1/4		1/4	1		7	73	1	2	
5	4	3/8	1/8		1/8	1		3	81	1	1	
5	4	1/2	1/8		1/8	1		4	76	1	1	
5	4	5/8	1/8		1/8	1		7	61	2	1	
5	4	5/8	1/8		1/8	1		3	69	1	2	
5	4	5/8	1/8		1/8	1		4	76	1	1	
5	4	3/4	1/4		1/4	1		4	52	2	1	
5	4	3/4	1/8		1/8	1		5	71	1	1	
5	4	3/4	1/8		1/8	1		8	80	1	1	
5	4	7/8	1/8		1/8	1		3	69	1	1	
5	4	7/8	1/8		1/8	1		6	78	1	1	
5	4	1	1/8		1/8	1		9	63	2	1	
5	4	1	1/8		1/8	1		5	71	1	1	
5	4	1	1/8		1/8	1		8	80	1	1	
5	4	9/8	1/4		1/4	1		4	52	2	1	
5	4	9/8	1/4		1/4	1		8	68	1	2	
5	4	9/8	1/8		1/8	1		4	76	1	1	
5	4	5/4	1/8		1/8	1		5	71	1	1	
5	4	11/8	1/8		1/8	1		5	59	2	1	
5	4	11/8	1/8		1/8	1		4	64	2	1	
5	4	11/8	1/8		1/8	1		8	68	1	2	
5	4	11/8	1/8		1/8	1		5	71	1	1	
6	5	0	1.5		1.0	3/2		4	40	2	2	
6	5	0	1/8		1/8	1		5	71	1	1	
6	5	0	1/8		1/8	1		8	80	1	1	
6	5	1/8	1/8		1/8	1		3	69	1	1	
6	5	1/8	1/8		1/8	1		6	78	1	1	
6	5	1/4	1/8		1/8	1		2	62	2	1	
6	5	1/4	1/8		1/8	1		5	71	1	1	
6	5	1/4	1/8		1/8	1		8	80	1	1	
6	5	3/8	1/4		1/4	1		4	52	2	1	
6	5	3/8	1/4		1/4	1		7	73	1	2	
6	5	3/8	1/8		1/8	1		3	81	1	1	
6	5	1/2	1/8		1/8	1		4	76	1	1	
6	5	5/8	1/8		1/8	1		7	61	2	1	
6	5	5/8	1/8		1/8	1		3	69	1	2	
6	5	5/8	1/8		1/8	1		4	76	1	1	
6	5	3/4	1/4		1/4	1		4	52	2	1	
6	5	3/4	1/8		1/8	1		5	71	1	1	
6	5	3/4	1/8		1/8	1		8	80	1	1	
6	5	7/8	1/8		1/8	1		3	69	1	1	
6	5	7/8	1/8		1/8	1		6	78	1	1	
6	5	1	1/8		1/8	1		9	63	2	1	
6	5	1	1/8		1/8	1		5	71	1	1	
6	5	1	1/8		1/8	1		8	80	1	1	
6	5	9/8	1/4		1/4	1		4	52	2	1	
6	5	9/8	1/4		1/4	1		5	59	2	1	
6	5	9/8	1/4		1/4	1		8	68	1	1	
6	5	9/8	1/4		1/4	1		4	76	1	1	
6	5	11/8	1/8		1/8	1		5	47	2	1	
7	6	0	1/4		1/4	1		4	40	2	1	
7	6	1/4	1/8		1/8	1		5	59	2	1	
7	6	3/8	1/4		1/4	1		5	47	2	1	
7	6	5/8	1/8		1/8	1		5	59	2	1	
7	6	3/4	1/4		1/4	1		4	40	2	1	
7	6	1	1/8		1/8	1		5	59	2	1	
7	6	9/8	1/4		1/4	1		5	47	2	1	
7	6	11/8	1/8		1/8	1		5	59	2	1	
8	7	0	1.5		1.0	3/2		4	40	2	2	
8	7	0	1/8		1/8	1		5	83	1	1	
8	7	0	1/8		1/8	1		9	87	1	1	
8	7	1/8	1/8		1/8	1		3	81	1	1	
8	7	1/8	1/8		1/8	1		7	85	1	1	
8	7	1/4	1/8		1/8	1		5	59	2	1	
8	7	1/4	1/8		1/8	1		8	80	1	1	
8	7	1/4	1/8		1/8	1		5	83	1	1	
8	7	3/8	1/4		1/4	1		4	52	2	1	
8	7	3/8	1/4		1/4	1		7	73	1	2	
8	7	3/8	1/8		1/8	1		3	81	1	1	
8	7	1/2	1/8		1/8	1		4	76	1	1	
8	7	5/8	1/8		1/8	1		5	59	2	1	
8	7	5/8	1/8		1/8	1		7	73	1	2	
8	7	5/8	1/8		1/8	1		4	76	1	1	
8	7	3/4	1/4		1/4	1		4	52	2	1	
8	7	3/4	1/8		1/8	1		5	71	1	2	
8	7	3/4	1/8		1/8	1		8	80	1	1	
8	7	7/8	1/8		1/8	1		8	68	1	2	
8	7	7/8	1/8		1/8	1		4	76	1	1	
8	7	1	1/8		1/8	1		5	59	2	1	
8	7	1	1/8		1/8	1		9	63	1	2	
8	7	1	1/8		1/8	1		3	69	1	2	
8	7	1	1/8		1/8	1		5	71	1	1	
8	7	9/8	1/4		1/4	1		4	52	2	1	
8	7	9/8	1/4		1/4	1		4	64	1	2	
8	7	9/8	1/4		1/4	1		8	68	1	2	
8	7	9/8	1/8		1/8	1		4	76	1	1	
8	7	5/4	1/8		1/8	1		5	71	1	1	
8	7	11/8	1/8		1/8	1		5	59	2	1	
8	7	11/8	1/8		1/8	1		8	68	1	2	
8	7	11/8	1/8		1/8	1		5	71	1	1	
9	8	0	1.5		1.0	3/2		4	40	2	2	
9	8	0	1/8		1/8	1		5	83	1	1	
9	8	0	1/8		1/8	1		9	87	1	1	
9	8	1/8	1/8		1/8	1		3	81	1	1	
9	8	1/8	1/8		1/8	1		7	85	1	1	
9	8	1/4	1/8		1/8	1		5	59	2	1	
9	8	1/4	1/8		1/8	1		8	80	1	1	
9	8	1/4	1/8		1/8	1		5	83	1	1	
9	8	3/8	1/4		1/4	1		4	52	2	1	
9	8	3/8	1/4		1/4	1		7	73	1	2	
9	8	3/8	1/8		1/8	1		3	81	1	1	
9	8	1/2	1/8		1/8	1		4	76	1	1	
9	8	5/8	1/8		1/8	1		5	59	2	1	
9	8	5/8	1/8		1/8	1		7	73	1	2	
9	8	5/8	1/8		1/8	1		4	76	1	1	
9	8	3/4	1/4		1/4	1		4	52	2	1	
9	8	3/4	1/8		1/8	1		5	71	1	2	
9	8	3/4	1/8		1/8	1		8	80	1	1	
9	8	7/8	1/8		1/8	1		8	68	1	2	
9	8	7/8	1/8		1/8	1		4	76	1	1	
9	8	1	1/8		1/8	1		5	59	2	1	
9	8	1	1/8		1/8	1		9	63	1	2	
9	8	1	1/8		1/8	1		3	69	1	2	
9	8	1	1/8		1/8	1		5	71	1	1	
9	8	9/8	1/4		1/4	1		4	52	2	1	
9	8	9/8	1/4		1/4	1		4	64	1	2	
9	8	9/8	1/4		1/4	1		8	68	1	2	
9	8	9/8	1/4		1/4	1		4	76	1	1	
9	8	11/8	1/8		1/8	1		5	59	2	1	
10	9	0	1.5		1.0	3/2		4	40	2	2	
10	9	0	1/8		1/8	1		5	71	1	1	
10	9	0	1/8		1/8	1		8	80	1	1	
10	9	1/8	1/8		1/8	1		3	69	1	1	
10	9	1/8	1/8		1/8	1		6	78	1	1	
10	9	1/4	1/8		1/8	1		2	62	2	1	
10	9	1/4	1/8		1/8	1		5	71	1	1	
10	9	1/4	1/8		1/8	1		8	80	1	1	
10	9	3/8	1/4		1/4	1		4	52	2	1	
10	9	3/8	1/4		1/4	1		7	73	1	2	
10	9	3/8	1/8		1/8	1		3	81	1	1	
10	9	1/2	1/8		1/8	1		4	76	1	1	
10	9	5/8	1/8		1/8	1		7	61	2	1	
10	9	5/8	1/8		1/8	1		3	69	1	2	
10	9	5/8	1/8		1/8	1		4	76	1	1	
10	9	3/4	1/4		1/4	1		4	52	2	1	
10	9	3/4	1/8		1/8	1		5	71	1	1	
10	9	3/4	1/8		1/8	1		8	80	1	1	
10	9	7/8	1/8		1/8	1		3	69	1	1	
10	9	7/8	1/8		1/8	1		6	78	1	1	
10	9	1	1/8		1/8	1		9	63	2	1	
10	9	1	1/8		1/8	1		5	71	1	1	
10	9	1	1/8		1/8	1		8	80	1	1	
10	9	9/8	1/4		1/4	1		4	52	2	1	
10	9	9/8	1/4		1/4	1		8	68	1	2	
10	9	9/8	1/8		1/8	1		4	76	1	1	
10	9	5/4	1/8		1/8	1		5	71	1	1	
10	9	11/8	1/8		1/8	1		5	59	2	1	
10	9	11/8	1/8		1/8	1		4	64	2	1	
10	9	11/8	1/8		1/8	1		8	68	1	2	
10	9	11/8	1/8		1/8	1		5	71	1	1	
11	10	0	1.5		1.0	3/2		4	40	2	2	
11	10	0	1/8		1/8	1		5	71	1	1	
11	10	0	1/8		1/8	1		8	80	1	1	
11	10	1/8	1/8		1/8	1		3	69	1	1	
11	10	1/8	1/8		1/8	1		6	78	1	1	
11	10	1/4	1/8		1/8	1		2	62	2	1	
11	10	1/4	1/8		1/8	1		5	71	1	1	
11	10	1/4	1/8		1/8	1		8	80	1	1	
11	10	3/8	1/4		1/4	1		4	52	2	1	
11	10	3/8	1/4		1/4	1		7	73	1	2	
11	10	3/8	1/8		1/8	1		3	81	1	1	
11	10	1/2	1/8		1/8	1		4	76	1	1	
11	10	5/8	1/8		1/8	1		7	61	2	1	
11	10	5/8	1/8		1/8	1		3	69	1	2	
11	10	5/8	1/8		1/8	1		4	76	1	1	
11	10	3/4	1/4		1/4	1		4	52	2	1	
11	10	3/4	1/8		1/8	1		5	71	1	1	
11	10	3/4	1/8		1/8	1		8	80	1	1	
11	10	7/8	1/8		1/8	1		3	69	1	1	
11	10	7/8	1/8		1/8	1		6	78	1	1	
11	10	1	1/8		1/8	1		9	63	2	1	
11	10	1	1/8		1/8	1		5	71	1	1	
11	10	1	1/8		1/8	1		8	80	1	1	
11	10	9/8	1/4		1/4	1		4	52	2	1	
11	10	9/8	1/4		1/4	1		5	59	2	1	
11	10	9/8	1/4		1/4	1		8	68	1	1	
11	10	9/8	1/4		1/4	1		4	76	1	1	
12	11	0	1/8		1/8	1		9	63	1	1	
12	11	0	3/8		1/4	3/2		5	71	1	2	
12	11	1/8	1/8		1/8	1		5	47	2	1	
12	11	1/8	1/8		1/8	1		6	54	2	1	
12	11	1/8	1/16		1/16	1		6	66	1	1	
12	11	3/16	1/16		1/16	1		9	63	1	1	
12	11	1/4	1/8		1/8	1		5	47	2	1	
12	11	1/4	1/8		1/8	1		6	54	2	1	
12	11	1/4	1/16		1/16	1		5	59	1	1	
12	11	5/16	1/16		1/16	1		9	63	1	1	
12	11	3/8	3/8		1/4	3/2		5	47	2	1	
12	11	3/8	3/8		1/4	3/2		6	54	2	1	
12	11	3/8	3/8		1/4	3/2		7	61	1	1	
12	11	3/8	3/32		1/8	3/4		6	66	1	2	
12	11	15/32	3/32		1/8	3/4		5	71	1	2	
12	11	9/16	3/32		1/8	3/4		10	70	1	2	
12	11	21/32	3/32		1/8	3/4		6	66	1	2	
13	12	0	1/8		1/8	1		9	63	1	1	
13	12	0	3/8		1/4	3/2		5	71	1	2	
13	12	1/8	1/8		1/8	1		5	47	2	1	
13	12	1/8	1/8		1/8	1		6	54	2	1	
13	12	1/8	1/16		1/16	1		6	66	1	1	
13	12	3/16	1/16		1/16	1		9	63	1	1	
13	12	1/4	1/8		1/8	1		5	47	2	1	
13	12	1/4	1/8		1/8	1		6	54	2	1	
13	12	1/4	1/16		1/16	1		5	59	1	1	
13	12	5/16	1/16		1/16	1		9	63	1	1	
13	12	3/8	3/8		1/4	3/2		5	47	2	1	
13	12	3/8	3/8		1/4	3/2		6	54	2	1	
13	12	3/8	3/8		1/4	3/2		7	61	1	1	
13	12	3/8	3/32		1/8	3/4		6	66	1	2	
13	12	15/32	3/32		1/8	3/4		5	71	1	2	
13	12	9/16	3/32		1/8	3/4		10	70	1	2	
13	12	21/32	3/32		1/8	3/4		6	66	1	2	
14	13	0	1/8		1/8	1		9	63	1	1	
14	13	0	3/8		1/4	3/2		5	71	1	2	
14	13	1/8	1/8		1/8	1		5	47	2	1	
14	13	1/8	1/8		1/8	1		6	54	2	1	
14	13	1/8	1/16		1/16	1		6	66	1	1	
14	13	3/16	1/16		1/16	1		9	63	1	1	
14	13	1/4	1/8		1/8	1		5	47	2	1	
14	13	1/4	1/8		1/8	1		6	54	2	1	
14	13	1/4	1/16		1/16	1		5	59	1	1	
14	13	5/16	1/16		1/16	1		9	63	1	1	
14	13	3/8	3/8		1/4	3/2		5	47	2	1	
14	13	3/8	3/8		1/4	3/2		6	54	2	1	
14	13	3/8	3/8		1/4	3/2		7	61	1	1	
14	13	3/8	3/32		1/8	3/4		6	66	1	2	
14	13	15/32	3/32		1/8	3/4		5	71	1	2	
14	13	9/16	3/32		1/8	3/4		10	70	1	2	
14	13	21/32	3/32		1/8	3/4		6	66	1	2	
15	14	0	1/8		1/8	1		9	63	1	1	
15	14	0	3/8		1/4	3/2		3	69	1	2	
15	14	1/8	1/8		1/8	1		5	47	2	1	
15	14	1/8	1/8		1/8	1		6	54	2	1	
15	14	1/8	1/16		1/16	1		6	66	1	1	
15	14	3/16	1/16		1/16	1		9	63	1	1	
15	14	1/4	1/8		1/8	1		5	47	2	1	
15	14	1/4	1/8		1/8	1		6	54	2	1	
15	14	1/4	1/16		1/16	1		5	59	1	1	
15	14	5/16	1/16		1/16	1		9	63	1	1	
15	14	3/8	3/8		1/4	3/2		4	40	2	1	
15	14	3/8	3/8		1/4	3/2		5	47	2	1	
15	14	3/8	3/8		1/4	3/2		5	59	1	1	
15	14	3/8	3/32		1/8	3/4		6	66	1	2	
15	14	15/32	3/32		1/8	3/4		3	69	1	2	
15	14	9/16	3/32		1/8	3/4		8	68	1	2	
15	14	21/32	3/32		1/8	3/4		4	64	1	2	
16	15	0	1/8		1/8	1		9	63	1	1	
16	15	0	3/8		1/4	3/2		3	69	1	2	
16	15	1/8	1/8		1/8	1		5	47	2	1	
16	15	1/8	1/8		1/8	1		6	54	2	1	
16	15	1/8	1/16		1/16	1		6	66	1	1	
16	15	3/16	1/16		1/16	1		9	63	1	1	
16	15	1/4	1/8		1/8	1		5	47	2	1	
16	15	1/4	1/8		1/8	1		6	54	2	1	
16	15	1/4	1/16		1/16	1		5	59	1	1	
16	15	5/16	1/16		1/16	1		9	63	1	1	
16	15	3/8	3/8		1/4	3/2		4	40	2	1	
16	15	3/8	3/8		1/4	3/2		5	47	2	1	
16	15	3/8	3/8		1/4	3/2		5	59	1	1	
16	15	3/8	3/32		1/8	3/4		6	66	1	2	
16	15	15/32	3/32		1/8	3/4		3	69	1	2	
16	15	9/16	3/32		1/8	3/4		8	68	1	2	
16	15	21/32	3/32		1/8	3/4		4	64	1	2	
17	16	0	1/8		1/8	1		9	63	1	1	
17	16	0	3/8		1/4	3/2		3	69	1	2	
17	16	1/8	1/8		1/8	1		5	47	2	1	
17	16	1/8	1/8		1/8	1		6	54	2	1	
17	16	1/8	1/16		1/16	1		6	66	1	1	
17	16	3/16	1/16		1/16	1		9	63	1	1	
17	16	1/4	1/8		1/8	1		5	47	2	1	
17	16	1/4	1/8		1/8	1		6	54	2	1	
17	16	1/4	1/16		1/16	1		5	59	1	1	
17	16	5/16	1/16		1/16	1		9	63	1	1	
17	16	3/8	3/8		1/4	3/2		4	40	2	1	
17	16	3/8	3/8		1/4	3/2		5	47	2	1	
17	16	3/8	3/8		1/4	3/2		5	59	1	1	
17	16	3/8	3/32		1/8	3/4		6	66	1	2	
17	16	15/32	3/32		1/8	3/4		3	69	1	2	
17	16	9/16	3/32		1/8	3/4		8	68	1	2	
17	16	21/32	3/32		1/8	3/4		4	64	1	2	
18	17	0	1/8		1/8	1		9	63	1	1	
18	17	0	3/8		1/4	3/2		5	71	1	2	
18	17	1/8	1/8		1/8	1		5	47	2	1	
18	17	1/8	1/8		1/8	1		6	54	2	1	
18	17	1/8	1/16		1/16	1		6	66	1	1	
18	17	3/16	1/16		1/16	1		9	63	1	1	
18	17	1/4	1/8		1/8	1		5	47	2	1	
18	17	1/4	1/8		1/8	1		6	54	2	1	
18	17	1/4	1/16		1/16	1		5	59	1	1	
18	17	5/16	1/16		1/16	1		9	63	1	1	
18	17	3/8	3/8		1/4	3/2		5	47	2	1	
18	17	3/8	3/8		1/4	3/2		6	54	2	1	
18	17	3/8	3/8		1/4	3/2		7	61	1	1	
18	17	3/8	3/32		1/8	3/4		6	66	1	2	
18	17	15/32	3/32		1/8	3/4		5	71	1	2	
18	17	9/16	3/32		1/8	3/4		10	70	1	2	
18	17	21/32	3/32		1/8	3/4		6	66	1	2	
19	18	0	1/8		1/8	1		9	63	1	1	
19	18	0	3/8		1/4	3/2		5	71	1	2	
19	18	1/8	1/8		1/8	1		5	47	2	1	
19	18	1/8	1/8		1/8	1		6	54	2	1	
19	18	1/8	1/16		1/16	1		6	66	1	1	
19	18	3/16	1/16		1/16	1		9	63	1	1	
19	18	1/4	1/8		1/8	1		5	47	2	1	
19	18	1/4	1/8		1/8	1		6	54	2	1	
19	18	1/4	1/16		1/16	1		5	59	1	1	
19	18	5/16	1/16		1/16	1		9	63	1	1	
19	18	3/8	3/8		1/4	3/2		5	47	2	1	
19	18	3/8	3/8		1/4	3/2		6	54	2	1	
19	18	3/8	3/8		1/4	3/2		7	61	1	1	
19	18	3/8	3/32		1/8	3/4		6	66	1	2	
19	18	15/32	3/32		1/8	3/4		5	71	1	2	
19	18	9/16	3/32		1/8	3/4		10	70	1	2	
19	18	21/32	3/32		1/8	3/4		6	66	1	2	
20	19	0	1/8		1/8	1		9	63	1	1	
20	19	0	3/8		1/4	3/2		5	71	1	2	
20	19	1/8	1/8		1/8	1		5	47	2	1	
20	19	1/8	1/8		1/8	1		6	54	2	1	
20	19	1/8	1/16		1/16	1		6	66	1	1	
20	19	3/16	1/16		1/16	1		9	63	1	1	
20	19	1/4	1/8		1/8	1		5	47	2	1	
20	19	1/4	1/8		1/8	1		6	54	2	1	
20	19	1/4	1/16		1/16	1		5	59	1	1	
20	19	5/16	1/16		1/16	1		9	63	1	1	
20	19	3/8	3/8		1/4	3/2		5	47	2	1	
20	19	3/8	3/8		1/4	3/2		6	54	2	1	
20	19	3/8	3/8		1/4	3/2		7	61	1	1	
20	19	3/8	3/32		1/8	3/4		6	66	1	2	
20	19	15/32	3/32		1/8	3/4		5	71	1	2	
20	19	9/16	3/32		1/8	3/4		10	70	1	2	
20	19	21/32	3/32		1/8	3/4		6	66	1	2	
21	20	0	1/8		1/8	1		9	63	1	1	
21	20	0	3/8		1/4	3/2		3	69	1	2	
21	20	1/8	1/8		1/8	1		5	47	2	1	
21	20	1/8	1/8		1/8	1		6	54	2	1	
21	20	1/8	1/16		1/16	1		6	66	1	1	
21	20	3/16	1/16		1/16	1		9	63	1	1	
21	20	1/4	1/8		1/8	1		5	47	2	1	
21	20	1/4	1/8		1/8	1		6	54	2	1	
21	20	1/4	1/16		1/16	1		5	59	1	1	
21	20	5/16	1/16		1/16	1		9	63	1	1	
21	20	3/8	3/8		1/4	3/2		4	40	2	1	
21	20	3/8	3/8		1/4	3/2		5	47	2	1	
21	20	3/8	3/8		1/4	3/2		5	59	1	1	
21	20	3/8	3/32		1/8	3/4		6	66	1	2	
21	20	15/32	3/32		1/8	3/4		3	69	1	2	
21	20	9/16	3/32		1/8	3/4		8	68	1	2	
21	20	21/32	3/32		1/8	3/4		4	64	1	2	
22	21	0	1/8		1/8	1		9	63	1	1	
22	21	0	3/8		1/4	3/2		3	69	1	2	
22	21	1/8	1/8		1/8	1		5	47	2	1	
22	21	1/8	1/8		1/8	1		6	54	2	1	
22	21	1/8	1/16		1/16	1		6	66	1	1	
22	21	3/16	1/16		1/16	1		9	63	1	1	
22	21	1/4	1/8		1/8	1		5	47	2	1	
22	21	1/4	1/8		1/8	1		6	54	2	1	
22	21	1/4	1/16		1/16	1		5	59	1	1	
22	21	5/16	1/16		1/16	1		9	63	1	1	
22	21	3/8	3/8		1/4	3/2		4	40	2	1	
22	21	3/8	3/8		1/4	3/2		5	47	2	1	
22	21	3/8	3/8		1/4	3/2		5	59	1	1	
22	21	3/8	3/32		1/8	3/4		6	66	1	2	
22	21	15/32	3/32		1/8	3/4		3	69	1	2	
22	21	9/16	3/32		1/8	3/4		8	68	1	2	
22	21	21/32	3/32		1/8	3/4		4	64	1	2	
23	22	0	1/8		1/8	1		9	63	1	1	
23	22	0	3/8		1/4	3/2		3	69	1	2	
23	22	1/8	1/8		1/8	1		5	47	2	1	
23	22	1/8	1/8		1/8	1		6	54	2	1	
23	22	1/8	1/16		1/16	1		6	66	1	1	
23	22	3/16	1/16		1/16	1		9	63	1	1	
23	22	1/4	1/8		1/8	1		5	47	2	1	
23	22	1/4	1/8		1/8	1		6	54	2	1	
23	22	1/4	1/16		1/16	1		5	59	1	1	
23	22	5/16	1/16		1/16	1		9	63	1	1	
23	22	3/8	3/8		1/4	3/2		4	40	2	1	
23	22	3/8	3/8		1/4	3/2		5	47	2	1	
23	22	3/8	3/8		1/4	3/2		5	59	1	1	
23	22	3/8	3/32		1/8	3/4		6	66	1	2	
23	22	15/32	3/32		1/8	3/4		3	69	1	2	
23	22	9/16	3/32		1/8	3/4		8	68	1	2	
23	22	21/32	3/32		1/8	3/4		4	64	1	2	
24	23	1/4	1/8		1/8	1		5	59	2	1	
24	23	3/8	1/4		1/4	1		5	47	2	1	
24	23	5/8	1/8		1/8	1		5	59	2	1	
25	24	0	1/4		1/4	1		4	40	2	1	
25	24	1/4	1/8		1/8	1		5	59	2	1	
25	24	3/8	1/4		1/4	1		5	47	2	1	
25	24	5/8	1/8		1/8	1		5	59	2	1	
25	24	3/4	1/4		1/4	1		4	40	2	1	
25	24	1	1/8		1/8	1		5	59	2	1	
25	24	9/8	1/4		1/4	1		5	47	2	1	
25	24	11/8	1/8		1/8	1		5	59	2	1	
26	25	0	1.5		1.0	3/2		4	40	2	2	
26	25	0	1/8		1/8	1		5	83	1	1	
26	25	0	1/8		1/8	1		9	87	1	1	
26	25	1/8	1/8		1/8	1		3	81	1	1	
26	25	1/8	1/8		1/8	1		7	85	1	1	
26	25	1/4	1/8		1/8	1		5	59	2	1	
26	25	1/4	1/8		1/8	1		8	80	1	1	
26	25	1/4	1/8		1/8	1		5	83	1	1	
26	25	3/8	1/4		1/4	1		4	52	2	1	
26	25	3/8	1/4		1/4	1		7	73	1	2	
26	25	3/8	1/8		1/8	1		3	81	1	1	
26	25	1/2	1/8		1/8	1		4	76	1	1	
26	25	5/8	1/8		1/8	1		5	59	2	1	
26	25	5/8	1/8		1/8	1		7	73	1	2	
26	25	5/8	1/8		1/8	1		4	76	1	1	
26	25	3/4	1/4		1/4	1		4	52	2	1	
26	25	3/4	1/8		1/8	1		5	71	1	2	
26	25	3/4	1/8		1/8	1		8	80	1	1	
26	25	7/8	1/8		1/8	1		8	68	1	2	
26	25	7/8	1/8		1/8	1		4	76	1	1	
26	25	1	1/8		1/8	1		5	59	2	1	
26	25	1	1/8		1/8	1		9	63	1	2	
26	25	1	1/8		1/8	1		3	69	1	2	
26	25	1	1/8		1/8	1		5	71	1	1	
26	25	9/8	1/4		1/4	1		4	52	2	1	
26	25	9/8	1/4		1/4	1		4	64	1	2	
26	25	9/8	1/4		1/4	1		8	68	1	2	
26	25	9/8	1/8		1/8	1		4	76	1	1	
26	25	5/4	1/8		1/8	1		5	71	1	1	
26	25	11/8	1/8		1/8	1		5	59	2	1	
26	25	11/8	1/8		1/8	1		8	68	1	2	
26	25	11/8	1/8		1/8	1		5	71	1	1	
27	26	0	1.5		1.0	3/2		4	40	2	2	
27	26	0	1/8		1/8	1		5	83	1	1	
27	26	0	1/8		1/8	1		9	87	1	1	
27	26	1/8	1/8		1/8	1		3	81	1	1	
27	26	1/8	1/8		1/8	1		7	85	1	1	
27	26	1/4	1/8		1/8	1		5	59	2	1	
27	26	1/4	1/8		1/8	1		8	80	1	1	
27	26	1/4	1/8		1/8	1		5	83	1	1	
27	26	3/8	1/4		1/4	1		4	52	2	1	
27	26	3/8	1/4		1/4	1		7	73	1	2	
27	26	3/8	1/8		1/8	1		3	81	1	1	
27	26	1/2	1/8		1/8	1		4	76	1	1	
27	26	5/8	1/8		1/8	1		5	59	2	1	
27	26	5/8	1/8		1/8	1		7	73	1	2	
27	26	5/8	1/8		1/8	1		4	76	1	1	
27	26	3/4	1/4		1/4	1		4	52	2	1	
27	26	3/4	1/8		1/8	1		5	71	1	2	
27	26	3/4	1/8		1/8	1		8	80	1	1	
27	26	7/8	1/8		1/8	1		8	68	1	2	
27	26	7/8	1/8		1/8	1		4	76	1	1	
27	26	1	1/8		1/8	1		5	59	2	1	
27	26	1	1/8		1/8	1		9	63	1	2	
27	26	1	1/8		1/8	1		3	69	1	2	
27	26	1	1/8		1/8	1		5	71	1	1	
27	26	9/8	1/4		1/4	1		4	52	2	1	
27	26	9/8	1/4		1/4	1		4	64	1	2	
27	26	9/8	1/4		1/4	1		8	68	1	2	
27	26	9/8	1/4		1/4	1		4	76	1	1	
27	26	11/8	1/8		1/8	1		5	59	2	1	
28	27	0	1.5		1.0	3/2		4	40	2	2	
28	27	0	1/8		1/8	1		5	71	1	1	
28	27	0	1/8		1/8	1		8	80	1	1	
28	27	1/8	1/8		1/8	1		3	69	1	1	
28	27	1/8	1/8		1/8	1		6	78	1	1	
28	27	1/4	1/8		1/8	1		2	62	2	1	
28	27	1/4	1/8		1/8	1		5	71	1	1	
28	27	1/4	1/8		1/8	1		8	80	1	1	
28	27	3/8	1/4		1/4	1		4	52	2	1	
28	27	3/8	1/4		1/4	1		7	73	1	2	
28	27	3/8	1/8		1/8	1		3	81	1	1	
28	27	1/2	1/8		1/8	1		4	76	1	1	
28	27	5/8	1/8		1/8	1		7	61	2	1	
28	27	5/8	1/8		1/8	1		3	69	1	2	
28	27	5/8	1/8		1/8	1		4	76	1	1	
28	27	3/4	1/4		1/4	1		4	52	2	1	
28	27	3/4	1/8		1/8	1		5	71	1	1	
28	27	3/4	1/8		1/8	1		8	80	1	1	
28	27	7/8	1/8		1/8	1		3	69	1	1	
28	27	7/8	1/8		1/8	1		6	78	1	1	
28	27	1	1/8		1/8	1		9	63	2	1	
28	27	1	1/8		1/8	1		5	71	1	1	
28	27	1	1/8		1/8	1		8	80	1	1	
28	27	9/8	1/4		1/4	1		4	52	2	1	
28	27	9/8	1/4		1/4	1		8	68	1	2	
28	27	9/8	1/8		1/8	1		4	76	1	1	
28	27	5/4	1/8		1/8	1		5	71	1	1	
28	27	11/8	1/8		1/8	1		5	59	2	1	
28	27	11/8	1/8		1/8	1		4	64	2	1	
28	27	11/8	1/8		1/8	1		8	68	1	2	
28	27	11/8	1/8		1/8	1		5	71	1	1	
29	28	0	1.5		1.0	3/2		4	40	2	2	
29	28	0	1/8		1/8	1		5	71	1	1	
29	28	0	1/8		1/8	1		8	80	1	1	
29	28	1/8	1/8		1/8	1		3	69	1	1	
29	28	1/8	1/8		1/8	1		6	78	1	1	
29	28	1/4	1/8		1/8	1		2	62	2	1	
29	28	1/4	1/8		1/8	1		5	71	1	1	
29	28	1/4	1/8		1/8	1		8	80	1	1	
29	28	3/8	1/4		1/4	1		4	52	2	1	
29	28	3/8	1/4		1/4	1		7	73	1	2	
29	28	3/8	1/8		1/8	1		3	81	1	1	
29	28	1/2	1/8		1/8	1		4	76	1	1	
29	28	5/8	1/8		1/8	1		7	61	2	1	
29	28	5/8	1/8		1/8	1		3	69	1	2	
29	28	5/8	1/8		1/8	1		4	76	1	1	
29	28	3/4	1/4		1/4	1		4	52	2	1	
29	28	3/4	1/8		1/8	1		5	71	1	1	
29	28	3/4	1/8		1/8	1		8	80	1	1	
29	28	7/8	1/8		1/8	1		3	69	1	1	
29	28	7/8	1/8		1/8	1		6	78	1	1	
29	28	1	1/8		1/8	1		9	63	2	1	
29	28	1	1/8		1/8	1		5	71	1	1	
29	28	1	1/8		1/8	1		8	80	1	1	
29	28	9/8	1/4		1/4	1		4	52	2	1	
29	28	9/8	1/4		1/4	1		5	59	2	1	
29	28	9/8	1/4		1/4	1		8	68	1	1	
29	28	9/8	1/4		1/4	1		4	76	1	1	
29	28	11/8	1/8		1/8	1		5	47	2	1	
30	29	0	1/4		1/4	1		4	40	2	1	
30	29	1/4	1/8		1/8	1		5	59	2	1	
30	29	3/8	1/4		1/4	1		5	47	2	1	
30	29	5/8	1/8		1/8	1		5	59	2	1	
30	29	3/4	1/4		1/4	1		4	40	2	1	
30	29	1	1/8		1/8	1		5	59	2	1	
30	29	9/8	1/4		1/4	1		5	47	2	1	
30	29	11/8	1/8		1/8	1		5	59	2	1	
31	30	0	1.5		1.0	3/2		4	40	2	2	
31	30	0	1/8		1/8	1		5	83	1	1	
31	30	0	1/8		1/8	1		9	87	1	1	
31	30	1/8	1/8		1/8	1		3	81	1	1	
31	30	1/8	1/8		1/8	1		7	85	1	1	
31	30	1/4	1/8		1/8	1		5	59	2	1	
31	30	1/4	1/8		1/8	1		8	80	1	1	
31	30	1/4	1/8		1/8	1		5	83	1	1	
31	30	3/8	1/4		1/4	1		4	52	2	1	
31	30	3/8	1/4		1/4	1		7	73	1	2	
31	30	3/8	1/8		1/8	1		3	81	1	1	
31	30	1/2	1/8		1/8	1		4	76	1	1	
31	30	5/8	1/8		1/8	1		5	59	2	1	
31	30	5/8	1/8		1/8	1		7	73	1	2	
31	30	5/8	1/8		1/8	1		4	76	1	1	
31	30	3/4	1/4		1/4	1		4	52	2	1	
31	30	3/4	1/8		1/8	1		5	71	1	2	
31	30	3/4	1/8		1/8	1		8	80	1	1	
31	30	7/8	1/8		1/8	1		8	68	1	2	
31	30	7/8	1/8		1/8	1		4	76	1	1	
31	30	1	1/8		1/8	1		5	59	2	1	
31	30	1	1/8		1/8	1		9	63	1	2	
31	30	1	1/8		1/8	1		3	69	1	2	
31	30	1	1/8		1/8	1		5	71	1	1	
31	30	9/8	1/4		1/4	1		4	52	2	1	
31	30	9/8	1/4		1/4	1		4	64	1	2	
31	30	9/8	1/4		1/4	1		8	68	1	2	
31	30	9/8	1/8		1/8	1		4	76	1	1	
31	30	5/4	1/8		1/8	1		5	71	1	1	
31	30	11/8	1/8		1/8	1		5	59	2	1	
31	30	11/8	1/8		1/8	1		8	68	1	2	
31	30	11/8	1/8		1/8	1		5	71	1	1	
32	31	0	1.5		1.0	3/2		4	40	2	2	
32	31	0	1/8		1/8	1		5	83	1	1	
32	31	0	1/8		1/8	1		9	87	1	1	
32	31	1/8	1/8		1/8	1		3	81	1	1	
32	31	1/8	1/8		1/8	1		7	85	1	1	
32	31	1/4	1/8		1/8	1		5	59	2	1	
32	31	1/4	1/8		1/8	1		8	80	1	1	
32	31	1/4	1/8		1/8	1		5	83	1	1	
32	31	3/8	1/4		1/4	1		4	52	2	1	
32	31	3/8	1/4		1/4	1		7	73	1	2	
32	31	3/8	1/8		1/8	1		3	81	1	1	
32	31	1/2	1/8		1/8	1		4	76	1	1	
32	31	5/8	1/8		1/8	1		5	59	2	1	
32	31	5/8	1/8		1/8	1		7	73	1	2	
32	31	5/8	1/8		1/8	1		4	76	1	1	
32	31	3/4	1/4		1/4	1		4	52	2	1	
32	31	3/4	1/8		1/8	1		5	71	1	2	
32	31	3/4	1/8		1/8	1		8	80	1	1	
32	31	7/8	1/8		1/8	1		8	68	1	2	
32	31	7/8	1/8		1/8	1		4	76	1	1	
32	31	1	1/8		1/8	1		5	59	2	1	
32	31	1	1/8		1/8	1		9	63	1	2	
32	31	1	1/8		1/8	1		3	69	1	2	
32	31	1	1/8		1/8	1		5	71	1	1	
32	31	9/8	1/4		1/4	1		4	52	2	1	
32	31	9/8	1/4		1/4	1		4	64	1	2	
32	31	9/8	1/4		1/4	1		8	68	1	2	
32	31	9/8	1/4		1/4	1		4	76	1	1	
32	31	11/8	1/8		1/8	1		5	59	2	1	
33	32	0	1.5		1.0	3/2		4	40	2	2	
33	32	0	1/8		1/8	1		5	71	1	1	
33	32	0	1/8		1/8	1		8	80	1	1	
33	32	1/8	1/8		1/8	1		3	69	1	1	
33	32	1/8	1/8		1/8	1		6	78	1	1	
33	32	1/4	1/8		1/8	1		2	62	2	1	
33	32	1/4	1/8		1/8	1		5	71	1	1	
33	32	1/4	1/8		1/8	1		8	80	1	1	
33	32	3/8	1/4		1/4	1		4	52	2	1	
33	32	3/8	1/4		1/4	1		7	73	1	2	
33	32	3/8	1/8		1/8	1		3	81	1	1	
33	32	1/2	1/8		1/8	1		4	76	1	1	
33	32	5/8	1/8		1/8	1		7	61	2	1	
33	32	5/8	1/8		1/8	1		3	69	1	2	
33	32	5/8	1/8		1/8	1		4	76	1	1	
33	32	3/4	1/4		1/4	1		4	52	2	1	
33	32	3/4	1/8		1/8	1		5	71	1	1	
33	32	3/4	1/8		1/8	1		8	80	1	1	
33	32	7/8	1/8		1/8	1		3	69	1	1	
33	32	7/8	1/8		1/8	1		6	78	1	1	
33	32	1	1/8		1/8	1		9	63	2	1	
33	32	1	1/8		1/8	1		5	71	1	1	
33	32	1	1/8		1/8	1		8	80	1	1	
33	32	9/8	1/4		1/4	1		4	52	2	1	
33	32	9/8	1/4		1/4	1		8	68	1	2	
33	32	9/8	1/8		1/8	1		4	76	1	1	
33	32	5/4	1/8		1/8	1		5	71	1	1	
33	32	11/8	1/8		1/8	1		5	59	2	1	
33	32	11/8	1/8		1/8	1		4	64	2	1	
33	32	11/8	1/8		1/8	1		8	68	1	2	
33	32	11/8	1/8		1/8	1		5	71	1	1	
34	33	0	1.5		1.0	3/2		4	40	2	2	
34	33	0	1/8		1/8	1		5	71	1	1	
34	33	0	1/8		1/8	1		8	80	1	1	
34	33	1/8	1/8		1/8	1		3	69	1	1	
34	33	1/8	1/8		1/8	1		6	78	1	1	
34	33	1/4	1/8		1/8	1		2	62	2	1	
34	33	1/4	1/8		1/8	1		5	71	1	1	
34	33	1/4	1/8		1/8	1		8	80	1	1	
34	33	3/8	1/4		1/4	1		4	52	2	1	
34	33	3/8	1/4		1/4	1		7	73	1	2	
34	33	3/8	1/8		1/8	1		3	81	1	1	
34	33	1/2	1/8		1/8	1		4	76	1	1	
34	33	5/8	1/8		1/8	1		7	61	2	1	
34	33	5/8	1/8		1/8	1		3	69	1	2	
34	33	5/8	1/8		1/8	1		4	76	1	1	
34	33	3/4	1/4		1/4	1		4	52	2	1	
34	33	3/4	1/8		1/8	1		5	71	1	1	
34	33	3/4	1/8		1/8	1		8	80	1	1	
34	33	7/8	1/8		1/8	1		3	69	1	1	
34	33	7/8	1/8		1/8	1		6	78	1	1	
34	33	1	1/8		1/8	1		9	63	2	1	
34	33	1	1/8		1/8	1		5	71	1	1	
34	33	1	1/8		1/8	1		8	80	1	1	
34	33	9/8	1/4		1/4	1		4	52	2	1	
34	33	9/8	1/4		1/4	1		5	59	2	1	
34	33	9/8	1/4		1/4	1		8	68	1	1	
34	33	9/8	1/4		1/4	1		4	76	1	1	
35	34	0	1/8		1/8	1		9	63	1	1	
35	34	0	3/8		1/4	3/2		5	71	1	2	
35	34	1/8	1/8		1/8	1		5	47	2	1	
35	34	1/8	1/8		1/8	1		6	54	2	1	
35	34	1/8	1/16		1/16	1		6	66	1	1	
35	34	3/16	1/16		1/16	1		9	63	1	1	
35	34	1/4	1/8		1/8	1		5	47	2	1	
35	34	1/4	1/8		1/8	1		6	54	2	1	
35	34	1/4	1/16		1/16	1		5	59	1	1	
35	34	5/16	1/16		1/16	1		9	63	1	1	
35	34	3/8	3/8		1/4	3/2		5	47	2	1	
35	34	3/8	3/8		1/4	3/2		6	54	2	1	
35	34	3/8	3/8		1/4	3/2		7	61	1	1	
35	34	3/8	1/16		1/16	1		6	66	1	2	
35	34	7/16	1/16		1/16	1		8	68	1	2	
35	34	1/2	1/16		1/16	1		6	66	1	2	
35	34	9/16	1/16		1/16	1		5	71	1	2	
35	34	5/8	1/16		1/16	1		10	70	1	2	
35	34	11/16	1/16		1/16	1		6	66	1	2	
36	35	0	1/8		1/8	1		9	63	1	1	
36	35	0	3/8		1/4	3/2		5	71	1	2	
36	35	1/8	1/8		1/8	1		5	47	2	1	
36	35	1/8	1/8		1/8	1		6	54	2	1	
36	35	1/8	1/16		1/16	1		6	66	1	1	
36	35	3/16	1/16		1/16	1		9	63	1	1	
36	35	1/4	1/8		1/8	1		5	47	2	1	
36	35	1/4	1/8		1/8	1		6	54	2	1	
36	35	1/4	1/16		1/16	1		5	59	1	1	
36	35	5/16	1/16		1/16	1		9	63	1	1	
36	35	3/8	3/8		1/4	3/2		5	47	2	1	
36	35	3/8	3/8		1/4	3/2		6	54	2	1	
36	35	3/8	3/8		1/4	3/2		7	61	1	1	
36	35	3/8	1/16		1/16	1		6	66	1	2	
36	35	7/16	1/16		1/16	1		8	68	1	2	
36	35	1/2	1/16		1/16	1		6	66	1	2	
36	35	9/16	1/16		1/16	1		5	71	1	2	
36	35	5/8	1/16		1/16	1		10	70	1	2	
36	35	11/16	1/16		1/16	1		6	66	1	2	
37	36	0	1/8		1/8	1		9	63	1	1	
37	36	0	3/8		1/4	3/2		5	71	1	2	
37	36	1/8	1/8		1/8	1		5	47	2	1	
37	36	1/8	1/8		1/8	1		6	54	2	1	
37	36	1/8	1/16		1/16	1		6	66	1	1	
37	36	3/16	1/16		1/16	1		9	63	1	1	
37	36	1/4	1/8		1/8	1		5	47	2	1	
37	36	1/4	1/8		1/8	1		6	54	2	1	
37	36	1/4	1/16		1/16	1		5	59	1	1	
37	36	5/16	1/16		1/16	1		9	63	1	1	
37	36	3/8	3/8		1/4	3/2		5	47	2	1	
37	36	3/8	3/8		1/4	3/2		6	54	2	1	
37	36	3/8	3/8		1/4	3/2		7	61	1	1	
37	36	3/8	1/16		1/16	1		6	66	1	2	
37	36	7/16	1/16		1/16	1		8	68	1	2	
37	36	1/2	1/16		1/16	1		6	66	1	2	
37	36	9/16	1/16		1/16	1		5	71	1	2	
37	36	5/8	1/16		1/16	1		10	70	1	2	
37	36	11/16	1/16		1/16	1		6	66	1	2	
38	37	0	1/8		1/8	1		9	63	1	1	
38	37	0	3/8		1/4	3/2		3	69	1	2	
38	37	1/8	1/8		1/8	1		5	47	2	1	
38	37	1/8	1/8		1/8	1		6	54	2	1	
38	37	1/8	1/16		1/16	1		6	66	1	1	
38	37	3/16	1/16		1/16	1		9	63	1	1	
38	37	1/4	1/8		1/8	1		5	47	2	1	
38	37	1/4	1/8		1/8	1		6	54	2	1	
38	37	1/4	1/16		1/16	1		5	59	1	1	
38	37	5/16	1/16		1/16	1		9	63	1	1	
38	37	3/8	3/8		1/4	3/2		4	40	2	1	
38	37	3/8	3/8		1/4	3/2		5	47	2	1	
38	37	3/8	3/8		1/4	3/2		5	59	1	1	
38	37	3/8	1/16		1/16	1		6	66	1	2	
38	37	7/16	1/16		1/16	1		8	68	1	2	
38	37	1/2	1/16		1/16	1		6	66	1	2	
38	37	9/16	1/16		1/16	1		3	69	1	2	
38	37	5/8	1/16		1/16	1		8	68	1	2	
38	37	11/16	1/16		1/16	1		4	64	1	2	
39	38	0	1/8		1/8	1		9	63	1	1	
39	38	0	3/8		1/4	3/2		3	69	1	2	
39	38	1/8	1/8		1/8	1		5	47	2	1	
39	38	1/8	1/8		1/8	1		6	54	2	1	
39	38	1/8	1/16		1/16	1		6	66	1	1	
39	38	3/16	1/16		1/16	1		9	63	1	1	
39	38	1/4	1/8		1/8	1		5	47	2	1	
39	38	1/4	1/8		1/8	1		6	54	2	1	
39	38	1/4	1/16		1/16	1		5	59	1	1	
39	38	5/16	1/16		1/16	1		9	63	1	1	
39	38	3/8	3/8		1/4	3/2		4	40	2	1	
39	38	3/8	3/8		1/4	3/2		5	47	2	1	
39	38	3/8	3/8		1/4	3/2		5	59	1	1	
39	38	3/8	1/16		1/16	1		6	66	1	2	
39	38	7/16	1/16		1/16	1		8	68	1	2	
39	38	1/2	1/16		1/16	1		6	66	1	2	
39	38	9/16	1/16		1/16	1		3	69	1	2	
39	38	5/8	1/16		1/16	1		8	68	1	2	
39	38	11/16	1/16		1/16	1		4	64	1	2	
40	39	0	1/8		1/8	1		9	63	1	1	
40	39	0	3/8		1/4	3/2		3	69	1	2	
40	39	1/8	1/8		1/8	1		5	47	2	1	
40	39	1/8	1/8		1/8	1		6	54	2	1	
40	39	1/8	1/16		1/16	1		6	66	1	1	
40	39	3/16	1/16		1/16	1		9	63	1	1	
40	39	1/4	1/8		1/8	1		5	47	2	1	
40	39	1/4	1/8		1/8	1		6	54	2	1	
40	39	1/4	1/16		1/16	1		5	59	1	1	
40	39	5/16	1/16		1/16	1		9	63	1	1	
40	39	3/8	3/8		1/4	3/2		4	40	2	1	
40	39	3/8	3/8		1/4	3/2		5	47	2	1	
40	39	3/8	3/8		1/4	3/2		5	59	1	1	
40	39	3/8	1/16		1/16	1		6	66	1	2	
40	39	7/16	1/16		1/16	1		8	68	1	2	
40	39	1/2	1/16		1/16	1		6	66	1	2	
40	39	9/16	1/16		1/16	1		3	69	1	2	
40	39	5/8	1/16		1/16	1		8	68	1	2	
40	39	11/16	1/16		1/16	1		4	64	1	2	
41	40	0	1/8		1/8	1		9	63	1	1	
41	40	0	3/8		1/4	3/2		5	71	1	2	
41	40	1/8	1/8		1/8	1		5	47	2	1	
41	40	1/8	1/8		1/8	1		6	54	2	1	
41	40	1/8	1/16		1/16	1		6	66	1	1	
41	40	3/16	1/16		1/16	1		9	63	1	1	
41	40	1/4	1/8		1/8	1		5	47	2	1	
41	40	1/4	1/8		1/8	1		6	54	2	1	
41	40	1/4	1/16		1/16	1		5	59	1	1	
41	40	5/16	1/16		1/16	1		9	63	1	1	
41	40	3/8	3/8		1/4	3/2		5	47	2	1	
41	40	3/8	3/8		1/4	3/2		6	54	2	1	
41	40	3/8	3/8		1/4	3/2		7	61	1	1	
41	40	3/8	1/16		1/16	1		6	66	1	2	
41	40	7/16	1/16		1/16	1		8	68	1	2	
41	40	1/2	1/16		1/16	1		6	66	1	2	
41	40	9/16	1/16		1/16	1		5	71	1	2	
41	40	5/8	1/16		1/16	1		10	70	1	2	
41	40	11/16	1/16		1/16	1		6	66	1	2	
42	41	0	1/8		1/8	1		9	63	1	1	
42	41	0	3/8		1/4	3/2		5	71	1	2	
42	41	1/8	1/8		1/8	1		5	47	2	1	
42	41	1/8	1/8		1/8	1		6	54	2	1	
42	41	1/8	1/16		1/16	1		6	66	1	1	
42	41	3/16	1/16		1/16	1		9	63	1	1	
42	41	1/4	1/8		1/8	1		5	47	2	1	
42	41	1/4	1/8		1/8	1		6	54	2	1	
42	41	1/4	1/16		1/16	1		5	59	1	1	
42	41	5/16	1/16		1/16	1		9	63	1	1	
42	41	3/8	3/8		1/4	3/2		5	47	2	1	
42	41	3/8	3/8		1/4	3/2		6	54	2	1	
42	41	3/8	3/8		1/4	3/2		7	61	1	1	
42	41	3/8	1/16		1/16	1		6	66	1	2	
42	41	7/16	1/16		1/16	1		8	68	1	2	
42	41	1/2	1/16		1/16	1		6	66	1	2	
42	41	9/16	1/16		1/16	1		5	71	1	2	
42	41	5/8	1/16		1/16	1		10	70	1	2	
42	41	11/16	1/16		1/16	1		6	66	1	2	
43	42	0	1/8		1/8	1		9	63	1	1	
43	42	0	3/8		1/4	3/2		5	71	1	2	
43	42	1/8	1/8		1/8	1		5	47	2	1	
43	42	1/8	1/8		1/8	1		6	54	2	1	
43	42	1/8	1/16		1/16	1		6	66	1	1	
43	42	3/16	1/16		1/16	1		9	63	1	1	
43	42	1/4	1/8		1/8	1		5	47	2	1	
43	42	1/4	1/8		1/8	1		6	54	2	1	
43	42	1/4	1/16		1/16	1		5	59	1	1	
43	42	5/16	1/16		1/16	1		9	63	1	1	
43	42	3/8	3/8		1/4	3/2		5	47	2	1	
43	42	3/8	3/8		1/4	3/2		6	54	2	1	
43	42	3/8	3/8		1/4	3/2		7	61	1	1	
43	42	3/8	1/16		1/16	1		6	66	1	2	
43	42	7/16	1/16		1/16	1		8	68	1	2	
43	42	1/2	1/16		1/16	1		6	66	1	2	
43	42	9/16	1/16		1/16	1		5	71	1	2	
43	42	5/8	1/16		1/16	1		10	70	1	2	
43	42	11/16	1/16		1/16	1		6	66	1	2	
44	43	0	1/8		1/8	1		9	63	1	1	
44	43	0	3/8		1/4	3/2		3	69	1	2	
44	43	1/8	1/8		1/8	1		5	47	2	1	
44	43	1/8	1/8		1/8	1		6	54	2	1	
44	43	1/8	1/16		1/16	1		6	66	1	1	
44	43	3/16	1/16		1/16	1		9	63	1	1	
44	43	1/4	1/8		1/8	1		5	47	2	1	
44	43	1/4	1/8		1/8	1		6	54	2	1	
44	43	1/4	1/16		1/16	1		5	59	1	1	
44	43	5/16	1/16		1/16	1		9	63	1	1	
44	43	3/8	3/8		1/4	3/2		4	40	2	1	
44	43	3/8	3/8		1/4	3/2		5	47	2	1	
44	43	3/8	3/8		1/4	3/2		5	59	1	1	
44	43	3/8	1/16		1/16	1		6	66	1	2	
44	43	7/16	1/16		1/16	1		8	68	1	2	
44	43	1/2	1/16		1/16	1		6	66	1	2	
44	43	9/16	1/16		1/16	1		3	69	1	2	
44	43	5/8	1/16		1/16	1		8	68	1	2	
44	43	11/16	1/16		1/16	1		4	64	1	2	
45	44	0	1/8		1/8	1		9	63	1	1	
45	44	0	3/8		1/4	3/2		3	69	1	2	
45	44	1/8	1/8		1/8	1		5	47	2	1	
45	44	1/8	1/8		1/8	1		6	54	2	1	
45	44	1/8	1/16		1/16	1		6	66	1	1	
45	44	3/16	1/16		1/16	1		9	63	1	1	
45	44	1/4	1/8		1/8	1		5	47	2	1	
45	44	1/4	1/8		1/8	1		6	54	2	1	
45	44	1/4	1/16		1/16	1		5	59	1	1	
45	44	5/16	1/16		1/16	1		9	63	1	1	
45	44	3/8	3/8		1/4	3/2		4	40	2	1	
45	44	3/8	3/8		1/4	3/2		5	47	2	1	
45	44	3/8	3/8		1/4	3/2		5	59	1	1	
45	44	3/8	1/16		1/16	1		6	66	1	2	
45	44	7/16	1/16		1/16	1		8	68	1	2	
45	44	1/2	1/16		1/16	1		6	66	1	2	
45	44	9/16	1/16		1/16	1		3	69	1	2	
45	44	5/8	1/16		1/16	1		8	68	1	2	
45	44	11/16	1/16		1/16	1		4	64	1	2	
46	45	0	1/8		1/8	1		9	63	1	1	
46	45	0	3/8		1/4	3/2		3	69	1	2	
46	45	1/8	1/8		1/8	1		5	47	2	1	
46	45	1/8	1/8		1/8	1		6	54	2	1	
46	45	1/8	1/16		1/16	1		6	66	1	1	
46	45	3/16	1/16		1/16	1		9	63	1	1	
46	45	1/4	1/8		1/8	1		5	47	2	1	
46	45	1/4	1/8		1/8	1		6	54	2	1	
46	45	1/4	1/16		1/16	1		5	59	1	1	
46	45	5/16	1/16		1/16	1		9	63	1	1	
46	45	3/8	3/8		1/4	3/2		4	40	2	1	
46	45	3/8	3/8		1/4	3/2		5	47	2	1	
46	45	3/8	3/8		1/4	3/2		5	59	1	1	
46	45	3/8	1/16		1/16	1		6	66	1	2	
46	45	7/16	1/16		1/16	1		8	68	1	2	
46	45	1/2	1/16		1/16	1		6	66	1	2	
46	45	9/16	1/16		1/16	1		3	69	1	2	
46	45	5/8	1/16		1/16	1		8	68	1	2	
46	45	11/16	1/16		1/16	1		4	64	1	2	
47	46	0	3/8		1/4	3/2		4	40	2	1	
47	46	0	3/8		1/4	3/2		5	47	2	1	
47	46	0	3/8		1/4	3/2		5	59	1	1	
47	46	0	1/16		1/16	1		6	66	1	2	
47	46	1/16	1/16		1/16	1		8	68	1	2	
47	46	1/8	1/16		1/16	1		6	66	1	2	
47	46	3/16	1/16		1/16	1		3	69	1	2	
47	46	1/4	1/16		1/16	1		8	68	1	2	
47	46	5/16	1/16		1/16	1		4	64	1	2	
47	46	3/8	3/8		1/4	3/2		4	40	2	1	
47	46	3/8	3/8		1/4	3/2		5	47	2	1	
47	46	3/8	3/8		1/4	3/2		5	59	1	1	
47	46	3/8	1/16		1/16	1		6	66	1	2	
47	46	7/16	1/16		1/16	1		8	68	1	2	
47	46	1/2	1/16		1/16	1		6	66	1	2	
47	46	9/16	1/16		1/16	1		3	69	1	2	
47	46	5/8	1/16		1/16	1		8	68	1	2	
47	46	11/16	1/16		1/16	1		4	64	1	2	
48	47	0	3/4		1/2	3/2		4	40	2	1	
48	47	0	3/4		1/2	3/2		5	47	2	1	
48	47	0	3/4		1/2	3/2		5	59	1	1	
48	47	0	1/8		1/8	1		6	66	1	2	
48	47	1/8	1/8		1/8	1		8	68	1	2	
48	47	1/4	1/8		1/8	1		6	66	1	2	
48	47	3/8	1/8		1/8	1		3	69	1	2	
48	47	1/2	1/8		1/8	1		8	68	1	2	
48	47	5/8	1/8		1/8	1		4	64	1	2	
49	48	0	3/4		1/2	3/2		4	40	2	1	
49	48	0	3/4		1/2	3/2		5	47	2	1	
49	48	0	3/4		1/2	3/2		5	59	1	1	
49	48	0	1/8		1/8	1		6	66	1	2	
49	48	1/8	1/8		1/8	1		8	68	1	2	
49	48	1/4	1/8		1/8	1		6	66	1	2	
49	48	3/8	1/8		1/8	1		3	69	1	2	
49	48	1/2	1/8		1/8	1		8	68	1	2	
49	48	5/8	1/8		1/8	1		4	64	1	2	
