mc	mn	quarterbeats	quarterbeats_all_endings	duration_qb	mc_onset	mn_onset	timesig	staff	voice	duration	nominal_duration	scalar	tied	tpc	midi	name	octave	chord_id
1	0	0	0	0.5	0	1	12/8	2	1	1/8	1/8	1		5	59	B3	3	0
1	0	1/2	1/2	1.0	1/8	9/8	12/8	2	1	1/4	1/4	1		5	47	B2	2	1
1	0	3/2	3/2	0.5	3/8	11/8	12/8	2	1	1/8	1/8	1		5	59	B3	3	2
2	1	2	2	1.0	0	0	12/8	2	1	1/4	1/4	1		4	40	E2	2	3
2	1	3	3	0.5	1/4	1/4	12/8	2	1	1/8	1/8	1		5	59	B3	3	4
2	1	7/2	7/2	1.0	3/8	3/8	12/8	2	1	1/4	1/4	1		5	47	B2	2	5
2	1	9/2	9/2	0.5	5/8	5/8	12/8	2	1	1/8	1/8	1		5	59	B3	3	6
2	1	5	5	1.0	3/4	3/4	12/8	2	1	1/4	1/4	1		4	40	E2	2	7
2	1	6	6	0.5	1	1	12/8	2	1	1/8	1/8	1		5	59	B3	3	8
2	1	13/2	13/2	1.0	9/8	9/8	12/8	2	1	1/4	1/4	1		5	47	B2	2	9
2	1	15/2	15/2	0.5	11/8	11/8	12/8	2	1	1/8	1/8	1		5	59	B3	3	10
3	2	8	8	6.0	0	0	12/8	2	2	3/2	1	3/2		4	40	E2	2	37
3	2	8	8	0.5	0	0	12/8	1	1	1/8	1/8	1		5	83	B5	5	11
3	2	8	8	0.5	0	0	12/8	1	1	1/8	1/8	1		9	87	D#6	6	11
3	2	17/2	17/2	0.5	1/8	1/8	12/8	1	1	1/8	1/8	1		3	81	A5	5	12
3	2	17/2	17/2	0.5	1/8	1/8	12/8	1	1	1/8	1/8	1		7	85	C#6	6	12
3	2	9	9	0.5	1/4	1/4	12/8	2	1	1/8	1/8	1		5	59	B3	3	30
3	2	9	9	0.5	1/4	1/4	12/8	1	1	1/8	1/8	1		8	80	G#5	5	13
3	2	9	9	0.5	1/4	1/4	12/8	1	1	1/8	1/8	1		5	83	B5	5	13
3	2	19/2	19/2	1.0	3/8	3/8	12/8	2	1	1/4	1/4	1		4	52	E3	3	31
3	2	19/2	19/2	1.0	3/8	3/8	12/8	1	2	1/4	1/4	1		7	73	C#5	5	23
3	2	19/2	19/2	0.5	3/8	3/8	12/8	1	1	1/8	1/8	1		3	81	A5	5	14
3	2	10	10	0.5	1/2	1/2	12/8	1	1	1/8	1/8	1		4	76	E5	5	15
3	2	21/2	21/2	0.5	5/8	5/8	12/8	2	1	1/8	1/8	1		5	59	B3	3	32
3	2	21/2	21/2	0.5	5/8	5/8	12/8	1	2	1/8	1/8	1		7	73	C#5	5	24
3	2	21/2	21/2	0.5	5/8	5/8	12/8	1	1	1/8	1/8	1		4	76	E5	5	16
3	2	11	11	1.0	3/4	3/4	12/8	2	1	1/4	1/4	1		4	52	E3	3	33
3	2	11	11	0.5	3/4	3/4	12/8	1	2	1/8	1/8	1		5	71	B4	4	25
3	2	11	11	0.5	3/4	3/4	12/8	1	1	1/8	1/8	1		8	80	G#5	5	17
3	2	23/2	23/2	0.5	7/8	7/8	12/8	1	2	1/8	1/8	1		8	68	G#4	4	26
3	2	23/2	23/2	0.5	7/8	7/8	12/8	1	1	1/8	1/8	1		4	76	E5	5	18
3	2	12	12	0.5	1	1	12/8	2	1	1/8	1/8	1		5	59	B3	3	34
3	2	12	12	0.5	1	1	12/8	1	2	1/8	1/8	1		9	63	D#4	4	27
3	2	12	12	0.5	1	1	12/8	1	2	1/8	1/8	1		3	69	A4	4	27
3	2	12	12	0.5	1	1	12/8	1	1	1/8	1/8	1		5	71	B4	4	19
3	2	25/2	25/2	1.0	9/8	9/8	12/8	2	1	1/4	1/4	1		4	52	E3	3	35
3	2	25/2	25/2	1.0	9/8	9/8	12/8	1	2	1/4	1/4	1		4	64	E4	4	28
3	2	25/2	25/2	1.0	9/8	9/8	12/8	1	2	1/4	1/4	1		8	68	G#4	4	28
3	2	25/2	25/2	0.5	9/8	9/8	12/8	1	1	1/8	1/8	1		4	76	E5	5	20
3	2	13	13	0.5	5/4	5/4	12/8	1	1	1/8	1/8	1		5	71	B4	4	21
3	2	27/2	27/2	0.5	11/8	11/8	12/8	2	1	1/8	1/8	1		5	59	B3	3	36
3	2	27/2	27/2	0.5	11/8	11/8	12/8	1	2	1/8	1/8	1		8	68	G#4	4	29
3	2	27/2	27/2	0.5	11/8	11/8	12/8	1	1	1/8	1/8	1		5	71	B4	4	22
4	3	14	14	6.0	0	0	12/8	2	2	3/2	1	3/2		4	40	E2	2	61
4	3	14	14	0.5	0	0	12/8	1	1	1/8	1/8	1		5	83	B5	5	38
4	3	14	14	0.5	0	0	12/8	1	1	1/8	1/8	1		9	87	D#6	6	38
4	3	29/2	29/2	0.5	1/8	1/8	12/8	1	1	1/8	1/8	1		3	81	A5	5	39
4	3	29/2	29/2	0.5	1/8	1/8	12/8	1	1	1/8	1/8	1		7	85	C#6	6	39
4	3	15	15	0.5	1/4	1/4	12/8	2	1	1/8	1/8	1		5	59	B3	3	54
4	3	15	15	0.5	1/4	1/4	12/8	1	1	1/8	1/8	1		8	80	G#5	5	40
4	3	15	15	0.5	1/4	1/4	12/8	1	1	1/8	1/8	1		5	83	B5	5	40
4	3	31/2	31/2	1.0	3/8	3/8	12/8	2	1	1/4	1/4	1		4	52	E3	3	55
4	3	31/2	31/2	1.0	3/8	3/8	12/8	1	2	1/4	1/4	1		7	73	C#5	5	48
4	3	31/2	31/2	0.5	3/8	3/8	12/8	1	1	1/8	1/8	1		3	81	A5	5	41
4	3	16	16	0.5	1/2	1/2	12/8	1	1	1/8	1/8	1		4	76	E5	5	42
4	3	33/2	33/2	0.5	5/8	5/8	12/8	2	1	1/8	1/8	1		5	59	B3	3	56
4	3	33/2	33/2	0.5	5/8	5/8	12/8	1	2	1/8	1/8	1		7	73	C#5	5	49
4	3	33/2	33/2	0.5	5/8	5/8	12/8	1	1	1/8	1/8	1		4	76	E5	5	43
4	3	17	17	1.0	3/4	3/4	12/8	2	1	1/4	1/4	1		4	52	E3	3	57
4	3	17	17	0.5	3/4	3/4	12/8	1	2	1/8	1/8	1		5	71	B4	4	50
4	3	17	17	0.5	3/4	3/4	12/8	1	1	1/8	1/8	1		8	80	G#5	5	44
4	3	35/2	35/2	0.5	7/8	7/8	12/8	1	2	1/8	1/8	1		8	68	G#4	4	51
4	3	35/2	35/2	0.5	7/8	7/8	12/8	1	1	1/8	1/8	1		4	76	E5	5	45
4	3	18	18	0.5	1	1	12/8	2	1	1/8	1/8	1		5	59	B3	3	58
4	3	18	18	0.5	1	1	12/8	1	2	1/8	1/8	1		9	63	D#4	4	52
4	3	18	18	0.5	1	1	12/8	1	2	1/8	1/8	1		3	69	A4	4	52
4	3	18	18	0.5	1	1	12/8	1	1	1/8	1/8	1		5	71	B4	4	46
4	3	37/2	37/2	1.0	9/8	9/8	12/8	2	1	1/4	1/4	1		4	52	E3	3	59
4	3	37/2	37/2	1.0	9/8	9/8	12/8	1	2	1/4	1/4	1		4	64	E4	4	53
4	3	37/2	37/2	1.0	9/8	9/8	12/8	1	2	1/4	1/4	1		8	68	G#4	4	53
4	3	37/2	37/2	1.0	9/8	9/8	12/8	1	1	1/4	1/4	1		4	76	E5	5	47
4	3	39/2	39/2	0.5	11/8	11/8	12/8	2	1	1/8	1/8	1		5	59	B3	3	60
5	4	20	20	6.0	0	0	12/8	2	2	3/2	1	3/2		4	40	E2	2	85
5	4	20	20	0.5	0	0	12/8	1	1	1/8	1/8	1		5	71	B4	4	62
5	4	20	20	0.5	0	0	12/8	1	1	1/8	1/8	1		8	80	G#5	5	62
5	4	41/2	41/2	0.5	1/8	1/8	12/8	1	1	1/8	1/8	1		3	69	A4	4	63
5	4	41/2	41/2	0.5	1/8	1/8	12/8	1	1	1/8	1/8	1		6	78	F#5	5	63
5	4	21	21	0.5	1/4	1/4	12/8	2	1	1/8	1/8	1		2	62	D4	4	78
5	4	21	21	0.5	1/4	1/4	12/8	1	1	1/8	1/8	1		5	71	B4	4	64
5	4	21	21	0.5	1/4	1/4	12/8	1	1	1/8	1/8	1		8	80	G#5	5	64
5	4	43/2	43/2	1.0	3/8	3/8	12/8	2	1	1/4	1/4	1		4	52	E3	3	79
5	4	43/2	43/2	1.0	3/8	3/8	12/8	1	2	1/4	1/4	1		7	73	C#5	5	74
5	4	43/2	43/2	0.5	3/8	3/8	12/8	1	1	1/8	1/8	1		3	81	A5	5	65
5	4	22	22	0.5	1/2	1/2	12/8	1	1	1/8	1/8	1		4	76	E5	5	66
5	4	45/2	45/2	0.5	5/8	5/8	12/8	2	1	1/8	1/8	1		7	61	C#4	4	80
5	4	45/2	45/2	0.5	5/8	5/8	12/8	1	2	1/8	1/8	1		3	69	A4	4	75
5	4	45/2	45/2	0.5	5/8	5/8	12/8	1	1	1/8	1/8	1		4	76	E5	5	67
5	4	23	23	1.0	3/4	3/4	12/8	2	1	1/4	1/4	1		4	52	E3	3	81
5	4	23	23	0.5	3/4	3/4	12/8	1	1	1/8	1/8	1		5	71	B4	4	68
5	4	23	23	0.5	3/4	3/4	12/8	1	1	1/8	1/8	1		8	80	G#5	5	68
5	4	47/2	47/2	0.5	7/8	7/8	12/8	1	1	1/8	1/8	1		3	69	A4	4	69
5	4	47/2	47/2	0.5	7/8	7/8	12/8	1	1	1/8	1/8	1		6	78	F#5	5	69
5	4	24	24	0.5	1	1	12/8	2	1	1/8	1/8	1		9	63	D#4	4	82
5	4	24	24	0.5	1	1	12/8	1	1	1/8	1/8	1		5	71	B4	4	70
5	4	24	24	0.5	1	1	12/8	1	1	1/8	1/8	1		8	80	G#5	5	70
5	4	49/2	49/2	1.0	9/8	9/8	12/8	2	1	1/4	1/4	1		4	52	E3	3	83
5	4	49/2	49/2	1.0	9/8	9/8	12/8	1	2	1/4	1/4	1		8	68	G#4	4	76
5	4	49/2	49/2	0.5	9/8	9/8	12/8	1	1	1/8	1/8	1		4	76	E5	5	71
5	4	25	25	0.5	5/4	5/4	12/8	1	1	1/8	1/8	1		5	71	B4	4	72
5	4	51/2	51/2	0.5	11/8	11/8	12/8	2	1	1/8	1/8	1		5	59	B3	3	84
5	4	51/2	51/2	0.5	11/8	11/8	12/8	2	1	1/8	1/8	1		4	64	E4	4	84
5	4	51/2	51/2	0.5	11/8	11/8	12/8	1	2	1/8	1/8	1		8	68	G#4	4	77
5	4	51/2	51/2	0.5	11/8	11/8	12/8	1	1	1/8	1/8	1		5	71	B4	4	73
6	5	26	26	6.0	0	0	12/8	2	2	3/2	1	3/2		4	40	E2	2	105
6	5	26	26	0.5	0	0	12/8	1	1	1/8	1/8	1		5	71	B4	4	86
6	5	26	26	0.5	0	0	12/8	1	1	1/8	1/8	1		8	80	G#5	5	86
6	5	53/2	53/2	0.5	1/8	1/8	12/8	1	1	1/8	1/8	1		3	69	A4	4	87
6	5	53/2	53/2	0.5	1/8	1/8	12/8	1	1	1/8	1/8	1		6	78	F#5	5	87
6	5	27	27	0.5	1/4	1/4	12/8	2	1	1/8	1/8	1		2	62	D4	4	98
6	5	27	27	0.5	1/4	1/4	12/8	1	1	1/8	1/8	1		5	71	B4	4	88
6	5	27	27	0.5	1/4	1/4	12/8	1	1	1/8	1/8	1		8	80	G#5	5	88
6	5	55/2	55/2	1.0	3/8	3/8	12/8	2	1	1/4	1/4	1		4	52	E3	3	99
6	5	55/2	55/2	1.0	3/8	3/8	12/8	1	2	1/4	1/4	1		7	73	C#5	5	96
6	5	55/2	55/2	0.5	3/8	3/8	12/8	1	1	1/8	1/8	1		3	81	A5	5	89
6	5	28	28	0.5	1/2	1/2	12/8	1	1	1/8	1/8	1		4	76	E5	5	90
6	5	57/2	57/2	0.5	5/8	5/8	12/8	2	1	1/8	1/8	1		7	61	C#4	4	100
6	5	57/2	57/2	0.5	5/8	5/8	12/8	1	2	1/8	1/8	1		3	69	A4	4	97
6	5	57/2	57/2	0.5	5/8	5/8	12/8	1	1	1/8	1/8	1		4	76	E5	5	91
6	5	29	29	1.0	3/4	3/4	12/8	2	1	1/4	1/4	1		4	52	E3	3	101
6	5	29	29	0.5	3/4	3/4	12/8	1	1	1/8	1/8	1		5	71	B4	4	92
6	5	29	29	0.5	3/4	3/4	12/8	1	1	1/8	1/8	1		8	80	G#5	5	92
6	5	59/2	59/2	0.5	7/8	7/8	12/8	1	1	1/8	1/8	1		3	69	A4	4	93
6	5	59/2	59/2	0.5	7/8	7/8	12/8	1	1	1/8	1/8	1		6	78	F#5	5	93
6	5	30	30	0.5	1	1	12/8	2	1	1/8	1/8	1		9	63	D#4	4	102
6	5	30	30	0.5	1	1	12/8	1	1	1/8	1/8	1		5	71	B4	4	94
6	5	30	30	0.5	1	1	12/8	1	1	1/8	1/8	1		8	80	G#5	5	94
6	5	61/2	61/2	1.0	9/8	9/8	12/8	2	1	1/4	1/4	1		4	52	E3	3	103
6	5	61/2	61/2	1.0	9/8	9/8	12/8	2	1	1/4	1/4	1		5	59	B3	3	103
6	5	61/2	61/2	1.0	9/8	9/8	12/8	1	1	1/4	1/4	1		8	68	G#4	4	95
6	5	61/2	61/2	1.0	9/8	9/8	12/8	1	1	1/4	1/4	1		4	76	E5	5	95
6	5	63/2	63/2	0.5	11/8	11/8	12/8	2	1	1/8	1/8	1		5	47	B2	2	104
7	6	32	32	1.0	0	0	12/8	2	1	1/4	1/4	1		4	40	E2	2	106
7	6	33	33	0.5	1/4	1/4	12/8	2	1	1/8	1/8	1		5	59	B3	3	107
7	6	67/2	67/2	1.0	3/8	3/8	12/8	2	1	1/4	1/4	1		5	47	B2	2	108
7	6	69/2	69/2	0.5	5/8	5/8	12/8	2	1	1/8	1/8	1		5	59	B3	3	109
7	6	35	35	1.0	3/4	3/4	12/8	2	1	1/4	1/4	1		4	40	E2	2	110
7	6	36	36	0.5	1	1	12/8	2	1	1/8	1/8	1		5	59	B3	3	111
7	6	73/2	73/2	1.0	9/8	9/8	12/8	2	1	1/4	1/4	1		5	47	B2	2	112
7	6	75/2	75/2	0.5	11/8	11/8	12/8	2	1	1/8	1/8	1		5	59	B3	3	113
8	7	38	38	6.0	0	0	12/8	2	2	3/2	1	3/2		4	40	E2	2	140
8	7	38	38	0.5	0	0	12/8	1	1	1/8	1/8	1		5	83	B5	5	114
8	7	38	38	0.5	0	0	12/8	1	1	1/8	1/8	1		9	87	D#6	6	114
8	7	77/2	77/2	0.5	1/8	1/8	12/8	1	1	1/8	1/8	1		3	81	A5	5	115
8	7	77/2	77/2	0.5	1/8	1/8	12/8	1	1	1/8	1/8	1		7	85	C#6	6	115
8	7	39	39	0.5	1/4	1/4	12/8	2	1	1/8	1/8	1		5	59	B3	3	133
8	7	39	39	0.5	1/4	1/4	12/8	1	1	1/8	1/8	1		8	80	G#5	5	116
8	7	39	39	0.5	1/4	1/4	12/8	1	1	1/8	1/8	1		5	83	B5	5	116
8	7	79/2	79/2	1.0	3/8	3/8	12/8	2	1	1/4	1/4	1		4	52	E3	3	134
8	7	79/2	79/2	1.0	3/8	3/8	12/8	1	2	1/4	1/4	1		7	73	C#5	5	126
8	7	79/2	79/2	0.5	3/8	3/8	12/8	1	1	1/8	1/8	1		3	81	A5	5	117
8	7	40	40	0.5	1/2	1/2	12/8	1	1	1/8	1/8	1		4	76	E5	5	118
8	7	81/2	81/2	0.5	5/8	5/8	12/8	2	1	1/8	1/8	1		5	59	B3	3	135
8	7	81/2	81/2	0.5	5/8	5/8	12/8	1	2	1/8	1/8	1		7	73	C#5	5	127
8	7	81/2	81/2	0.5	5/8	5/8	12/8	1	1	1/8	1/8	1		4	76	E5	5	119
8	7	41	41	1.0	3/4	3/4	12/8	2	1	1/4	1/4	1		4	52	E3	3	136
8	7	41	41	0.5	3/4	3/4	12/8	1	2	1/8	1/8	1		5	71	B4	4	128
8	7	41	41	0.5	3/4	3/4	12/8	1	1	1/8	1/8	1		8	80	G#5	5	120
8	7	83/2	83/2	0.5	7/8	7/8	12/8	1	2	1/8	1/8	1		8	68	G#4	4	129
8	7	83/2	83/2	0.5	7/8	7/8	12/8	1	1	1/8	1/8	1		4	76	E5	5	121
8	7	42	42	0.5	1	1	12/8	2	1	1/8	1/8	1		5	59	B3	3	137
8	7	42	42	0.5	1	1	12/8	1	2	1/8	1/8	1		9	63	D#4	4	130
8	7	42	42	0.5	1	1	12/8	1	2	1/8	1/8	1		3	69	A4	4	130
8	7	42	42	0.5	1	1	12/8	1	1	1/8	1/8	1		5	71	B4	4	122
8	7	85/2	85/2	1.0	9/8	9/8	12/8	2	1	1/4	1/4	1		4	52	E3	3	138
8	7	85/2	85/2	1.0	9/8	9/8	12/8	1	2	1/4	1/4	1		4	64	E4	4	131
8	7	85/2	85/2	1.0	9/8	9/8	12/8	1	2	1/4	1/4	1		8	68	G#4	4	131
8	7	85/2	85/2	0.5	9/8	9/8	12/8	1	1	1/8	1/8	1		4	76	E5	5	123
8	7	43	43	0.5	5/4	5/4	12/8	1	1	1/8	1/8	1		5	71	B4	4	124
8	7	87/2	87/2	0.5	11/8	11/8	12/8	2	1	1/8	1/8	1		5	59	B3	3	139
8	7	87/2	87/2	0.5	11/8	11/8	12/8	1	2	1/8	1/8	1		8	68	G#4	4	132
8	7	87/2	87/2	0.5	11/8	11/8	12/8	1	1	1/8	1/8	1		5	71	B4	4	125
9	8	44	44	6.0	0	0	12/8	2	2	3/2	1	3/2		4	40	E2	2	164
9	8	44	44	0.5	0	0	12/8	1	1	1/8	1/8	1		5	83	B5	5	141
9	8	44	44	0.5	0	0	12/8	1	1	1/8	1/8	1		9	87	D#6	6	141
9	8	89/2	89/2	0.5	1/8	1/8	12/8	1	1	1/8	1/8	1		3	81	A5	5	142
9	8	89/2	89/2	0.5	1/8	1/8	12/8	1	1	1/8	1/8	1		7	85	C#6	6	142
9	8	45	45	0.5	1/4	1/4	12/8	2	1	1/8	1/8	1		5	59	B3	3	157
9	8	45	45	0.5	1/4	1/4	12/8	1	1	1/8	1/8	1		8	80	G#5	5	143
9	8	45	45	0.5	1/4	1/4	12/8	1	1	1/8	1/8	1		5	83	B5	5	143
9	8	91/2	91/2	1.0	3/8	3/8	12/8	2	1	1/4	1/4	1		4	52	E3	3	158
9	8	91/2	91/2	1.0	3/8	3/8	12/8	1	2	1/4	1/4	1		7	73	C#5	5	151
9	8	91/2	91/2	0.5	3/8	3/8	12/8	1	1	1/8	1/8	1		3	81	A5	5	144
9	8	46	46	0.5	1/2	1/2	12/8	1	1	1/8	1/8	1		4	76	E5	5	145
9	8	93/2	93/2	0.5	5/8	5/8	12/8	2	1	1/8	1/8	1		5	59	B3	3	159
9	8	93/2	93/2	0.5	5/8	5/8	12/8	1	2	1/8	1/8	1		7	73	C#5	5	152
9	8	93/2	93/2	0.5	5/8	5/8	12/8	1	1	1/8	1/8	1		4	76	E5	5	146
9	8	47	47	1.0	3/4	3/4	12/8	2	1	1/4	1/4	1		4	52	E3	3	160
9	8	47	47	0.5	3/4	3/4	12/8	1	2	1/8	1/8	1		5	71	B4	4	153
9	8	47	47	0.5	3/4	3/4	12/8	1	1	1/8	1/8	1		8	80	G#5	5	147
9	8	95/2	95/2	0.5	7/8	7/8	12/8	1	2	1/8	1/8	1		8	68	G#4	4	154
9	8	95/2	95/2	0.5	7/8	7/8	12/8	1	1	1/8	1/8	1		4	76	E5	5	148
9	8	48	48	0.5	1	1	12/8	2	1	1/8	1/8	1		5	59	B3	3	161
9	8	48	48	0.5	1	1	12/8	1	2	1/8	1/8	1		9	63	D#4	4	155
9	8	48	48	0.5	1	1	12/8	1	2	1/8	1/8	1		3	69	A4	4	155
9	8	48	48	0.5	1	1	12/8	1	1	1/8	1/8	1		5	71	B4	4	149
9	8	97/2	97/2	1.0	9/8	9/8	12/8	2	1	1/4	1/4	1		4	52	E3	3	162
9	8	97/2	97/2	1.0	9/8	9/8	12/8	1	2	1/4	1/4	1		4	64	E4	4	156
9	8	97/2	97/2	1.0	9/8	9/8	12/8	1	2	1/4	1/4	1		8	68	G#4	4	156
9	8	97/2	97/2	1.0	9/8	9/8	12/8	1	1	1/4	1/4	1		4	76	E5	5	150
9	8	99/2	99/2	0.5	11/8	11/8	12/8	2	1	1/8	1/8	1		5	59	B3	3	163
10	9	50	50	6.0	0	0	12/8	2	2	3/2	1	3/2		4	40	E2	2	188
10	9	50	50	0.5	0	0	12/8	1	1	1/8	1/8	1		5	71	B4	4	165
10	9	50	50	0.5	0	0	12/8	1	1	1/8	1/8	1		8	80	G#5	5	165
10	9	101/2	101/2	0.5	1/8	1/8	12/8	1	1	1/8	1/8	1		3	69	A4	4	166
10	9	101/2	101/2	0.5	1/8	1/8	12/8	1	1	1/8	1/8	1		6	78	F#5	5	166
10	9	51	51	0.5	1/4	1/4	12/8	2	1	1/8	1/8	1		2	62	D4	4	181
10	9	51	51	0.5	1/4	1/4	12/8	1	1	1/8	1/8	1		5	71	B4	4	167
10	9	51	51	0.5	1/4	1/4	12/8	1	1	1/8	1/8	1		8	80	G#5	5	167
10	9	103/2	103/2	1.0	3/8	3/8	12/8	2	1	1/4	1/4	1		4	52	E3	3	182
10	9	103/2	103/2	1.0	3/8	3/8	12/8	1	2	1/4	1/4	1		7	73	C#5	5	177
10	9	103/2	103/2	0.5	3/8	3/8	12/8	1	1	1/8	1/8	1		3	81	A5	5	168
10	9	52	52	0.5	1/2	1/2	12/8	1	1	1/8	1/8	1		4	76	E5	5	169
10	9	105/2	105/2	0.5	5/8	5/8	12/8	2	1	1/8	1/8	1		7	61	C#4	4	183
10	9	105/2	105/2	0.5	5/8	5/8	12/8	1	2	1/8	1/8	1		3	69	A4	4	178
10	9	105/2	105/2	0.5	5/8	5/8	12/8	1	1	1/8	1/8	1		4	76	E5	5	170
10	9	53	53	1.0	3/4	3/4	12/8	2	1	1/4	1/4	1		4	52	E3	3	184
10	9	53	53	0.5	3/4	3/4	12/8	1	1	1/8	1/8	1		5	71	B4	4	171
10	9	53	53	0.5	3/4	3/4	12/8	1	1	1/8	1/8	1		8	80	G#5	5	171
10	9	107/2	107/2	0.5	7/8	7/8	12/8	1	1	1/8	1/8	1		3	69	A4	4	172
10	9	107/2	107/2	0.5	7/8	7/8	12/8	1	1	1/8	1/8	1		6	78	F#5	5	172
10	9	54	54	0.5	1	1	12/8	2	1	1/8	1/8	1		9	63	D#4	4	185
10	9	54	54	0.5	1	1	12/8	1	1	1/8	1/8	1		5	71	B4	4	173
10	9	54	54	0.5	1	1	12/8	1	1	1/8	1/8	1		8	80	G#5	5	173
10	9	109/2	109/2	1.0	9/8	9/8	12/8	2	1	1/4	1/4	1		4	52	E3	3	186
10	9	109/2	109/2	1.0	9/8	9/8	12/8	1	2	1/4	1/4	1		8	68	G#4	4	179
10	9	109/2	109/2	0.5	9/8	9/8	12/8	1	1	1/8	1/8	1		4	76	E5	5	174
10	9	55	55	0.5	5/4	5/4	12/8	1	1	1/8	1/8	1		5	71	B4	4	175
10	9	111/2	111/2	0.5	11/8	11/8	12/8	2	1	1/8	1/8	1		5	59	B3	3	187
10	9	111/2	111/2	0.5	11/8	11/8	12/8	2	1	1/8	1/8	1		4	64	E4	4	187
10	9	111/2	111/2	0.5	11/8	11/8	12/8	1	2	1/8	1/8	1		8	68	G#4	4	180
10	9	111/2	111/2	0.5	11/8	11/8	12/8	1	1	1/8	1/8	1		5	71	B4	4	176
11	10	56	56	6.0	0	0	12/8	2	2	3/2	1	3/2		4	40	E2	2	207
11	10	56	56	0.5	0	0	12/8	1	1	1/8	1/8	1		5	71	B4	4	189
11	10	56	56	0.5	0	0	12/8	1	1	1/8	1/8	1		8	80	G#5	5	189
11	10	113/2	113/2	0.5	1/8	1/8	12/8	1	1	1/8	1/8	1		3	69	A4	4	190
11	10	113/2	113/2	0.5	1/8	1/8	12/8	1	1	1/8	1/8	1		6	78	F#5	5	190
11	10	57	57	0.5	1/4	1/4	12/8	2	1	1/8	1/8	1		2	62	D4	4	201
11	10	57	57	0.5	1/4	1/4	12/8	1	1	1/8	1/8	1		5	71	B4	4	191
11	10	57	57	0.5	1/4	1/4	12/8	1	1	1/8	1/8	1		8	80	G#5	5	191
11	10	115/2	115/2	1.0	3/8	3/8	12/8	2	1	1/4	1/4	1		4	52	E3	3	202
11	10	115/2	115/2	1.0	3/8	3/8	12/8	1	2	1/4	1/4	1		7	73	C#5	5	199
11	10	115/2	115/2	0.5	3/8	3/8	12/8	1	1	1/8	1/8	1		3	81	A5	5	192
11	10	58	58	0.5	1/2	1/2	12/8	1	1	1/8	1/8	1		4	76	E5	5	193
11	10	117/2	117/2	0.5	5/8	5/8	12/8	2	1	1/8	1/8	1		7	61	C#4	4	203
11	10	117/2	117/2	0.5	5/8	5/8	12/8	1	2	1/8	1/8	1		3	69	A4	4	200
11	10	117/2	117/2	0.5	5/8	5/8	12/8	1	1	1/8	1/8	1		4	76	E5	5	194
11	10	59	59	1.0	3/4	3/4	12/8	2	1	1/4	1/4	1		4	52	E3	3	204
11	10	59	59	0.5	3/4	3/4	12/8	1	1	1/8	1/8	1		5	71	B4	4	195
11	10	59	59	0.5	3/4	3/4	12/8	1	1	1/8	1/8	1		8	80	G#5	5	195
11	10	119/2	119/2	0.5	7/8	7/8	12/8	1	1	1/8	1/8	1		3	69	A4	4	196
11	10	119/2	119/2	0.5	7/8	7/8	12/8	1	1	1/8	1/8	1		6	78	F#5	5	196
11	10	60	60	0.5	1	1	12/8	2	1	1/8	1/8	1		9	63	D#4	4	205
11	10	60	60	0.5	1	1	12/8	1	1	1/8	1/8	1		5	71	B4	4	197
11	10	60	60	0.5	1	1	12/8	1	1	1/8	1/8	1		8	80	G#5	5	197
11	10	121/2	121/2	1.0	9/8	9/8	12/8	2	1	1/4	1/4	1		4	52	E3	3	206
11	10	121/2	121/2	1.0	9/8	9/8	12/8	2	1	1/4	1/4	1		5	59	B3	3	206
11	10	121/2	121/2	1.0	9/8	9/8	12/8	1	1	1/4	1/4	1		8	68	G#4	4	198
11	10	121/2	121/2	1.0	9/8	9/8	12/8	1	1	1/4	1/4	1		4	76	E5	5	198
12	11	62	62	0.5	0	0	6/8	1	2	1/8	1/8	1		9	63	D#4	4	213
12	11	62	62	1.5	0	0	6/8	1	1	3/8	1/4	3/2		5	71	B4	4	208
12	11	125/2	125/2	0.5	1/8	1/8	6/8	2	1	1/8	1/8	1		5	47	B2	2	219
12	11	125/2	125/2	0.5	1/8	1/8	6/8	2	1	1/8	1/8	1		6	54	F#3	3	219
12	11	125/2	125/2	0.25	1/8	1/8	6/8	1	2	1/16	1/16	1		6	66	F#4	4	214
12	11	251/4	251/4	0.25	3/16	3/16	6/8	1	2	1/16	1/16	1		9	63	D#4	4	215
12	11	63	63	0.5	1/4	1/4	6/8	2	1	1/8	1/8	1		5	47	B2	2	220
12	11	63	63	0.5	1/4	1/4	6/8	2	1	1/8	1/8	1		6	54	F#3	3	220
12	11	63	63	0.25	1/4	1/4	6/8	1	2	1/16	1/16	1		5	59	B3	3	216
12	11	253/4	253/4	0.25	5/16	5/16	6/8	1	2	1/16	1/16	1		9	63	D#4	4	217
12	11	127/2	127/2	1.5	3/8	3/8	6/8	2	1	3/8	1/4	3/2		5	47	B2	2	221
12	11	127/2	127/2	1.5	3/8	3/8	6/8	2	1	3/8	1/4	3/2		6	54	F#3	3	221
12	11	127/2	127/2	1.5	3/8	3/8	6/8	1	2	3/8	1/4	3/2		7	61	C#4	4	218
12	11	127/2	127/2	0.375	3/8	3/8	6/8	1	1	3/32	1/8	3/4		6	66	F#4	4	209
12	11	511/8	511/8	0.375	15/32	15/32	6/8	1	1	3/32	1/8	3/4		5	71	B4	4	210
12	11	257/4	257/4	0.375	9/16	9/16	6/8	1	1	3/32	1/8	3/4		10	70	A#4	4	211
12	11	517/8	517/8	0.375	21/32	21/32	6/8	1	1	3/32	1/8	3/4		6	66	F#4	4	212
13	12	65	65	0.5	0	0	6/8	1	2	1/8	1/8	1		9	63	D#4	4	227
13	12	65	65	1.5	0	0	6/8	1	1	3/8	1/4	3/2		5	71	B4	4	222
13	12	131/2	131/2	0.5	1/8	1/8	6/8	2	1	1/8	1/8	1		5	47	B2	2	233
13	12	131/2	131/2	0.5	1/8	1/8	6/8	2	1	1/8	1/8	1		6	54	F#3	3	233
13	12	131/2	131/2	0.25	1/8	1/8	6/8	1	2	1/16	1/16	1		6	66	F#4	4	228
13	12	263/4	263/4	0.25	3/16	3/16	6/8	1	2	1/16	1/16	1		9	63	D#4	4	229
13	12	66	66	0.5	1/4	1/4	6/8	2	1	1/8	1/8	1		5	47	B2	2	234
13	12	66	66	0.5	1/4	1/4	6/8	2	1	1/8	1/8	1		6	54	F#3	3	234
13	12	66	66	0.25	1/4	1/4	6/8	1	2	1/16	1/16	1		5	59	B3	3	230
13	12	265/4	265/4	0.25	5/16	5/16	6/8	1	2	1/16	1/16	1		9	63	D#4	4	231
13	12	133/2	133/2	1.5	3/8	3/8	6/8	2	1	3/8	1/4	3/2		5	47	B2	2	235
13	12	133/2	133/2	1.5	3/8	3/8	6/8	2	1	3/8	1/4	3/2		6	54	F#3	3	235
13	12	133/2	133/2	1.5	3/8	3/8	6/8	1	2	3/8	1/4	3/2		7	61	C#4	4	232
13	12	133/2	133/2	0.375	3/8	3/8	6/8	1	1	3/32	1/8	3/4		6	66	F#4	4	223
13	12	535/8	535/8	0.375	15/32	15/32	6/8	1	1	3/32	1/8	3/4		5	71	B4	4	224
13	12	269/4	269/4	0.375	9/16	9/16	6/8	1	1	3/32	1/8	3/4		10	70	A#4	4	225
13	12	541/8	541/8	0.375	21/32	21/32	6/8	1	1	3/32	1/8	3/4		6	66	F#4	4	226
14	13	68	68	0.5	0	0	6/8	1	2	1/8	1/8	1		9	63	D#4	4	241
14	13	68	68	1.5	0	0	6/8	1	1	3/8	1/4	3/2		5	71	B4	4	236
14	13	137/2	137/2	0.5	1/8	1/8	6/8	2	1	1/8	1/8	1		5	47	B2	2	247
14	13	137/2	137/2	0.5	1/8	1/8	6/8	2	1	1/8	1/8	1		6	54	F#3	3	247
14	13	137/2	137/2	0.25	1/8	1/8	6/8	1	2	1/16	1/16	1		6	66	F#4	4	242
14	13	275/4	275/4	0.25	3/16	3/16	6/8	1	2	1/16	1/16	1		9	63	D#4	4	243
14	13	69	69	0.5	1/4	1/4	6/8	2	1	1/8	1/8	1		5	47	B2	2	248
14	13	69	69	0.5	1/4	1/4	6/8	2	1	1/8	1/8	1		6	54	F#3	3	248
14	13	69	69	0.25	1/4	1/4	6/8	1	2	1/16	1/16	1		5	59	B3	3	244
14	13	277/4	277/4	0.25	5/16	5/16	6/8	1	2	1/16	1/16	1		9	63	D#4	4	245
14	13	139/2	139/2	1.5	3/8	3/8	6/8	2	1	3/8	1/4	3/2		5	47	B2	2	249
14	13	139/2	139/2	1.5	3/8	3/8	6/8	2	1	3/8	1/4	3/2		6	54	F#3	3	249
14	13	139/2	139/2	1.5	3/8	3/8	6/8	1	2	3/8	1/4	3/2		7	61	C#4	4	246
14	13	139/2	139/2	0.375	3/8	3/8	6/8	1	1	3/32	1/8	3/4		6	66	F#4	4	237
14	13	559/8	559/8	0.375	15/32	15/32	6/8	1	1	3/32	1/8	3/4		5	71	B4	4	238
14	13	281/4	281/4	0.375	9/16	9/16	6/8	1	1	3/32	1/8	3/4		10	70	A#4	4	239
14	13	565/8	565/8	0.375	21/32	21/32	6/8	1	1	3/32	1/8	3/4		6	66	F#4	4	240
15	14	71	71	0.5	0	0	6/8	1	2	1/8	1/8	1		9	63	D#4	4	255
15	14	71	71	1.5	0	0	6/8	1	1	3/8	1/4	3/2		3	69	A4	4	250
15	14	143/2	143/2	0.5	1/8	1/8	6/8	2	1	1/8	1/8	1		5	47	B2	2	261
15	14	143/2	143/2	0.5	1/8	1/8	6/8	2	1	1/8	1/8	1		6	54	F#3	3	261
15	14	143/2	143/2	0.25	1/8	1/8	6/8	1	2	1/16	1/16	1		6	66	F#4	4	256
15	14	287/4	287/4	0.25	3/16	3/16	6/8	1	2	1/16	1/16	1		9	63	D#4	4	257
15	14	72	72	0.5	1/4	1/4	6/8	2	1	1/8	1/8	1		5	47	B2	2	262
15	14	72	72	0.5	1/4	1/4	6/8	2	1	1/8	1/8	1		6	54	F#3	3	262
15	14	72	72	0.25	1/4	1/4	6/8	1	2	1/16	1/16	1		5	59	B3	3	258
15	14	289/4	289/4	0.25	5/16	5/16	6/8	1	2	1/16	1/16	1		9	63	D#4	4	259
15	14	145/2	145/2	1.5	3/8	3/8	6/8	2	1	3/8	1/4	3/2		4	40	E2	2	263
15	14	145/2	145/2	1.5	3/8	3/8	6/8	2	1	3/8	1/4	3/2		5	47	B2	2	263
15	14	145/2	145/2	1.5	3/8	3/8	6/8	1	2	3/8	1/4	3/2		5	59	B3	3	260
15	14	145/2	145/2	0.375	3/8	3/8	6/8	1	1	3/32	1/8	3/4		6	66	F#4	4	251
15	14	583/8	583/8	0.375	15/32	15/32	6/8	1	1	3/32	1/8	3/4		3	69	A4	4	252
15	14	293/4	293/4	0.375	9/16	9/16	6/8	1	1	3/32	1/8	3/4		8	68	G#4	4	253
15	14	589/8	589/8	0.375	21/32	21/32	6/8	1	1	3/32	1/8	3/4		4	64	E4	4	254
16	15	74	74	0.5	0	0	6/8	1	2	1/8	1/8	1		9	63	D#4	4	269
16	15	74	74	1.5	0	0	6/8	1	1	3/8	1/4	3/2		3	69	A4	4	264
16	15	149/2	149/2	0.5	1/8	1/8	6/8	2	1	1/8	1/8	1		5	47	B2	2	275
16	15	149/2	149/2	0.5	1/8	1/8	6/8	2	1	1/8	1/8	1		6	54	F#3	3	275
16	15	149/2	149/2	0.25	1/8	1/8	6/8	1	2	1/16	1/16	1		6	66	F#4	4	270
16	15	299/4	299/4	0.25	3/16	3/16	6/8	1	2	1/16	1/16	1		9	63	D#4	4	271
16	15	75	75	0.5	1/4	1/4	6/8	2	1	1/8	1/8	1		5	47	B2	2	276
16	15	75	75	0.5	1/4	1/4	6/8	2	1	1/8	1/8	1		6	54	F#3	3	276
16	15	75	75	0.25	1/4	1/4	6/8	1	2	1/16	1/16	1		5	59	B3	3	272
16	15	301/4	301/4	0.25	5/16	5/16	6/8	1	2	1/16	1/16	1		9	63	D#4	4	273
16	15	151/2	151/2	1.5	3/8	3/8	6/8	2	1	3/8	1/4	3/2		4	40	E2	2	277
16	15	151/2	151/2	1.5	3/8	3/8	6/8	2	1	3/8	1/4	3/2		5	47	B2	2	277
16	15	151/2	151/2	1.5	3/8	3/8	6/8	1	2	3/8	1/4	3/2		5	59	B3	3	274
16	15	151/2	151/2	0.375	3/8	3/8	6/8	1	1	3/32	1/8	3/4		6	66	F#4	4	265
16	15	607/8	607/8	0.375	15/32	15/32	6/8	1	1	3/32	1/8	3/4		3	69	A4	4	266
16	15	305/4	305/4	0.375	9/16	9/16	6/8	1	1	3/32	1/8	3/4		8	68	G#4	4	267
16	15	613/8	613/8	0.375	21/32	21/32	6/8	1	1	3/32	1/8	3/4		4	64	E4	4	268
17	16	77	77	0.5	0	0	6/8	1	2	1/8	1/8	1		9	63	D#4	4	283
17	16	77	77	1.5	0	0	6/8	1	1	3/8	1/4	3/2		3	69	A4	4	278
17	16	155/2	155/2	0.5	1/8	1/8	6/8	2	1	1/8	1/8	1		5	47	B2	2	289
17	16	155/2	155/2	0.5	1/8	1/8	6/8	2	1	1/8	1/8	1		6	54	F#3	3	289
17	16	155/2	155/2	0.25	1/8	1/8	6/8	1	2	1/16	1/16	1		6	66	F#4	4	284
17	16	311/4	311/4	0.25	3/16	3/16	6/8	1	2	1/16	1/16	1		9	63	D#4	4	285
17	16	78	78	0.5	1/4	1/4	6/8	2	1	1/8	1/8	1		5	47	B2	2	290
17	16	78	78	0.5	1/4	1/4	6/8	2	1	1/8	1/8	1		6	54	F#3	3	290
17	16	78	78	0.25	1/4	1/4	6/8	1	2	1/16	1/16	1		5	59	B3	3	286
17	16	313/4	313/4	0.25	5/16	5/16	6/8	1	2	1/16	1/16	1		9	63	D#4	4	287
17	16	157/2	157/2	1.5	3/8	3/8	6/8	2	1	3/8	1/4	3/2		4	40	E2	2	291
17	16	157/2	157/2	1.5	3/8	3/8	6/8	2	1	3/8	1/4	3/2		5	47	B2	2	291
17	16	157/2	157/2	1.5	3/8	3/8	6/8	1	2	3/8	1/4	3/2		5	59	B3	3	288
17	16	157/2	157/2	0.375	3/8	3/8	6/8	1	1	3/32	1/8	3/4		6	66	F#4	4	279
17	16	631/8	631/8	0.375	15/32	15/32	6/8	1	1	3/32	1/8	3/4		3	69	A4	4	280
17	16	317/4	317/4	0.375	9/16	9/16	6/8	1	1	3/32	1/8	3/4		8	68	G#4	4	281
17	16	637/8	637/8	0.375	21/32	21/32	6/8	1	1	3/32	1/8	3/4		4	64	E4	4	282
18	17	80	80	0.5	0	0	6/8	1	2	1/8	1/8	1		9	63	D#4	4	297
18	17	80	80	1.5	0	0	6/8	1	1	3/8	1/4	3/2		5	71	B4	4	292
18	17	161/2	161/2	0.5	1/8	1/8	6/8	2	1	1/8	1/8	1		5	47	B2	2	303
18	17	161/2	161/2	0.5	1/8	1/8	6/8	2	1	1/8	1/8	1		6	54	F#3	3	303
18	17	161/2	161/2	0.25	1/8	1/8	6/8	1	2	1/16	1/16	1		6	66	F#4	4	298
18	17	323/4	323/4	0.25	3/16	3/16	6/8	1	2	1/16	1/16	1		9	63	D#4	4	299
18	17	81	81	0.5	1/4	1/4	6/8	2	1	1/8	1/8	1		5	47	B2	2	304
18	17	81	81	0.5	1/4	1/4	6/8	2	1	1/8	1/8	1		6	54	F#3	3	304
18	17	81	81	0.25	1/4	1/4	6/8	1	2	1/16	1/16	1		5	59	B3	3	300
18	17	325/4	325/4	0.25	5/16	5/16	6/8	1	2	1/16	1/16	1		9	63	D#4	4	301
18	17	163/2	163/2	1.5	3/8	3/8	6/8	2	1	3/8	1/4	3/2		5	47	B2	2	305
18	17	163/2	163/2	1.5	3/8	3/8	6/8	2	1	3/8	1/4	3/2		6	54	F#3	3	305
18	17	163/2	163/2	1.5	3/8	3/8	6/8	1	2	3/8	1/4	3/2		7	61	C#4	4	302
18	17	163/2	163/2	0.375	3/8	3/8	6/8	1	1	3/32	1/8	3/4		6	66	F#4	4	293
18	17	655/8	655/8	0.375	15/32	15/32	6/8	1	1	3/32	1/8	3/4		5	71	B4	4	294
18	17	329/4	329/4	0.375	9/16	9/16	6/8	1	1	3/32	1/8	3/4		10	70	A#4	4	295
18	17	661/8	661/8	0.375	21/32	21/32	6/8	1	1	3/32	1/8	3/4		6	66	F#4	4	296
19	18	83	83	0.5	0	0	6/8	1	2	1/8	1/8	1		9	63	D#4	4	311
19	18	83	83	1.5	0	0	6/8	1	1	3/8	1/4	3/2		5	71	B4	4	306
19	18	167/2	167/2	0.5	1/8	1/8	6/8	2	1	1/8	1/8	1		5	47	B2	2	317
19	18	167/2	167/2	0.5	1/8	1/8	6/8	2	1	1/8	1/8	1		6	54	F#3	3	317
19	18	167/2	167/2	0.25	1/8	1/8	6/8	1	2	1/16	1/16	1		6	66	F#4	4	312
19	18	335/4	335/4	0.25	3/16	3/16	6/8	1	2	1/16	1/16	1		9	63	D#4	4	313
19	18	84	84	0.5	1/4	1/4	6/8	2	1	1/8	1/8	1		5	47	B2	2	318
19	18	84	84	0.5	1/4	1/4	6/8	2	1	1/8	1/8	1		6	54	F#3	3	318
19	18	84	84	0.25	1/4	1/4	6/8	1	2	1/16	1/16	1		5	59	B3	3	314
19	18	337/4	337/4	0.25	5/16	5/16	6/8	1	2	1/16	1/16	1		9	63	D#4	4	315
19	18	169/2	169/2	1.5	3/8	3/8	6/8	2	1	3/8	1/4	3/2		5	47	B2	2	319
19	18	169/2	169/2	1.5	3/8	3/8	6/8	2	1	3/8	1/4	3/2		6	54	F#3	3	319
19	18	169/2	169/2	1.5	3/8	3/8	6/8	1	2	3/8	1/4	3/2		7	61	C#4	4	316
19	18	169/2	169/2	0.375	3/8	3/8	6/8	1	1	3/32	1/8	3/4		6	66	F#4	4	307
19	18	679/8	679/8	0.375	15/32	15/32	6/8	1	1	3/32	1/8	3/4		5	71	B4	4	308
19	18	341/4	341/4	0.375	9/16	9/16	6/8	1	1	3/32	1/8	3/4		10	70	A#4	4	309
19	18	685/8	685/8	0.375	21/32	21/32	6/8	1	1	3/32	1/8	3/4		6	66	F#4	4	310
20	19	86	86	0.5	0	0	6/8	1	2	1/8	1/8	1		9	63	D#4	4	325
20	19	86	86	1.5	0	0	6/8	1	1	3/8	1/4	3/2		5	71	B4	4	320
20	19	173/2	173/2	0.5	1/8	1/8	6/8	2	1	1/8	1/8	1		5	47	B2	2	331
20	19	173/2	173/2	0.5	1/8	1/8	6/8	2	1	1/8	1/8	1		6	54	F#3	3	331
20	19	173/2	173/2	0.25	1/8	1/8	6/8	1	2	1/16	1/16	1		6	66	F#4	4	326
20	19	347/4	347/4	0.25	3/16	3/16	6/8	1	2	1/16	1/16	1		9	63	D#4	4	327
20	19	87	87	0.5	1/4	1/4	6/8	2	1	1/8	1/8	1		5	47	B2	2	332
20	19	87	87	0.5	1/4	1/4	6/8	2	1	1/8	1/8	1		6	54	F#3	3	332
20	19	87	87	0.25	1/4	1/4	6/8	1	2	1/16	1/16	1		5	59	B3	3	328
20	19	349/4	349/4	0.25	5/16	5/16	6/8	1	2	1/16	1/16	1		9	63	D#4	4	329
20	19	175/2	175/2	1.5	3/8	3/8	6/8	2	1	3/8	1/4	3/2		5	47	B2	2	333
20	19	175/2	175/2	1.5	3/8	3/8	6/8	2	1	3/8	1/4	3/2		6	54	F#3	3	333
20	19	175/2	175/2	1.5	3/8	3/8	6/8	1	2	3/8	1/4	3/2		7	61	C#4	4	330
20	19	175/2	175/2	0.375	3/8	3/8	6/8	1	1	3/32	1/8	3/4		6	66	F#4	4	321
20	19	703/8	703/8	0.375	15/32	15/32	6/8	1	1	3/32	1/8	3/4		5	71	B4	4	322
20	19	353/4	353/4	0.375	9/16	9/16	6/8	1	1	3/32	1/8	3/4		10	70	A#4	4	323
20	19	709/8	709/8	0.375	21/32	21/32	6/8	1	1	3/32	1/8	3/4		6	66	F#4	4	324
21	20	89	89	0.5	0	0	6/8	1	2	1/8	1/8	1		9	63	D#4	4	339
21	20	89	89	1.5	0	0	6/8	1	1	3/8	1/4	3/2		3	69	A4	4	334
21	20	179/2	179/2	0.5	1/8	1/8	6/8	2	1	1/8	1/8	1		5	47	B2	2	345
21	20	179/2	179/2	0.5	1/8	1/8	6/8	2	1	1/8	1/8	1		6	54	F#3	3	345
21	20	179/2	179/2	0.25	1/8	1/8	6/8	1	2	1/16	1/16	1		6	66	F#4	4	340
21	20	359/4	359/4	0.25	3/16	3/16	6/8	1	2	1/16	1/16	1		9	63	D#4	4	341
21	20	90	90	0.5	1/4	1/4	6/8	2	1	1/8	1/8	1		5	47	B2	2	346
21	20	90	90	0.5	1/4	1/4	6/8	2	1	1/8	1/8	1		6	54	F#3	3	346
21	20	90	90	0.25	1/4	1/4	6/8	1	2	1/16	1/16	1		5	59	B3	3	342
21	20	361/4	361/4	0.25	5/16	5/16	6/8	1	2	1/16	1/16	1		9	63	D#4	4	343
21	20	181/2	181/2	1.5	3/8	3/8	6/8	2	1	3/8	1/4	3/2		4	40	E2	2	347
21	20	181/2	181/2	1.5	3/8	3/8	6/8	2	1	3/8	1/4	3/2		5	47	B2	2	347
21	20	181/2	181/2	1.5	3/8	3/8	6/8	1	2	3/8	1/4	3/2		5	59	B3	3	344
21	20	181/2	181/2	0.375	3/8	3/8	6/8	1	1	3/32	1/8	3/4		6	66	F#4	4	335
21	20	727/8	727/8	0.375	15/32	15/32	6/8	1	1	3/32	1/8	3/4		3	69	A4	4	336
21	20	365/4	365/4	0.375	9/16	9/16	6/8	1	1	3/32	1/8	3/4		8	68	G#4	4	337
21	20	733/8	733/8	0.375	21/32	21/32	6/8	1	1	3/32	1/8	3/4		4	64	E4	4	338
22	21	92	92	0.5	0	0	6/8	1	2	1/8	1/8	1		9	63	D#4	4	353
22	21	92	92	1.5	0	0	6/8	1	1	3/8	1/4	3/2		3	69	A4	4	348
22	21	185/2	185/2	0.5	1/8	1/8	6/8	2	1	1/8	1/8	1		5	47	B2	2	359
22	21	185/2	185/2	0.5	1/8	1/8	6/8	2	1	1/8	1/8	1		6	54	F#3	3	359
22	21	185/2	185/2	0.25	1/8	1/8	6/8	1	2	1/16	1/16	1		6	66	F#4	4	354
22	21	371/4	371/4	0.25	3/16	3/16	6/8	1	2	1/16	1/16	1		9	63	D#4	4	355
22	21	93	93	0.5	1/4	1/4	6/8	2	1	1/8	1/8	1		5	47	B2	2	360
22	21	93	93	0.5	1/4	1/4	6/8	2	1	1/8	1/8	1		6	54	F#3	3	360
22	21	93	93	0.25	1/4	1/4	6/8	1	2	1/16	1/16	1		5	59	B3	3	356
22	21	373/4	373/4	0.25	5/16	5/16	6/8	1	2	1/16	1/16	1		9	63	D#4	4	357
22	21	187/2	187/2	1.5	3/8	3/8	6/8	2	1	3/8	1/4	3/2		4	40	E2	2	361
22	21	187/2	187/2	1.5	3/8	3/8	6/8	2	1	3/8	1/4	3/2		5	47	B2	2	361
22	21	187/2	187/2	1.5	3/8	3/8	6/8	1	2	3/8	1/4	3/2		5	59	B3	3	358
22	21	187/2	187/2	0.375	3/8	3/8	6/8	1	1	3/32	1/8	3/4		6	66	F#4	4	349
22	21	751/8	751/8	0.375	15/32	15/32	6/8	1	1	3/32	1/8	3/4		3	69	A4	4	350
22	21	377/4	377/4	0.375	9/16	9/16	6/8	1	1	3/32	1/8	3/4		8	68	G#4	4	351
22	21	757/8	757/8	0.375	21/32	21/32	6/8	1	1	3/32	1/8	3/4		4	64	E4	4	352
23	22	95	95	0.5	0	0	6/8	1	2	1/8	1/8	1		9	63	D#4	4	367
23	22	95	95	1.5	0	0	6/8	1	1	3/8	1/4	3/2		3	69	A4	4	362
23	22	191/2	191/2	0.5	1/8	1/8	6/8	2	1	1/8	1/8	1		5	47	B2	2	373
23	22	191/2	191/2	0.5	1/8	1/8	6/8	2	1	1/8	1/8	1		6	54	F#3	3	373
23	22	191/2	191/2	0.25	1/8	1/8	6/8	1	2	1/16	1/16	1		6	66	F#4	4	368
23	22	383/4	383/4	0.25	3/16	3/16	6/8	1	2	1/16	1/16	1		9	63	D#4	4	369
23	22	96	96	0.5	1/4	1/4	6/8	2	1	1/8	1/8	1		5	47	B2	2	374
23	22	96	96	0.5	1/4	1/4	6/8	2	1	1/8	1/8	1		6	54	F#3	3	374
23	22	96	96	0.25	1/4	1/4	6/8	1	2	1/16	1/16	1		5	59	B3	3	370
23	22	385/4	385/4	0.25	5/16	5/16	6/8	1	2	1/16	1/16	1		9	63	D#4	4	371
23	22	193/2	193/2	1.5	3/8	3/8	6/8	2	1	3/8	1/4	3/2		4	40	E2	2	375
23	22	193/2	193/2	1.5	3/8	3/8	6/8	2	1	3/8	1/4	3/2		5	47	B2	2	375
23	22	193/2	193/2	1.5	3/8	3/8	6/8	1	2	3/8	1/4	3/2		5	59	B3	3	372
23	22	193/2	193/2	0.375	3/8	3/8	6/8	1	1	3/32	1/8	3/4		6	66	F#4	4	363
23	22	775/8	775/8	0.375	15/32	15/32	6/8	1	1	3/32	1/8	3/4		3	69	A4	4	364
23	22	389/4	389/4	0.375	9/16	9/16	6/8	1	1	3/32	1/8	3/4		8	68	G#4	4	365
23	22	781/8	781/8	0.375	21/32	21/32	6/8	1	1	3/32	1/8	3/4		4	64	E4	4	366
24	23	99	99	0.5	1/4	1/4	6/8	2	1	1/8	1/8	1		5	59	B3	3	376
24	23	199/2	199/2	1.0	3/8	3/8	6/8	2	1	1/4	1/4	1		5	47	B2	2	377
24	23	201/2	201/2	0.5	5/8	5/8	6/8	2	1	1/8	1/8	1		5	59	B3	3	378
25	24	101	101	1.0	0	0	12/8	2	1	1/4	1/4	1		4	40	E2	2	379
25	24	102	102	0.5	1/4	1/4	12/8	2	1	1/8	1/8	1		5	59	B3	3	380
25	24	205/2	205/2	1.0	3/8	3/8	12/8	2	1	1/4	1/4	1		5	47	B2	2	381
25	24	207/2	207/2	0.5	5/8	5/8	12/8	2	1	1/8	1/8	1		5	59	B3	3	382
25	24	104	104	1.0	3/4	3/4	12/8	2	1	1/4	1/4	1		4	40	E2	2	383
25	24	105	105	0.5	1	1	12/8	2	1	1/8	1/8	1		5	59	B3	3	384
25	24	211/2	211/2	1.0	9/8	9/8	12/8	2	1	1/4	1/4	1		5	47	B2	2	385
25	24	213/2	213/2	0.5	11/8	11/8	12/8	2	1	1/8	1/8	1		5	59	B3	3	386
26	25	107	107	6.0	0	0	12/8	2	2	3/2	1	3/2		4	40	E2	2	413
26	25	107	107	0.5	0	0	12/8	1	1	1/8	1/8	1		5	83	B5	5	387
26	25	107	107	0.5	0	0	12/8	1	1	1/8	1/8	1		9	87	D#6	6	387
26	25	215/2	215/2	0.5	1/8	1/8	12/8	1	1	1/8	1/8	1		3	81	A5	5	388
26	25	215/2	215/2	0.5	1/8	1/8	12/8	1	1	1/8	1/8	1		7	85	C#6	6	388
26	25	108	108	0.5	1/4	1/4	12/8	2	1	1/8	1/8	1		5	59	B3	3	406
26	25	108	108	0.5	1/4	1/4	12/8	1	1	1/8	1/8	1		8	80	G#5	5	389
26	25	108	108	0.5	1/4	1/4	12/8	1	1	1/8	1/8	1		5	83	B5	5	389
26	25	217/2	217/2	1.0	3/8	3/8	12/8	2	1	1/4	1/4	1		4	52	E3	3	407
26	25	217/2	217/2	1.0	3/8	3/8	12/8	1	2	1/4	1/4	1		7	73	C#5	5	399
26	25	217/2	217/2	0.5	3/8	3/8	12/8	1	1	1/8	1/8	1		3	81	A5	5	390
26	25	109	109	0.5	1/2	1/2	12/8	1	1	1/8	1/8	1		4	76	E5	5	391
26	25	219/2	219/2	0.5	5/8	5/8	12/8	2	1	1/8	1/8	1		5	59	B3	3	408
26	25	219/2	219/2	0.5	5/8	5/8	12/8	1	2	1/8	1/8	1		7	73	C#5	5	400
26	25	219/2	219/2	0.5	5/8	5/8	12/8	1	1	1/8	1/8	1		4	76	E5	5	392
26	25	110	110	1.0	3/4	3/4	12/8	2	1	1/4	1/4	1		4	52	E3	3	409
26	25	110	110	0.5	3/4	3/4	12/8	1	2	1/8	1/8	1		5	71	B4	4	401
26	25	110	110	0.5	3/4	3/4	12/8	1	1	1/8	1/8	1		8	80	G#5	5	393
26	25	221/2	221/2	0.5	7/8	7/8	12/8	1	2	1/8	1/8	1		8	68	G#4	4	402
26	25	221/2	221/2	0.5	7/8	7/8	12/8	1	1	1/8	1/8	1		4	76	E5	5	394
26	25	111	111	0.5	1	1	12/8	2	1	1/8	1/8	1		5	59	B3	3	410
26	25	111	111	0.5	1	1	12/8	1	2	1/8	1/8	1		9	63	D#4	4	403
26	25	111	111	0.5	1	1	12/8	1	2	1/8	1/8	1		3	69	A4	4	403
26	25	111	111	0.5	1	1	12/8	1	1	1/8	1/8	1		5	71	B4	4	395
26	25	223/2	223/2	1.0	9/8	9/8	12/8	2	1	1/4	1/4	1		4	52	E3	3	411
26	25	223/2	223/2	1.0	9/8	9/8	12/8	1	2	1/4	1/4	1		4	64	E4	4	404
26	25	223/2	223/2	1.0	9/8	9/8	12/8	1	2	1/4	1/4	1		8	68	G#4	4	404
26	25	223/2	223/2	0.5	9/8	9/8	12/8	1	1	1/8	1/8	1		4	76	E5	5	396
26	25	112	112	0.5	5/4	5/4	12/8	1	1	1/8	1/8	1		5	71	B4	4	397
26	25	225/2	225/2	0.5	11/8	11/8	12/8	2	1	1/8	1/8	1		5	59	B3	3	412
26	25	225/2	225/2	0.5	11/8	11/8	12/8	1	2	1/8	1/8	1		8	68	G#4	4	405
26	25	225/2	225/2	0.5	11/8	11/8	12/8	1	1	1/8	1/8	1		5	71	B4	4	398
27	26	113	113	6.0	0	0	12/8	2	2	3/2	1	3/2		4	40	E2	2	437
27	26	113	113	0.5	0	0	12/8	1	1	1/8	1/8	1		5	83	B5	5	414
27	26	113	113	0.5	0	0	12/8	1	1	1/8	1/8	1		9	87	D#6	6	414
27	26	227/2	227/2	0.5	1/8	1/8	12/8	1	1	1/8	1/8	1		3	81	A5	5	415
27	26	227/2	227/2	0.5	1/8	1/8	12/8	1	1	1/8	1/8	1		7	85	C#6	6	415
27	26	114	114	0.5	1/4	1/4	12/8	2	1	1/8	1/8	1		5	59	B3	3	430
27	26	114	114	0.5	1/4	1/4	12/8	1	1	1/8	1/8	1		8	80	G#5	5	416
27	26	114	114	0.5	1/4	1/4	12/8	1	1	1/8	1/8	1		5	83	B5	5	416
27	26	229/2	229/2	1.0	3/8	3/8	12/8	2	1	1/4	1/4	1		4	52	E3	3	431
27	26	229/2	229/2	1.0	3/8	3/8	12/8	1	2	1/4	1/4	1		7	73	C#5	5	424
27	26	229/2	229/2	0.5	3/8	3/8	12/8	1	1	1/8	1/8	1		3	81	A5	5	417
27	26	115	115	0.5	1/2	1/2	12/8	1	1	1/8	1/8	1		4	76	E5	5	418
27	26	231/2	231/2	0.5	5/8	5/8	12/8	2	1	1/8	1/8	1		5	59	B3	3	432
27	26	231/2	231/2	0.5	5/8	5/8	12/8	1	2	1/8	1/8	1		7	73	C#5	5	425
27	26	231/2	231/2	0.5	5/8	5/8	12/8	1	1	1/8	1/8	1		4	76	E5	5	419
27	26	116	116	1.0	3/4	3/4	12/8	2	1	1/4	1/4	1		4	52	E3	3	433
27	26	116	116	0.5	3/4	3/4	12/8	1	2	1/8	1/8	1		5	71	B4	4	426
27	26	116	116	0.5	3/4	3/4	12/8	1	1	1/8	1/8	1		8	80	G#5	5	420
27	26	233/2	233/2	0.5	7/8	7/8	12/8	1	2	1/8	1/8	1		8	68	G#4	4	427
27	26	233/2	233/2	0.5	7/8	7/8	12/8	1	1	1/8	1/8	1		4	76	E5	5	421
27	26	117	117	0.5	1	1	12/8	2	1	1/8	1/8	1		5	59	B3	3	434
27	26	117	117	0.5	1	1	12/8	1	2	1/8	1/8	1		9	63	D#4	4	428
27	26	117	117	0.5	1	1	12/8	1	2	1/8	1/8	1		3	69	A4	4	428
27	26	117	117	0.5	1	1	12/8	1	1	1/8	1/8	1		5	71	B4	4	422
27	26	235/2	235/2	1.0	9/8	9/8	12/8	2	1	1/4	1/4	1		4	52	E3	3	435
27	26	235/2	235/2	1.0	9/8	9/8	12/8	1	2	1/4	1/4	1		4	64	E4	4	429
27	26	235/2	235/2	1.0	9/8	9/8	12/8	1	2	1/4	1/4	1		8	68	G#4	4	429
27	26	235/2	235/2	1.0	9/8	9/8	12/8	1	1	1/4	1/4	1		4	76	E5	5	423
27	26	237/2	237/2	0.5	11/8	11/8	12/8	2	1	1/8	1/8	1		5	59	B3	3	436
28	27	119	119	6.0	0	0	12/8	2	2	3/2	1	3/2		4	40	E2	2	461
28	27	119	119	0.5	0	0	12/8	1	1	1/8	1/8	1		5	71	B4	4	438
28	27	119	119	0.5	0	0	12/8	1	1	1/8	1/8	1		8	80	G#5	5	438
28	27	239/2	239/2	0.5	1/8	1/8	12/8	1	1	1/8	1/8	1		3	69	A4	4	439
28	27	239/2	239/2	0.5	1/8	1/8	12/8	1	1	1/8	1/8	1		6	78	F#5	5	439
28	27	120	120	0.5	1/4	1/4	12/8	2	1	1/8	1/8	1		2	62	D4	4	454
28	27	120	120	0.5	1/4	1/4	12/8	1	1	1/8	1/8	1		5	71	B4	4	440
28	27	120	120	0.5	1/4	1/4	12/8	1	1	1/8	1/8	1		8	80	G#5	5	440
28	27	241/2	241/2	1.0	3/8	3/8	12/8	2	1	1/4	1/4	1		4	52	E3	3	455
28	27	241/2	241/2	1.0	3/8	3/8	12/8	1	2	1/4	1/4	1		7	73	C#5	5	450
28	27	241/2	241/2	0.5	3/8	3/8	12/8	1	1	1/8	1/8	1		3	81	A5	5	441
28	27	121	121	0.5	1/2	1/2	12/8	1	1	1/8	1/8	1		4	76	E5	5	442
28	27	243/2	243/2	0.5	5/8	5/8	12/8	2	1	1/8	1/8	1		7	61	C#4	4	456
28	27	243/2	243/2	0.5	5/8	5/8	12/8	1	2	1/8	1/8	1		3	69	A4	4	451
28	27	243/2	243/2	0.5	5/8	5/8	12/8	1	1	1/8	1/8	1		4	76	E5	5	443
28	27	122	122	1.0	3/4	3/4	12/8	2	1	1/4	1/4	1		4	52	E3	3	457
28	27	122	122	0.5	3/4	3/4	12/8	1	1	1/8	1/8	1		5	71	B4	4	444
28	27	122	122	0.5	3/4	3/4	12/8	1	1	1/8	1/8	1		8	80	G#5	5	444
28	27	245/2	245/2	0.5	7/8	7/8	12/8	1	1	1/8	1/8	1		3	69	A4	4	445
28	27	245/2	245/2	0.5	7/8	7/8	12/8	1	1	1/8	1/8	1		6	78	F#5	5	445
28	27	123	123	0.5	1	1	12/8	2	1	1/8	1/8	1		9	63	D#4	4	458
28	27	123	123	0.5	1	1	12/8	1	1	1/8	1/8	1		5	71	B4	4	446
28	27	123	123	0.5	1	1	12/8	1	1	1/8	1/8	1		8	80	G#5	5	446
28	27	247/2	247/2	1.0	9/8	9/8	12/8	2	1	1/4	1/4	1		4	52	E3	3	459
28	27	247/2	247/2	1.0	9/8	9/8	12/8	1	2	1/4	1/4	1		8	68	G#4	4	452
28	27	247/2	247/2	0.5	9/8	9/8	12/8	1	1	1/8	1/8	1		4	76	E5	5	447
28	27	124	124	0.5	5/4	5/4	12/8	1	1	1/8	1/8	1		5	71	B4	4	448
28	27	249/2	249/2	0.5	11/8	11/8	12/8	2	1	1/8	1/8	1		5	59	B3	3	460
28	27	249/2	249/2	0.5	11/8	11/8	12/8	2	1	1/8	1/8	1		4	64	E4	4	460
28	27	249/2	249/2	0.5	11/8	11/8	12/8	1	2	1/8	1/8	1		8	68	G#4	4	453
28	27	249/2	249/2	0.5	11/8	11/8	12/8	1	1	1/8	1/8	1		5	71	B4	4	449
29	28	125	125	6.0	0	0	12/8	2	2	3/2	1	3/2		4	40	E2	2	481
29	28	125	125	0.5	0	0	12/8	1	1	1/8	1/8	1		5	71	B4	4	462
29	28	125	125	0.5	0	0	12/8	1	1	1/8	1/8	1		8	80	G#5	5	462
29	28	251/2	251/2	0.5	1/8	1/8	12/8	1	1	1/8	1/8	1		3	69	A4	4	463
29	28	251/2	251/2	0.5	1/8	1/8	12/8	1	1	1/8	1/8	1		6	78	F#5	5	463
29	28	126	126	0.5	1/4	1/4	12/8	2	1	1/8	1/8	1		2	62	D4	4	474
29	28	126	126	0.5	1/4	1/4	12/8	1	1	1/8	1/8	1		5	71	B4	4	464
29	28	126	126	0.5	1/4	1/4	12/8	1	1	1/8	1/8	1		8	80	G#5	5	464
29	28	253/2	253/2	1.0	3/8	3/8	12/8	2	1	1/4	1/4	1		4	52	E3	3	475
29	28	253/2	253/2	1.0	3/8	3/8	12/8	1	2	1/4	1/4	1		7	73	C#5	5	472
29	28	253/2	253/2	0.5	3/8	3/8	12/8	1	1	1/8	1/8	1		3	81	A5	5	465
29	28	127	127	0.5	1/2	1/2	12/8	1	1	1/8	1/8	1		4	76	E5	5	466
29	28	255/2	255/2	0.5	5/8	5/8	12/8	2	1	1/8	1/8	1		7	61	C#4	4	476
29	28	255/2	255/2	0.5	5/8	5/8	12/8	1	2	1/8	1/8	1		3	69	A4	4	473
29	28	255/2	255/2	0.5	5/8	5/8	12/8	1	1	1/8	1/8	1		4	76	E5	5	467
29	28	128	128	1.0	3/4	3/4	12/8	2	1	1/4	1/4	1		4	52	E3	3	477
29	28	128	128	0.5	3/4	3/4	12/8	1	1	1/8	1/8	1		5	71	B4	4	468
29	28	128	128	0.5	3/4	3/4	12/8	1	1	1/8	1/8	1		8	80	G#5	5	468
29	28	257/2	257/2	0.5	7/8	7/8	12/8	1	1	1/8	1/8	1		3	69	A4	4	469
29	28	257/2	257/2	0.5	7/8	7/8	12/8	1	1	1/8	1/8	1		6	78	F#5	5	469
29	28	129	129	0.5	1	1	12/8	2	1	1/8	1/8	1		9	63	D#4	4	478
29	28	129	129	0.5	1	1	12/8	1	1	1/8	1/8	1		5	71	B4	4	470
29	28	129	129	0.5	1	1	12/8	1	1	1/8	1/8	1		8	80	G#5	5	470
29	28	259/2	259/2	1.0	9/8	9/8	12/8	2	1	1/4	1/4	1		4	52	E3	3	479
29	28	259/2	259/2	1.0	9/8	9/8	12/8	2	1	1/4	1/4	1		5	59	B3	3	479
29	28	259/2	259/2	1.0	9/8	9/8	12/8	1	1	1/4	1/4	1		8	68	G#4	4	471
29	28	259/2	259/2	1.0	9/8	9/8	12/8	1	1	1/4	1/4	1		4	76	E5	5	471
29	28	261/2	261/2	0.5	11/8	11/8	12/8	2	1	1/8	1/8	1		5	47	B2	2	480
30	29	131	131	1.0	0	0	12/8	2	1	1/4	1/4	1		4	40	E2	2	482
30	29	132	132	0.5	1/4	1/4	12/8	2	1	1/8	1/8	1		5	59	B3	3	483
30	29	265/2	265/2	1.0	3/8	3/8	12/8	2	1	1/4	1/4	1		5	47	B2	2	484
30	29	267/2	267/2	0.5	5/8	5/8	12/8	2	1	1/8	1/8	1		5	59	B3	3	485
30	29	134	134	1.0	3/4	3/4	12/8	2	1	1/4	1/4	1		4	40	E2	2	486
30	29	135	135	0.5	1	1	12/8	2	1	1/8	1/8	1		5	59	B3	3	487
30	29	271/2	271/2	1.0	9/8	9/8	12/8	2	1	1/4	1/4	1		5	47	B2	2	488
30	29	273/2	273/2	0.5	11/8	11/8	12/8	2	1	1/8	1/8	1		5	59	B3	3	489
31	30	137	137	6.0	0	0	12/8	2	2	3/2	1	3/2		4	40	E2	2	516
31	30	137	137	0.5	0	0	12/8	1	1	1/8	1/8	1		5	83	B5	5	490
31	30	137	137	0.5	0	0	12/8	1	1	1/8	1/8	1		9	87	D#6	6	490
31	30	275/2	275/2	0.5	1/8	1/8	12/8	1	1	1/8	1/8	1		3	81	A5	5	491
31	30	275/2	275/2	0.5	1/8	1/8	12/8	1	1	1/8	1/8	1		7	85	C#6	6	491
31	30	138	138	0.5	1/4	1/4	12/8	2	1	1/8	1/8	1		5	59	B3	3	509
31	30	138	138	0.5	1/4	1/4	12/8	1	1	1/8	1/8	1		8	80	G#5	5	492
31	30	138	138	0.5	1/4	1/4	12/8	1	1	1/8	1/8	1		5	83	B5	5	492
31	30	277/2	277/2	1.0	3/8	3/8	12/8	2	1	1/4	1/4	1		4	52	E3	3	510
31	30	277/2	277/2	1.0	3/8	3/8	12/8	1	2	1/4	1/4	1		7	73	C#5	5	502
31	30	277/2	277/2	0.5	3/8	3/8	12/8	1	1	1/8	1/8	1		3	81	A5	5	493
31	30	139	139	0.5	1/2	1/2	12/8	1	1	1/8	1/8	1		4	76	E5	5	494
31	30	279/2	279/2	0.5	5/8	5/8	12/8	2	1	1/8	1/8	1		5	59	B3	3	511
31	30	279/2	279/2	0.5	5/8	5/8	12/8	1	2	1/8	1/8	1		7	73	C#5	5	503
31	30	279/2	279/2	0.5	5/8	5/8	12/8	1	1	1/8	1/8	1		4	76	E5	5	495
31	30	140	140	1.0	3/4	3/4	12/8	2	1	1/4	1/4	1		4	52	E3	3	512
31	30	140	140	0.5	3/4	3/4	12/8	1	2	1/8	1/8	1		5	71	B4	4	504
31	30	140	140	0.5	3/4	3/4	12/8	1	1	1/8	1/8	1		8	80	G#5	5	496
31	30	281/2	281/2	0.5	7/8	7/8	12/8	1	2	1/8	1/8	1		8	68	G#4	4	505
31	30	281/2	281/2	0.5	7/8	7/8	12/8	1	1	1/8	1/8	1		4	76	E5	5	497
31	30	141	141	0.5	1	1	12/8	2	1	1/8	1/8	1		5	59	B3	3	513
31	30	141	141	0.5	1	1	12/8	1	2	1/8	1/8	1		9	63	D#4	4	506
31	30	141	141	0.5	1	1	12/8	1	2	1/8	1/8	1		3	69	A4	4	506
31	30	141	141	0.5	1	1	12/8	1	1	1/8	1/8	1		5	71	B4	4	498
31	30	283/2	283/2	1.0	9/8	9/8	12/8	2	1	1/4	1/4	1		4	52	E3	3	514
31	30	283/2	283/2	1.0	9/8	9/8	12/8	1	2	1/4	1/4	1		4	64	E4	4	507
31	30	283/2	283/2	1.0	9/8	9/8	12/8	1	2	1/4	1/4	1		8	68	G#4	4	507
31	30	283/2	283/2	0.5	9/8	9/8	12/8	1	1	1/8	1/8	1		4	76	E5	5	499
31	30	142	142	0.5	5/4	5/4	12/8	1	1	1/8	1/8	1		5	71	B4	4	500
31	30	285/2	285/2	0.5	11/8	11/8	12/8	2	1	1/8	1/8	1		5	59	B3	3	515
31	30	285/2	285/2	0.5	11/8	11/8	12/8	1	2	1/8	1/8	1		8	68	G#4	4	508
31	30	285/2	285/2	0.5	11/8	11/8	12/8	1	1	1/8	1/8	1		5	71	B4	4	501
32	31	143	143	6.0	0	0	12/8	2	2	3/2	1	3/2		4	40	E2	2	540
32	31	143	143	0.5	0	0	12/8	1	1	1/8	1/8	1		5	83	B5	5	517
32	31	143	143	0.5	0	0	12/8	1	1	1/8	1/8	1		9	87	D#6	6	517
32	31	287/2	287/2	0.5	1/8	1/8	12/8	1	1	1/8	1/8	1		3	81	A5	5	518
32	31	287/2	287/2	0.5	1/8	1/8	12/8	1	1	1/8	1/8	1		7	85	C#6	6	518
32	31	144	144	0.5	1/4	1/4	12/8	2	1	1/8	1/8	1		5	59	B3	3	533
32	31	144	144	0.5	1/4	1/4	12/8	1	1	1/8	1/8	1		8	80	G#5	5	519
32	31	144	144	0.5	1/4	1/4	12/8	1	1	1/8	1/8	1		5	83	B5	5	519
32	31	289/2	289/2	1.0	3/8	3/8	12/8	2	1	1/4	1/4	1		4	52	E3	3	534
32	31	289/2	289/2	1.0	3/8	3/8	12/8	1	2	1/4	1/4	1		7	73	C#5	5	527
32	31	289/2	289/2	0.5	3/8	3/8	12/8	1	1	1/8	1/8	1		3	81	A5	5	520
32	31	145	145	0.5	1/2	1/2	12/8	1	1	1/8	1/8	1		4	76	E5	5	521
32	31	291/2	291/2	0.5	5/8	5/8	12/8	2	1	1/8	1/8	1		5	59	B3	3	535
32	31	291/2	291/2	0.5	5/8	5/8	12/8	1	2	1/8	1/8	1		7	73	C#5	5	528
32	31	291/2	291/2	0.5	5/8	5/8	12/8	1	1	1/8	1/8	1		4	76	E5	5	522
32	31	146	146	1.0	3/4	3/4	12/8	2	1	1/4	1/4	1		4	52	E3	3	536
32	31	146	146	0.5	3/4	3/4	12/8	1	2	1/8	1/8	1		5	71	B4	4	529
32	31	146	146	0.5	3/4	3/4	12/8	1	1	1/8	1/8	1		8	80	G#5	5	523
32	31	293/2	293/2	0.5	7/8	7/8	12/8	1	2	1/8	1/8	1		8	68	G#4	4	530
32	31	293/2	293/2	0.5	7/8	7/8	12/8	1	1	1/8	1/8	1		4	76	E5	5	524
32	31	147	147	0.5	1	1	12/8	2	1	1/8	1/8	1		5	59	B3	3	537
32	31	147	147	0.5	1	1	12/8	1	2	1/8	1/8	1		9	63	D#4	4	531
32	31	147	147	0.5	1	1	12/8	1	2	1/8	1/8	1		3	69	A4	4	531
32	31	147	147	0.5	1	1	12/8	1	1	1/8	1/8	1		5	71	B4	4	525
32	31	295/2	295/2	1.0	9/8	9/8	12/8	2	1	1/4	1/4	1		4	52	E3	3	538
32	31	295/2	295/2	1.0	9/8	9/8	12/8	1	2	1/4	1/4	1		4	64	E4	4	532
32	31	295/2	295/2	1.0	9/8	9/8	12/8	1	2	1/4	1/4	1		8	68	G#4	4	532
32	31	295/2	295/2	1.0	9/8	9/8	12/8	1	1	1/4	1/4	1		4	76	E5	5	526
32	31	297/2	297/2	0.5	11/8	11/8	12/8	2	1	1/8	1/8	1		5	59	B3	3	539
33	32	149	149	6.0	0	0	12/8	2	2	3/2	1	3/2		4	40	E2	2	564
33	32	149	149	0.5	0	0	12/8	1	1	1/8	1/8	1		5	71	B4	4	541
33	32	149	149	0.5	0	0	12/8	1	1	1/8	1/8	1		8	80	G#5	5	541
33	32	299/2	299/2	0.5	1/8	1/8	12/8	1	1	1/8	1/8	1		3	69	A4	4	542
33	32	299/2	299/2	0.5	1/8	1/8	12/8	1	1	1/8	1/8	1		6	78	F#5	5	542
33	32	150	150	0.5	1/4	1/4	12/8	2	1	1/8	1/8	1		2	62	D4	4	557
33	32	150	150	0.5	1/4	1/4	12/8	1	1	1/8	1/8	1		5	71	B4	4	543
33	32	150	150	0.5	1/4	1/4	12/8	1	1	1/8	1/8	1		8	80	G#5	5	543
33	32	301/2	301/2	1.0	3/8	3/8	12/8	2	1	1/4	1/4	1		4	52	E3	3	558
33	32	301/2	301/2	1.0	3/8	3/8	12/8	1	2	1/4	1/4	1		7	73	C#5	5	553
33	32	301/2	301/2	0.5	3/8	3/8	12/8	1	1	1/8	1/8	1		3	81	A5	5	544
33	32	151	151	0.5	1/2	1/2	12/8	1	1	1/8	1/8	1		4	76	E5	5	545
33	32	303/2	303/2	0.5	5/8	5/8	12/8	2	1	1/8	1/8	1		7	61	C#4	4	559
33	32	303/2	303/2	0.5	5/8	5/8	12/8	1	2	1/8	1/8	1		3	69	A4	4	554
33	32	303/2	303/2	0.5	5/8	5/8	12/8	1	1	1/8	1/8	1		4	76	E5	5	546
33	32	152	152	1.0	3/4	3/4	12/8	2	1	1/4	1/4	1		4	52	E3	3	560
33	32	152	152	0.5	3/4	3/4	12/8	1	1	1/8	1/8	1		5	71	B4	4	547
33	32	152	152	0.5	3/4	3/4	12/8	1	1	1/8	1/8	1		8	80	G#5	5	547
33	32	305/2	305/2	0.5	7/8	7/8	12/8	1	1	1/8	1/8	1		3	69	A4	4	548
33	32	305/2	305/2	0.5	7/8	7/8	12/8	1	1	1/8	1/8	1		6	78	F#5	5	548
33	32	153	153	0.5	1	1	12/8	2	1	1/8	1/8	1		9	63	D#4	4	561
33	32	153	153	0.5	1	1	12/8	1	1	1/8	1/8	1		5	71	B4	4	549
33	32	153	153	0.5	1	1	12/8	1	1	1/8	1/8	1		8	80	G#5	5	549
33	32	307/2	307/2	1.0	9/8	9/8	12/8	2	1	1/4	1/4	1		4	52	E3	3	562
33	32	307/2	307/2	1.0	9/8	9/8	12/8	1	2	1/4	1/4	1		8	68	G#4	4	555
33	32	307/2	307/2	0.5	9/8	9/8	12/8	1	1	1/8	1/8	1		4	76	E5	5	550
33	32	154	154	0.5	5/4	5/4	12/8	1	1	1/8	1/8	1		5	71	B4	4	551
33	32	309/2	309/2	0.5	11/8	11/8	12/8	2	1	1/8	1/8	1		5	59	B3	3	563
33	32	309/2	309/2	0.5	11/8	11/8	12/8	2	1	1/8	1/8	1		4	64	E4	4	563
33	32	309/2	309/2	0.5	11/8	11/8	12/8	1	2	1/8	1/8	1		8	68	G#4	4	556
33	32	309/2	309/2	0.5	11/8	11/8	12/8	1	1	1/8	1/8	1		5	71	B4	4	552
34	33	155	155	6.0	0	0	12/8	2	2	3/2	1	3/2		4	40	E2	2	583
34	33	155	155	0.5	0	0	12/8	1	1	1/8	1/8	1		5	71	B4	4	565
34	33	155	155	0.5	0	0	12/8	1	1	1/8	1/8	1		8	80	G#5	5	565
34	33	311/2	311/2	0.5	1/8	1/8	12/8	1	1	1/8	1/8	1		3	69	A4	4	566
34	33	311/2	311/2	0.5	1/8	1/8	12/8	1	1	1/8	1/8	1		6	78	F#5	5	566
34	33	156	156	0.5	1/4	1/4	12/8	2	1	1/8	1/8	1		2	62	D4	4	577
34	33	156	156	0.5	1/4	1/4	12/8	1	1	1/8	1/8	1		5	71	B4	4	567
34	33	156	156	0.5	1/4	1/4	12/8	1	1	1/8	1/8	1		8	80	G#5	5	567
34	33	313/2	313/2	1.0	3/8	3/8	12/8	2	1	1/4	1/4	1		4	52	E3	3	578
34	33	313/2	313/2	1.0	3/8	3/8	12/8	1	2	1/4	1/4	1		7	73	C#5	5	575
34	33	313/2	313/2	0.5	3/8	3/8	12/8	1	1	1/8	1/8	1		3	81	A5	5	568
34	33	157	157	0.5	1/2	1/2	12/8	1	1	1/8	1/8	1		4	76	E5	5	569
34	33	315/2	315/2	0.5	5/8	5/8	12/8	2	1	1/8	1/8	1		7	61	C#4	4	579
34	33	315/2	315/2	0.5	5/8	5/8	12/8	1	2	1/8	1/8	1		3	69	A4	4	576
34	33	315/2	315/2	0.5	5/8	5/8	12/8	1	1	1/8	1/8	1		4	76	E5	5	570
34	33	158	158	1.0	3/4	3/4	12/8	2	1	1/4	1/4	1		4	52	E3	3	580
34	33	158	158	0.5	3/4	3/4	12/8	1	1	1/8	1/8	1		5	71	B4	4	571
34	33	158	158	0.5	3/4	3/4	12/8	1	1	1/8	1/8	1		8	80	G#5	5	571
34	33	317/2	317/2	0.5	7/8	7/8	12/8	1	1	1/8	1/8	1		3	69	A4	4	572
34	33	317/2	317/2	0.5	7/8	7/8	12/8	1	1	1/8	1/8	1		6	78	F#5	5	572
34	33	159	159	0.5	1	1	12/8	2	1	1/8	1/8	1		9	63	D#4	4	581
34	33	159	159	0.5	1	1	12/8	1	1	1/8	1/8	1		5	71	B4	4	573
34	33	159	159	0.5	1	1	12/8	1	1	1/8	1/8	1		8	80	G#5	5	573
34	33	319/2	319/2	1.0	9/8	9/8	12/8	2	1	1/4	1/4	1		4	52	E3	3	582
34	33	319/2	319/2	1.0	9/8	9/8	12/8	2	1	1/4	1/4	1		5	59	B3	3	582
34	33	319/2	319/2	1.0	9/8	9/8	12/8	1	1	1/4	1/4	1		8	68	G#4	4	574
34	33	319/2	319/2	1.0	9/8	9/8	12/8	1	1	1/4	1/4	1		4	76	E5	5	574
35	34	161	161	0.5	0	0	6/8	1	2	1/8	1/8	1		9	63	D#4	4	591
35	34	161	161	1.5	0	0	6/8	1	1	3/8	1/4	3/2		5	71	B4	4	584
35	34	323/2	323/2	0.5	1/8	1/8	6/8	2	1	1/8	1/8	1		5	47	B2	2	597
35	34	323/2	323/2	0.5	1/8	1/8	6/8	2	1	1/8	1/8	1		6	54	F#3	3	597
35	34	323/2	323/2	0.25	1/8	1/8	6/8	1	2	1/16	1/16	1		6	66	F#4	4	592
35	34	647/4	647/4	0.25	3/16	3/16	6/8	1	2	1/16	1/16	1		9	63	D#4	4	593
35	34	162	162	0.5	1/4	1/4	6/8	2	1	1/8	1/8	1		5	47	B2	2	598
35	34	162	162	0.5	1/4	1/4	6/8	2	1	1/8	1/8	1		6	54	F#3	3	598
35	34	162	162	0.25	1/4	1/4	6/8	1	2	1/16	1/16	1		5	59	B3	3	594
35	34	649/4	649/4	0.25	5/16	5/16	6/8	1	2	1/16	1/16	1		9	63	D#4	4	595
35	34	325/2	325/2	1.5	3/8	3/8	6/8	2	1	3/8	1/4	3/2		5	47	B2	2	599
35	34	325/2	325/2	1.5	3/8	3/8	6/8	2	1	3/8	1/4	3/2		6	54	F#3	3	599
35	34	325/2	325/2	1.5	3/8	3/8	6/8	1	2	3/8	1/4	3/2		7	61	C#4	4	596
35	34	325/2	325/2	0.25	3/8	3/8	6/8	1	1	1/16	1/16	1		6	66	F#4	4	585
35	34	651/4	651/4	0.25	7/16	7/16	6/8	1	1	1/16	1/16	1		8	68	G#4	4	586
35	34	163	163	0.25	1/2	1/2	6/8	1	1	1/16	1/16	1		6	66	F#4	4	587
35	34	653/4	653/4	0.25	9/16	9/16	6/8	1	1	1/16	1/16	1		5	71	B4	4	588
35	34	327/2	327/2	0.25	5/8	5/8	6/8	1	1	1/16	1/16	1		10	70	A#4	4	589
35	34	655/4	655/4	0.25	11/16	11/16	6/8	1	1	1/16	1/16	1		6	66	F#4	4	590
36	35	164	164	0.5	0	0	6/8	1	2	1/8	1/8	1		9	63	D#4	4	607
36	35	164	164	1.5	0	0	6/8	1	1	3/8	1/4	3/2		5	71	B4	4	600
36	35	329/2	329/2	0.5	1/8	1/8	6/8	2	1	1/8	1/8	1		5	47	B2	2	613
36	35	329/2	329/2	0.5	1/8	1/8	6/8	2	1	1/8	1/8	1		6	54	F#3	3	613
36	35	329/2	329/2	0.25	1/8	1/8	6/8	1	2	1/16	1/16	1		6	66	F#4	4	608
36	35	659/4	659/4	0.25	3/16	3/16	6/8	1	2	1/16	1/16	1		9	63	D#4	4	609
36	35	165	165	0.5	1/4	1/4	6/8	2	1	1/8	1/8	1		5	47	B2	2	614
36	35	165	165	0.5	1/4	1/4	6/8	2	1	1/8	1/8	1		6	54	F#3	3	614
36	35	165	165	0.25	1/4	1/4	6/8	1	2	1/16	1/16	1		5	59	B3	3	610
36	35	661/4	661/4	0.25	5/16	5/16	6/8	1	2	1/16	1/16	1		9	63	D#4	4	611
36	35	331/2	331/2	1.5	3/8	3/8	6/8	2	1	3/8	1/4	3/2		5	47	B2	2	615
36	35	331/2	331/2	1.5	3/8	3/8	6/8	2	1	3/8	1/4	3/2		6	54	F#3	3	615
36	35	331/2	331/2	1.5	3/8	3/8	6/8	1	2	3/8	1/4	3/2		7	61	C#4	4	612
36	35	331/2	331/2	0.25	3/8	3/8	6/8	1	1	1/16	1/16	1		6	66	F#4	4	601
36	35	663/4	663/4	0.25	7/16	7/16	6/8	1	1	1/16	1/16	1		8	68	G#4	4	602
36	35	166	166	0.25	1/2	1/2	6/8	1	1	1/16	1/16	1		6	66	F#4	4	603
36	35	665/4	665/4	0.25	9/16	9/16	6/8	1	1	1/16	1/16	1		5	71	B4	4	604
36	35	333/2	333/2	0.25	5/8	5/8	6/8	1	1	1/16	1/16	1		10	70	A#4	4	605
36	35	667/4	667/4	0.25	11/16	11/16	6/8	1	1	1/16	1/16	1		6	66	F#4	4	606
37	36	167	167	0.5	0	0	6/8	1	2	1/8	1/8	1		9	63	D#4	4	623
37	36	167	167	1.5	0	0	6/8	1	1	3/8	1/4	3/2		5	71	B4	4	616
37	36	335/2	335/2	0.5	1/8	1/8	6/8	2	1	1/8	1/8	1		5	47	B2	2	629
37	36	335/2	335/2	0.5	1/8	1/8	6/8	2	1	1/8	1/8	1		6	54	F#3	3	629
37	36	335/2	335/2	0.25	1/8	1/8	6/8	1	2	1/16	1/16	1		6	66	F#4	4	624
37	36	671/4	671/4	0.25	3/16	3/16	6/8	1	2	1/16	1/16	1		9	63	D#4	4	625
37	36	168	168	0.5	1/4	1/4	6/8	2	1	1/8	1/8	1		5	47	B2	2	630
37	36	168	168	0.5	1/4	1/4	6/8	2	1	1/8	1/8	1		6	54	F#3	3	630
37	36	168	168	0.25	1/4	1/4	6/8	1	2	1/16	1/16	1		5	59	B3	3	626
37	36	673/4	673/4	0.25	5/16	5/16	6/8	1	2	1/16	1/16	1		9	63	D#4	4	627
37	36	337/2	337/2	1.5	3/8	3/8	6/8	2	1	3/8	1/4	3/2		5	47	B2	2	631
37	36	337/2	337/2	1.5	3/8	3/8	6/8	2	1	3/8	1/4	3/2		6	54	F#3	3	631
37	36	337/2	337/2	1.5	3/8	3/8	6/8	1	2	3/8	1/4	3/2		7	61	C#4	4	628
37	36	337/2	337/2	0.25	3/8	3/8	6/8	1	1	1/16	1/16	1		6	66	F#4	4	617
37	36	675/4	675/4	0.25	7/16	7/16	6/8	1	1	1/16	1/16	1		8	68	G#4	4	618
37	36	169	169	0.25	1/2	1/2	6/8	1	1	1/16	1/16	1		6	66	F#4	4	619
37	36	677/4	677/4	0.25	9/16	9/16	6/8	1	1	1/16	1/16	1		5	71	B4	4	620
37	36	339/2	339/2	0.25	5/8	5/8	6/8	1	1	1/16	1/16	1		10	70	A#4	4	621
37	36	679/4	679/4	0.25	11/16	11/16	6/8	1	1	1/16	1/16	1		6	66	F#4	4	622
38	37	170	170	0.5	0	0	6/8	1	2	1/8	1/8	1		9	63	D#4	4	639
38	37	170	170	1.5	0	0	6/8	1	1	3/8	1/4	3/2		3	69	A4	4	632
38	37	341/2	341/2	0.5	1/8	1/8	6/8	2	1	1/8	1/8	1		5	47	B2	2	645
38	37	341/2	341/2	0.5	1/8	1/8	6/8	2	1	1/8	1/8	1		6	54	F#3	3	645
38	37	341/2	341/2	0.25	1/8	1/8	6/8	1	2	1/16	1/16	1		6	66	F#4	4	640
38	37	683/4	683/4	0.25	3/16	3/16	6/8	1	2	1/16	1/16	1		9	63	D#4	4	641
38	37	171	171	0.5	1/4	1/4	6/8	2	1	1/8	1/8	1		5	47	B2	2	646
38	37	171	171	0.5	1/4	1/4	6/8	2	1	1/8	1/8	1		6	54	F#3	3	646
38	37	171	171	0.25	1/4	1/4	6/8	1	2	1/16	1/16	1		5	59	B3	3	642
38	37	685/4	685/4	0.25	5/16	5/16	6/8	1	2	1/16	1/16	1		9	63	D#4	4	643
38	37	343/2	343/2	1.5	3/8	3/8	6/8	2	1	3/8	1/4	3/2		4	40	E2	2	647
38	37	343/2	343/2	1.5	3/8	3/8	6/8	2	1	3/8	1/4	3/2		5	47	B2	2	647
38	37	343/2	343/2	1.5	3/8	3/8	6/8	1	2	3/8	1/4	3/2		5	59	B3	3	644
38	37	343/2	343/2	0.25	3/8	3/8	6/8	1	1	1/16	1/16	1		6	66	F#4	4	633
38	37	687/4	687/4	0.25	7/16	7/16	6/8	1	1	1/16	1/16	1		8	68	G#4	4	634
38	37	172	172	0.25	1/2	1/2	6/8	1	1	1/16	1/16	1		6	66	F#4	4	635
38	37	689/4	689/4	0.25	9/16	9/16	6/8	1	1	1/16	1/16	1		3	69	A4	4	636
38	37	345/2	345/2	0.25	5/8	5/8	6/8	1	1	1/16	1/16	1		8	68	G#4	4	637
38	37	691/4	691/4	0.25	11/16	11/16	6/8	1	1	1/16	1/16	1		4	64	E4	4	638
39	38	173	173	0.5	0	0	6/8	1	2	1/8	1/8	1		9	63	D#4	4	655
39	38	173	173	1.5	0	0	6/8	1	1	3/8	1/4	3/2		3	69	A4	4	648
39	38	347/2	347/2	0.5	1/8	1/8	6/8	2	1	1/8	1/8	1		5	47	B2	2	661
39	38	347/2	347/2	0.5	1/8	1/8	6/8	2	1	1/8	1/8	1		6	54	F#3	3	661
39	38	347/2	347/2	0.25	1/8	1/8	6/8	1	2	1/16	1/16	1		6	66	F#4	4	656
39	38	695/4	695/4	0.25	3/16	3/16	6/8	1	2	1/16	1/16	1		9	63	D#4	4	657
39	38	174	174	0.5	1/4	1/4	6/8	2	1	1/8	1/8	1		5	47	B2	2	662
39	38	174	174	0.5	1/4	1/4	6/8	2	1	1/8	1/8	1		6	54	F#3	3	662
39	38	174	174	0.25	1/4	1/4	6/8	1	2	1/16	1/16	1		5	59	B3	3	658
39	38	697/4	697/4	0.25	5/16	5/16	6/8	1	2	1/16	1/16	1		9	63	D#4	4	659
39	38	349/2	349/2	1.5	3/8	3/8	6/8	2	1	3/8	1/4	3/2		4	40	E2	2	663
39	38	349/2	349/2	1.5	3/8	3/8	6/8	2	1	3/8	1/4	3/2		5	47	B2	2	663
39	38	349/2	349/2	1.5	3/8	3/8	6/8	1	2	3/8	1/4	3/2		5	59	B3	3	660
39	38	349/2	349/2	0.25	3/8	3/8	6/8	1	1	1/16	1/16	1		6	66	F#4	4	649
39	38	699/4	699/4	0.25	7/16	7/16	6/8	1	1	1/16	1/16	1		8	68	G#4	4	650
39	38	175	175	0.25	1/2	1/2	6/8	1	1	1/16	1/16	1		6	66	F#4	4	651
39	38	701/4	701/4	0.25	9/16	9/16	6/8	1	1	1/16	1/16	1		3	69	A4	4	652
39	38	351/2	351/2	0.25	5/8	5/8	6/8	1	1	1/16	1/16	1		8	68	G#4	4	653
39	38	703/4	703/4	0.25	11/16	11/16	6/8	1	1	1/16	1/16	1		4	64	E4	4	654
40	39	176	176	0.5	0	0	6/8	1	2	1/8	1/8	1		9	63	D#4	4	671
40	39	176	176	1.5	0	0	6/8	1	1	3/8	1/4	3/2		3	69	A4	4	664
40	39	353/2	353/2	0.5	1/8	1/8	6/8	2	1	1/8	1/8	1		5	47	B2	2	677
40	39	353/2	353/2	0.5	1/8	1/8	6/8	2	1	1/8	1/8	1		6	54	F#3	3	677
40	39	353/2	353/2	0.25	1/8	1/8	6/8	1	2	1/16	1/16	1		6	66	F#4	4	672
40	39	707/4	707/4	0.25	3/16	3/16	6/8	1	2	1/16	1/16	1		9	63	D#4	4	673
40	39	177	177	0.5	1/4	1/4	6/8	2	1	1/8	1/8	1		5	47	B2	2	678
40	39	177	177	0.5	1/4	1/4	6/8	2	1	1/8	1/8	1		6	54	F#3	3	678
40	39	177	177	0.25	1/4	1/4	6/8	1	2	1/16	1/16	1		5	59	B3	3	674
40	39	709/4	709/4	0.25	5/16	5/16	6/8	1	2	1/16	1/16	1		9	63	D#4	4	675
40	39	355/2	355/2	1.5	3/8	3/8	6/8	2	1	3/8	1/4	3/2		4	40	E2	2	679
40	39	355/2	355/2	1.5	3/8	3/8	6/8	2	1	3/8	1/4	3/2		5	47	B2	2	679
40	39	355/2	355/2	1.5	3/8	3/8	6/8	1	2	3/8	1/4	3/2		5	59	B3	3	676
40	39	355/2	355/2	0.25	3/8	3/8	6/8	1	1	1/16	1/16	1		6	66	F#4	4	665
40	39	711/4	711/4	0.25	7/16	7/16	6/8	1	1	1/16	1/16	1		8	68	G#4	4	666
40	39	178	178	0.25	1/2	1/2	6/8	1	1	1/16	1/16	1		6	66	F#4	4	667
40	39	713/4	713/4	0.25	9/16	9/16	6/8	1	1	1/16	1/16	1		3	69	A4	4	668
40	39	357/2	357/2	0.25	5/8	5/8	6/8	1	1	1/16	1/16	1		8	68	G#4	4	669
40	39	715/4	715/4	0.25	11/16	11/16	6/8	1	1	1/16	1/16	1		4	64	E4	4	670
41	40	179	179	0.5	0	0	6/8	1	2	1/8	1/8	1		9	63	D#4	4	687
41	40	179	179	1.5	0	0	6/8	1	1	3/8	1/4	3/2		5	71	B4	4	680
41	40	359/2	359/2	0.5	1/8	1/8	6/8	2	1	1/8	1/8	1		5	47	B2	2	693
41	40	359/2	359/2	0.5	1/8	1/8	6/8	2	1	1/8	1/8	1		6	54	F#3	3	693
41	40	359/2	359/2	0.25	1/8	1/8	6/8	1	2	1/16	1/16	1		6	66	F#4	4	688
41	40	719/4	719/4	0.25	3/16	3/16	6/8	1	2	1/16	1/16	1		9	63	D#4	4	689
41	40	180	180	0.5	1/4	1/4	6/8	2	1	1/8	1/8	1		5	47	B2	2	694
41	40	180	180	0.5	1/4	1/4	6/8	2	1	1/8	1/8	1		6	54	F#3	3	694
41	40	180	180	0.25	1/4	1/4	6/8	1	2	1/16	1/16	1		5	59	B3	3	690
41	40	721/4	721/4	0.25	5/16	5/16	6/8	1	2	1/16	1/16	1		9	63	D#4	4	691
41	40	361/2	361/2	1.5	3/8	3/8	6/8	2	1	3/8	1/4	3/2		5	47	B2	2	695
41	40	361/2	361/2	1.5	3/8	3/8	6/8	2	1	3/8	1/4	3/2		6	54	F#3	3	695
41	40	361/2	361/2	1.5	3/8	3/8	6/8	1	2	3/8	1/4	3/2		7	61	C#4	4	692
41	40	361/2	361/2	0.25	3/8	3/8	6/8	1	1	1/16	1/16	1		6	66	F#4	4	681
41	40	723/4	723/4	0.25	7/16	7/16	6/8	1	1	1/16	1/16	1		8	68	G#4	4	682
41	40	181	181	0.25	1/2	1/2	6/8	1	1	1/16	1/16	1		6	66	F#4	4	683
41	40	725/4	725/4	0.25	9/16	9/16	6/8	1	1	1/16	1/16	1		5	71	B4	4	684
41	40	363/2	363/2	0.25	5/8	5/8	6/8	1	1	1/16	1/16	1		10	70	A#4	4	685
41	40	727/4	727/4	0.25	11/16	11/16	6/8	1	1	1/16	1/16	1		6	66	F#4	4	686
42	41	182	182	0.5	0	0	6/8	1	2	1/8	1/8	1		9	63	D#4	4	703
42	41	182	182	1.5	0	0	6/8	1	1	3/8	1/4	3/2		5	71	B4	4	696
42	41	365/2	365/2	0.5	1/8	1/8	6/8	2	1	1/8	1/8	1		5	47	B2	2	709
42	41	365/2	365/2	0.5	1/8	1/8	6/8	2	1	1/8	1/8	1		6	54	F#3	3	709
42	41	365/2	365/2	0.25	1/8	1/8	6/8	1	2	1/16	1/16	1		6	66	F#4	4	704
42	41	731/4	731/4	0.25	3/16	3/16	6/8	1	2	1/16	1/16	1		9	63	D#4	4	705
42	41	183	183	0.5	1/4	1/4	6/8	2	1	1/8	1/8	1		5	47	B2	2	710
42	41	183	183	0.5	1/4	1/4	6/8	2	1	1/8	1/8	1		6	54	F#3	3	710
42	41	183	183	0.25	1/4	1/4	6/8	1	2	1/16	1/16	1		5	59	B3	3	706
42	41	733/4	733/4	0.25	5/16	5/16	6/8	1	2	1/16	1/16	1		9	63	D#4	4	707
42	41	367/2	367/2	1.5	3/8	3/8	6/8	2	1	3/8	1/4	3/2		5	47	B2	2	711
42	41	367/2	367/2	1.5	3/8	3/8	6/8	2	1	3/8	1/4	3/2		6	54	F#3	3	711
42	41	367/2	367/2	1.5	3/8	3/8	6/8	1	2	3/8	1/4	3/2		7	61	C#4	4	708
42	41	367/2	367/2	0.25	3/8	3/8	6/8	1	1	1/16	1/16	1		6	66	F#4	4	697
42	41	735/4	735/4	0.25	7/16	7/16	6/8	1	1	1/16	1/16	1		8	68	G#4	4	698
42	41	184	184	0.25	1/2	1/2	6/8	1	1	1/16	1/16	1		6	66	F#4	4	699
42	41	737/4	737/4	0.25	9/16	9/16	6/8	1	1	1/16	1/16	1		5	71	B4	4	700
42	41	369/2	369/2	0.25	5/8	5/8	6/8	1	1	1/16	1/16	1		10	70	A#4	4	701
42	41	739/4	739/4	0.25	11/16	11/16	6/8	1	1	1/16	1/16	1		6	66	F#4	4	702
43	42	185	185	0.5	0	0	6/8	1	2	1/8	1/8	1		9	63	D#4	4	719
43	42	185	185	1.5	0	0	6/8	1	1	3/8	1/4	3/2		5	71	B4	4	712
43	42	371/2	371/2	0.5	1/8	1/8	6/8	2	1	1/8	1/8	1		5	47	B2	2	725
43	42	371/2	371/2	0.5	1/8	1/8	6/8	2	1	1/8	1/8	1		6	54	F#3	3	725
43	42	371/2	371/2	0.25	1/8	1/8	6/8	1	2	1/16	1/16	1		6	66	F#4	4	720
43	42	743/4	743/4	0.25	3/16	3/16	6/8	1	2	1/16	1/16	1		9	63	D#4	4	721
43	42	186	186	0.5	1/4	1/4	6/8	2	1	1/8	1/8	1		5	47	B2	2	726
43	42	186	186	0.5	1/4	1/4	6/8	2	1	1/8	1/8	1		6	54	F#3	3	726
43	42	186	186	0.25	1/4	1/4	6/8	1	2	1/16	1/16	1		5	59	B3	3	722
43	42	745/4	745/4	0.25	5/16	5/16	6/8	1	2	1/16	1/16	1		9	63	D#4	4	723
43	42	373/2	373/2	1.5	3/8	3/8	6/8	2	1	3/8	1/4	3/2		5	47	B2	2	727
43	42	373/2	373/2	1.5	3/8	3/8	6/8	2	1	3/8	1/4	3/2		6	54	F#3	3	727
43	42	373/2	373/2	1.5	3/8	3/8	6/8	1	2	3/8	1/4	3/2		7	61	C#4	4	724
43	42	373/2	373/2	0.25	3/8	3/8	6/8	1	1	1/16	1/16	1		6	66	F#4	4	713
43	42	747/4	747/4	0.25	7/16	7/16	6/8	1	1	1/16	1/16	1		8	68	G#4	4	714
43	42	187	187	0.25	1/2	1/2	6/8	1	1	1/16	1/16	1		6	66	F#4	4	715
43	42	749/4	749/4	0.25	9/16	9/16	6/8	1	1	1/16	1/16	1		5	71	B4	4	716
43	42	375/2	375/2	0.25	5/8	5/8	6/8	1	1	1/16	1/16	1		10	70	A#4	4	717
43	42	751/4	751/4	0.25	11/16	11/16	6/8	1	1	1/16	1/16	1		6	66	F#4	4	718
44	43	188	188	0.5	0	0	6/8	1	2	1/8	1/8	1		9	63	D#4	4	735
44	43	188	188	1.5	0	0	6/8	1	1	3/8	1/4	3/2		3	69	A4	4	728
44	43	377/2	377/2	0.5	1/8	1/8	6/8	2	1	1/8	1/8	1		5	47	B2	2	741
44	43	377/2	377/2	0.5	1/8	1/8	6/8	2	1	1/8	1/8	1		6	54	F#3	3	741
44	43	377/2	377/2	0.25	1/8	1/8	6/8	1	2	1/16	1/16	1		6	66	F#4	4	736
44	43	755/4	755/4	0.25	3/16	3/16	6/8	1	2	1/16	1/16	1		9	63	D#4	4	737
44	43	189	189	0.5	1/4	1/4	6/8	2	1	1/8	1/8	1		5	47	B2	2	742
44	43	189	189	0.5	1/4	1/4	6/8	2	1	1/8	1/8	1		6	54	F#3	3	742
44	43	189	189	0.25	1/4	1/4	6/8	1	2	1/16	1/16	1		5	59	B3	3	738
44	43	757/4	757/4	0.25	5/16	5/16	6/8	1	2	1/16	1/16	1		9	63	D#4	4	739
44	43	379/2	379/2	1.5	3/8	3/8	6/8	2	1	3/8	1/4	3/2		4	40	E2	2	743
44	43	379/2	379/2	1.5	3/8	3/8	6/8	2	1	3/8	1/4	3/2		5	47	B2	2	743
44	43	379/2	379/2	1.5	3/8	3/8	6/8	1	2	3/8	1/4	3/2		5	59	B3	3	740
44	43	379/2	379/2	0.25	3/8	3/8	6/8	1	1	1/16	1/16	1		6	66	F#4	4	729
44	43	759/4	759/4	0.25	7/16	7/16	6/8	1	1	1/16	1/16	1		8	68	G#4	4	730
44	43	190	190	0.25	1/2	1/2	6/8	1	1	1/16	1/16	1		6	66	F#4	4	731
44	43	761/4	761/4	0.25	9/16	9/16	6/8	1	1	1/16	1/16	1		3	69	A4	4	732
44	43	381/2	381/2	0.25	5/8	5/8	6/8	1	1	1/16	1/16	1		8	68	G#4	4	733
44	43	763/4	763/4	0.25	11/16	11/16	6/8	1	1	1/16	1/16	1		4	64	E4	4	734
45	44	191	191	0.5	0	0	6/8	1	2	1/8	1/8	1		9	63	D#4	4	751
45	44	191	191	1.5	0	0	6/8	1	1	3/8	1/4	3/2		3	69	A4	4	744
45	44	383/2	383/2	0.5	1/8	1/8	6/8	2	1	1/8	1/8	1		5	47	B2	2	757
45	44	383/2	383/2	0.5	1/8	1/8	6/8	2	1	1/8	1/8	1		6	54	F#3	3	757
45	44	383/2	383/2	0.25	1/8	1/8	6/8	1	2	1/16	1/16	1		6	66	F#4	4	752
45	44	767/4	767/4	0.25	3/16	3/16	6/8	1	2	1/16	1/16	1		9	63	D#4	4	753
45	44	192	192	0.5	1/4	1/4	6/8	2	1	1/8	1/8	1		5	47	B2	2	758
45	44	192	192	0.5	1/4	1/4	6/8	2	1	1/8	1/8	1		6	54	F#3	3	758
45	44	192	192	0.25	1/4	1/4	6/8	1	2	1/16	1/16	1		5	59	B3	3	754
45	44	769/4	769/4	0.25	5/16	5/16	6/8	1	2	1/16	1/16	1		9	63	D#4	4	755
45	44	385/2	385/2	1.5	3/8	3/8	6/8	2	1	3/8	1/4	3/2		4	40	E2	2	759
45	44	385/2	385/2	1.5	3/8	3/8	6/8	2	1	3/8	1/4	3/2		5	47	B2	2	759
45	44	385/2	385/2	1.5	3/8	3/8	6/8	1	2	3/8	1/4	3/2		5	59	B3	3	756
45	44	385/2	385/2	0.25	3/8	3/8	6/8	1	1	1/16	1/16	1		6	66	F#4	4	745
45	44	771/4	771/4	0.25	7/16	7/16	6/8	1	1	1/16	1/16	1		8	68	G#4	4	746
45	44	193	193	0.25	1/2	1/2	6/8	1	1	1/16	1/16	1		6	66	F#4	4	747
45	44	773/4	773/4	0.25	9/16	9/16	6/8	1	1	1/16	1/16	1		3	69	A4	4	748
45	44	387/2	387/2	0.25	5/8	5/8	6/8	1	1	1/16	1/16	1		8	68	G#4	4	749
45	44	775/4	775/4	0.25	11/16	11/16	6/8	1	1	1/16	1/16	1		4	64	E4	4	750
46	45	194	194	0.5	0	0	6/8	1	2	1/8	1/8	1		9	63	D#4	4	767
46	45	194	194	1.5	0	0	6/8	1	1	3/8	1/4	3/2		3	69	A4	4	760
46	45	389/2	389/2	0.5	1/8	1/8	6/8	2	1	1/8	1/8	1		5	47	B2	2	773
46	45	389/2	389/2	0.5	1/8	1/8	6/8	2	1	1/8	1/8	1		6	54	F#3	3	773
46	45	389/2	389/2	0.25	1/8	1/8	6/8	1	2	1/16	1/16	1		6	66	F#4	4	768
46	45	779/4	779/4	0.25	3/16	3/16	6/8	1	2	1/16	1/16	1		9	63	D#4	4	769
46	45	195	195	0.5	1/4	1/4	6/8	2	1	1/8	1/8	1		5	47	B2	2	774
46	45	195	195	0.5	1/4	1/4	6/8	2	1	1/8	1/8	1		6	54	F#3	3	774
46	45	195	195	0.25	1/4	1/4	6/8	1	2	1/16	1/16	1		5	59	B3	3	770
46	45	781/4	781/4	0.25	5/16	5/16	6/8	1	2	1/16	1/16	1		9	63	D#4	4	771
46	45	391/2	391/2	1.5	3/8	3/8	6/8	2	1	3/8	1/4	3/2		4	40	E2	2	775
46	45	391/2	391/2	1.5	3/8	3/8	6/8	2	1	3/8	1/4	3/2		5	47	B2	2	775
46	45	391/2	391/2	1.5	3/8	3/8	6/8	1	2	3/8	1/4	3/2		5	59	B3	3	772
46	45	391/2	391/2	0.25	3/8	3/8	6/8	1	1	1/16	1/16	1		6	66	F#4	4	761
46	45	783/4	783/4	0.25	7/16	7/16	6/8	1	1	1/16	1/16	1		8	68	G#4	4	762
46	45	196	196	0.25	1/2	1/2	6/8	1	1	1/16	1/16	1		6	66	F#4	4	763
46	45	785/4	785/4	0.25	9/16	9/16	6/8	1	1	1/16	1/16	1		3	69	A4	4	764
46	45	393/2	393/2	0.25	5/8	5/8	6/8	1	1	1/16	1/16	1		8	68	G#4	4	765
46	45	787/4	787/4	0.25	11/16	11/16	6/8	1	1	1/16	1/16	1		4	64	E4	4	766
47	46	197	197	1.5	0	0	6/8	2	1	3/8	1/4	3/2		4	40	E2	2	790
47	46	197	197	1.5	0	0	6/8	2	1	3/8	1/4	3/2		5	47	B2	2	790
47	46	197	197	1.5	0	0	6/8	1	2	3/8	1/4	3/2		5	59	B3	3	788
47	46	197	197	0.25	0	0	6/8	1	1	1/16	1/16	1		6	66	F#4	4	776
47	46	789/4	789/4	0.25	1/16	1/16	6/8	1	1	1/16	1/16	1		8	68	G#4	4	777
47	46	395/2	395/2	0.25	1/8	1/8	6/8	1	1	1/16	1/16	1		6	66	F#4	4	778
47	46	791/4	791/4	0.25	3/16	3/16	6/8	1	1	1/16	1/16	1		3	69	A4	4	779
47	46	198	198	0.25	1/4	1/4	6/8	1	1	1/16	1/16	1		8	68	G#4	4	780
47	46	793/4	793/4	0.25	5/16	5/16	6/8	1	1	1/16	1/16	1		4	64	E4	4	781
47	46	397/2	397/2	1.5	3/8	3/8	6/8	2	1	3/8	1/4	3/2		4	40	E2	2	791
47	46	397/2	397/2	1.5	3/8	3/8	6/8	2	1	3/8	1/4	3/2		5	47	B2	2	791
47	46	397/2	397/2	1.5	3/8	3/8	6/8	1	2	3/8	1/4	3/2		5	59	B3	3	789
47	46	397/2	397/2	0.25	3/8	3/8	6/8	1	1	1/16	1/16	1		6	66	F#4	4	782
47	46	795/4	795/4	0.25	7/16	7/16	6/8	1	1	1/16	1/16	1		8	68	G#4	4	783
47	46	199	199	0.25	1/2	1/2	6/8	1	1	1/16	1/16	1		6	66	F#4	4	784
47	46	797/4	797/4	0.25	9/16	9/16	6/8	1	1	1/16	1/16	1		3	69	A4	4	785
47	46	399/2	399/2	0.25	5/8	5/8	6/8	1	1	1/16	1/16	1		8	68	G#4	4	786
47	46	799/4	799/4	0.25	11/16	11/16	6/8	1	1	1/16	1/16	1		4	64	E4	4	787
48	47	200	200	3.0	0	0	6/8	2	1	3/4	1/2	3/2		4	40	E2	2	799
48	47	200	200	3.0	0	0	6/8	2	1	3/4	1/2	3/2		5	47	B2	2	799
48	47	200	200	3.0	0	0	6/8	1	2	3/4	1/2	3/2		5	59	B3	3	798
48	47	200	200	0.5	0	0	6/8	1	1	1/8	1/8	1		6	66	F#4	4	792
48	47	401/2	401/2	0.5	1/8	1/8	6/8	1	1	1/8	1/8	1		8	68	G#4	4	793
48	47	201	201	0.5	1/4	1/4	6/8	1	1	1/8	1/8	1		6	66	F#4	4	794
48	47	403/2	403/2	0.5	3/8	3/8	6/8	1	1	1/8	1/8	1		3	69	A4	4	795
48	47	202	202	0.5	1/2	1/2	6/8	1	1	1/8	1/8	1		8	68	G#4	4	796
48	47	405/2	405/2	0.5	5/8	5/8	6/8	1	1	1/8	1/8	1		4	64	E4	4	797
49	48	203	203	3.0	0	0	6/8	2	1	3/4	1/2	3/2		4	40	E2	2	807
49	48	203	203	3.0	0	0	6/8	2	1	3/4	1/2	3/2		5	47	B2	2	807
49	48	203	203	3.0	0	0	6/8	1	2	3/4	1/2	3/2		5	59	B3	3	806
49	48	203	203	0.5	0	0	6/8	1	1	1/8	1/8	1		6	66	F#4	4	800
49	48	407/2	407/2	0.5	1/8	1/8	6/8	1	1	1/8	1/8	1		8	68	G#4	4	801
49	48	204	204	0.5	1/4	1/4	6/8	1	1	1/8	1/8	1		6	66	F#4	4	802
49	48	409/2	409/2	0.5	3/8	3/8	6/8	1	1	1/8	1/8	1		3	69	A4	4	803
49	48	205	205	0.5	1/2	1/2	6/8	1	1	1/8	1/8	1		8	68	G#4	4	804
49	48	411/2	411/2	0.5	5/8	5/8	6/8	1	1	1/8	1/8	1		4	64	E4	4	805
