mc	mn	mc_onset	mn_onset	timesig	staff	voice	duration	gracenote	nominal_duration	scalar	tied	tpc	midi	volta	chord_id
1	1	0	0	6/8	1	1	1/8		1/8	1		8	80		0
1	1	1/8	1/8	6/8	1	1	1/8		1/8	1		4	76		1
1	1	1/4	1/4	6/8	1	1	1/8		1/8	1		7	73		2
2	2	0	0	6/8	1	1	1/8		1/8	1		6	78		3
2	2	1/8	1/8	6/8	1	1	1/8		1/8	1		9	75		4
2	2	1/4	1/4	6/8	1	1	1/8		1/8	1		5	71		5
3	3	0	0	6/8	2	1	3/8		1/4	3/2		4	64		10
3	3	0	0	6/8	2	1	3/8		1/4	3/2		8	68		10
3	3	0	0	6/8	1	2	3/8		1/4	3/2		10	70		9
3	3	0	0	6/8	1	1	1/8		1/8	1		8	80		6
3	3	1/8	1/8	6/8	1	1	1/8		1/8	1		4	76		7
3	3	1/4	1/4	6/8	1	1	1/8		1/8	1		7	73		8
4	4	0	0	6/8	2	1	3/8		1/4	3/2		9	63		15
4	4	0	0	6/8	2	1	3/8		1/4	3/2		6	66		15
4	4	0	0	6/8	1	2	3/8		1/4	3/2		5	71		14
4	4	0	0	6/8	1	1	1/8		1/8	1		6	78		11
4	4	1/8	1/8	6/8	1	1	1/8		1/8	1		9	75		12
4	4	1/4	1/4	6/8	1	1	1/8		1/8	1		5	71		13
5	5	0	0	6/8	2	2	3/8		1/4	3/2		4	52		22
5	5	0	0	6/8	2	1	1/8		1/8	1		8	68		16
5	5	1/8	1/8	6/8	2	1	1/8		1/8	1		4	64		17
5	5	1/4	1/4	6/8	2	1	1/8		1/8	1		7	61		18
5	5	3/8	3/8	6/8	2	1	1/8		1/8	1		8	68		19
5	5	1/2	1/2	6/8	2	1	1/8		1/8	1		4	64		20
5	5	5/8	5/8	6/8	2	1	1/8		1/8	1		7	61		21
6	6	0	0	6/8	2	1	1/8		1/8	1		8	68		28
6	6	1/8	1/8	6/8	2	1	1/8		1/8	1		4	64		29
6	6	1/8	1/8	6/8	1	1	1/8		1/8	1		10	70		23
6	6	1/4	1/4	6/8	2	1	1/8		1/8	1		7	61		30
6	6	1/4	1/4	6/8	1	1	1/8		1/8	1		5	71		24
6	6	3/8	3/8	6/8	2	1	1/8		1/8	1		8	68		31
6	6	3/8	3/8	6/8	1	1	1/8		1/8	1		7	73		25
6	6	1/2	1/2	6/8	2	1	1/8		1/8	1		4	64		32
6	6	1/2	1/2	6/8	1	1	1/8		1/8	1		9	75		26
6	6	5/8	5/8	6/8	2	1	1/8		1/8	1		7	61		33
6	6	5/8	5/8	6/8	1	1	1/8		1/8	1		4	76		27
7	7	0	0	6/8	2	2	3/8		1/4	3/2		9	51		43
7	7	0	0	6/8	2	1	1/8		1/8	1		6	66		37
7	7	0	0	6/8	1	1	3/8		1/4	3/2		6	78		34
7	7	1/8	1/8	6/8	2	1	1/8		1/8	1		9	63		38
7	7	1/4	1/4	6/8	2	1	1/8		1/8	1		5	59		39
7	7	3/8	3/8	6/8	1	1	0	acciaccatura	1/8	1		8	80		35
7	7	3/8	3/8	6/8	2	1	1/8		1/8	1		6	66		40
7	7	3/8	3/8	6/8	1	1	3/8		1/4	3/2	1	5	83		36
7	7	1/2	1/2	6/8	2	1	1/8		1/8	1		9	63		41
7	7	5/8	5/8	6/8	2	1	1/8		1/8	1		5	59		42
8	8	0	0	6/8	2	1	1/8		1/8	1		6	66		51
8	8	0	0	6/8	1	1	1/8		1/8	1	-1	5	83		44
8	8	1/8	1/8	6/8	2	1	1/8		1/8	1		9	63		52
8	8	1/8	1/8	6/8	1	1	1/8		1/8	1		9	75		45
8	8	1/4	1/4	6/8	2	1	1/8		1/8	1		5	59		53
8	8	1/4	1/4	6/8	1	1	1/8		1/8	1	1	10	82		46
8	8	3/8	3/8	6/8	2	1	1/8		1/8	1		6	66		54
8	8	3/8	3/8	6/8	1	1	1/8		1/8	1	-1	10	82		47
8	8	1/2	1/2	6/8	2	1	1/8		1/8	1		9	63		55
8	8	1/2	1/2	6/8	1	1	1/8		1/8	1		5	71		48
8	8	5/8	5/8	6/8	1	1	0	acciaccatura	1/8	1		10	82		49
8	8	5/8	5/8	6/8	2	1	1/8		1/8	1		5	59		56
8	8	5/8	5/8	6/8	1	1	1/8		1/8	1		8	80		50
9	9	0	0	6/8	2	2	3/8		1/4	3/2		4	52		65
9	9	0	0	6/8	2	1	1/8		1/8	1		8	68		59
9	9	0	0	6/8	1	1	3/8		1/4	3/2		8	80		57
9	9	1/8	1/8	6/8	2	1	1/8		1/8	1		4	64		60
9	9	1/4	1/4	6/8	2	1	1/8		1/8	1		7	61		61
9	9	3/8	3/8	6/8	2	1	1/8		1/8	1		8	68		62
9	9	3/8	3/8	6/8	1	1	3/8		1/4	3/2	1	10	70		58
9	9	1/2	1/2	6/8	2	1	1/8		1/8	1		4	64		63
9	9	5/8	5/8	6/8	2	1	1/8		1/8	1		7	61		64
10	10	0	0	6/8	2	1	1/8		1/8	1		8	68		72
10	10	0	0	6/8	1	1	1/8		1/8	1	-1	10	70		66
10	10	1/8	1/8	6/8	2	1	1/8		1/8	1		4	64		73
10	10	1/8	1/8	6/8	1	1	1/8		1/8	1		10	70		67
10	10	1/4	1/4	6/8	2	1	1/8		1/8	1		7	61		74
10	10	1/4	1/4	6/8	1	1	1/8		1/8	1		5	71		68
10	10	3/8	3/8	6/8	2	1	1/8		1/8	1		8	68		75
10	10	3/8	3/8	6/8	1	1	1/8		1/8	1		7	73		69
10	10	1/2	1/2	6/8	2	1	1/8		1/8	1		4	64		76
10	10	1/2	1/2	6/8	1	1	1/8		1/8	1		9	75		70
10	10	5/8	5/8	6/8	2	1	1/8		1/8	1		7	61		77
10	10	5/8	5/8	6/8	1	1	1/8		1/8	1		4	76		71
11	11	0	0	6/8	2	2	1/4		1/4	1		9	51		88
11	11	0	0	6/8	2	1	1/8		1/8	1		6	66		82
11	11	0	0	6/8	1	1	3/8		1/4	3/2		6	78		78
11	11	1/8	1/8	6/8	2	1	1/8		1/8	1		9	63		83
11	11	1/4	1/4	6/8	2	1	1/8		1/8	1		5	59		84
11	11	3/8	3/8	6/8	1	1	0	grace16	1/16	1		5	83		79
11	11	3/8	3/8	6/8	1	1	0	grace16	1/16	1		8	80		80
11	11	3/8	3/8	6/8	2	1	1/8		1/8	1		6	66		85
11	11	3/8	3/8	6/8	1	1	3/8		1/4	3/2	1	9	87		81
11	11	1/2	1/2	6/8	2	1	1/8		1/8	1		9	63		86
11	11	5/8	5/8	6/8	2	1	1/8		1/8	1		5	59		87
12	12	0	0	6/8	2	1	1/8		1/8	1		6	66		98
12	12	0	0	6/8	1	1	1/8		1/8	1	-1	9	87		89
12	12	1/8	1/8	6/8	2	1	1/8		1/8	1		9	63		99
12	12	1/8	1/8	6/8	1	1	1/8		1/8	1		9	75		90
12	12	1/4	1/4	6/8	1	1	0	acciaccatura	1/8	1		7	85		91
12	12	1/4	1/4	6/8	2	1	1/8		1/8	1		5	59		100
12	12	1/4	1/4	6/8	1	1	1/8		1/8	1	1	5	83		92
12	12	3/8	3/8	6/8	2	1	1/8		1/8	1		6	66		101
12	12	3/8	3/8	6/8	1	1	1/8		1/8	1	-1	5	83		93
12	12	1/2	1/2	6/8	2	1	1/8		1/8	1		9	63		102
12	12	1/2	1/2	6/8	1	1	1/16		1/16	1		5	71		94
12	12	9/16	9/16	6/8	1	1	1/16		1/16	1		5	71		95
12	12	5/8	5/8	6/8	2	1	1/8		1/8	1		5	59		103
12	12	5/8	5/8	6/8	1	1	3/32		1/16	3/2		10	82		96
12	12	23/32	23/32	6/8	1	1	1/32		1/32	1		8	80		97
13	13	0	0	6/8	2	2	1/4		1/4	1		4	52		112
13	13	0	0	6/8	2	1	1/8		1/8	1		8	68		106
13	13	0	0	6/8	1	1	3/8		1/4	3/2		8	80		104
13	13	1/8	1/8	6/8	2	1	1/8		1/8	1		4	64		107
13	13	1/4	1/4	6/8	2	1	1/8		1/8	1		7	61		108
13	13	3/8	3/8	6/8	2	1	1/8		1/8	1		8	68		109
13	13	3/8	3/8	6/8	1	1	3/8		1/4	3/2	1	10	70		105
13	13	1/2	1/2	6/8	2	1	1/8		1/8	1		4	64		110
13	13	5/8	5/8	6/8	2	1	1/8		1/8	1		7	61		111
14	14	0	0	6/8	2	1	1/8		1/8	1		8	68		119
14	14	0	0	6/8	1	1	1/8		1/8	1	-1	10	70		113
14	14	1/8	1/8	6/8	2	1	1/8		1/8	1		4	64		120
14	14	1/8	1/8	6/8	1	1	1/8		1/8	1		10	70		114
14	14	1/4	1/4	6/8	2	1	1/8		1/8	1		7	61		121
14	14	1/4	1/4	6/8	1	1	1/8		1/8	1		5	71		115
14	14	3/8	3/8	6/8	2	1	1/8		1/8	1		8	68		122
14	14	3/8	3/8	6/8	1	1	1/8		1/8	1		7	73		116
14	14	1/2	1/2	6/8	2	1	1/8		1/8	1		4	64		123
14	14	1/2	1/2	6/8	1	1	1/8		1/8	1		9	75		117
14	14	5/8	5/8	6/8	2	1	1/8		1/8	1		7	61		124
14	14	5/8	5/8	6/8	1	1	1/8		1/8	1		4	76		118
15	15	0	0	6/8	2	2	1/4		1/4	1		11	53		133
15	15	0	0	6/8	2	1	1/8		1/8	1		8	68		127
15	15	0	0	6/8	1	1	3/8		1/4	3/2		8	80		125
15	15	1/8	1/8	6/8	2	1	1/8		1/8	1		2	62		128
15	15	1/4	1/4	6/8	2	1	1/8		1/8	1		5	59		129
15	15	3/8	3/8	6/8	2	1	1/8		1/8	1		8	68		130
15	15	3/8	3/8	6/8	1	1	3/8		1/4	3/2	1	5	71		126
15	15	1/2	1/2	6/8	2	1	1/8		1/8	1		2	62		131
15	15	5/8	5/8	6/8	2	1	1/8		1/8	1		5	59		132
16	16	0	0	6/8	2	1	1/8		1/8	1		8	68		140
16	16	0	0	6/8	1	1	1/8		1/8	1	-1	5	71		134
16	16	1/8	1/8	6/8	2	1	1/8		1/8	1		2	62		141
16	16	1/8	1/8	6/8	1	1	1/8		1/8	1		5	71		135
16	16	1/4	1/4	6/8	2	1	1/8		1/8	1		5	59		142
16	16	1/4	1/4	6/8	1	1	1/8		1/8	1		7	73		136
16	16	3/8	3/8	6/8	2	1	1/8		1/8	1		8	68		143
16	16	3/8	3/8	6/8	1	1	1/8		1/8	1		2	74		137
16	16	1/2	1/2	6/8	2	1	1/8		1/8	1		2	62		144
16	16	1/2	1/2	6/8	1	1	1/8		1/8	1		4	76		138
16	16	5/8	5/8	6/8	2	1	1/8		1/8	1		5	59		145
16	16	5/8	5/8	6/8	1	1	1/8		1/8	1		-1	77		139
17	17	0	0	6/8	2	2	1/4		1/4	1		1	55		154
17	17	0	0	6/8	2	1	1/8		1/8	1		3	69		148
17	17	0	0	6/8	1	1	3/8		1/4	3/2		3	81		146
17	17	1/8	1/8	6/8	2	1	1/8		1/8	1		4	64		149
17	17	1/4	1/4	6/8	2	1	1/8		1/8	1		0	60		150
17	17	3/8	3/8	6/8	2	1	1/8		1/8	1		1	67		151
17	17	3/8	3/8	6/8	1	1	3/8		1/4	3/2	1	1	79		147
17	17	1/2	1/2	6/8	2	1	1/8		1/8	1		4	64		152
17	17	5/8	5/8	6/8	2	1	1/8		1/8	1		0	60		153
18	18	0	0	6/8	2	2	1/4		1/4	1		1	55		170
18	18	0	0	6/8	2	2	1/4		1/4	1		5	59		170
18	18	0	0	6/8	2	1	1/8		1/8	1		1	67		167
18	18	0	0	6/8	1	1	1/16		1/16	1	-1	1	79		155
18	18	1/16	1/16	6/8	1	1	1/16		1/16	1		7	73		156
18	18	1/8	1/8	6/8	2	1	1/8		1/8	1		-1	65		168
18	18	1/8	1/8	6/8	1	1	1/16		1/16	1		2	74		157
18	18	3/16	3/16	6/8	1	1	1/16		1/16	1		9	75		158
18	18	1/4	1/4	6/8	2	1	1/8		1/8	1		2	62		169
18	18	1/4	1/4	6/8	1	1	1/16		1/16	1		4	76		159
18	18	5/16	5/16	6/8	1	1	1/16		1/16	1		-1	77		160
18	18	3/8	3/8	6/8	1	1	1/16		1/16	1		5	83		161
18	18	7/16	7/16	6/8	1	1	1/16		1/16	1		3	81		162
18	18	1/2	1/2	6/8	1	1	1/16		1/16	1		1	79		163
18	18	9/16	9/16	6/8	1	1	1/16		1/16	1		-1	77		164
18	18	5/8	5/8	6/8	1	1	1/16		1/16	1		3	69		165
18	18	11/16	11/16	6/8	1	1	1/16		1/16	1		5	71		166
19	19	3/8	3/8	6/8	2	2	1/4		1/4	1		1	31		175
19	19	3/8	3/8	6/8	2	2	1/4		1/4	1		-2	34		175
19	19	3/8	3/8	6/8	2	1	1/8		1/8	1		1	43		172
19	19	3/8	3/8	6/8	1	1	3/8		1/4	3/2	1	4	64		171
19	19	3/8	3/8	6/8	1	1	3/8		1/4	3/2	1	0	72		171
19	19	1/2	1/2	6/8	2	1	1/8		1/8	1		4	40		173
19	19	5/8	5/8	6/8	2	1	1/8		1/8	1		-2	34		174
20	20	0	0	6/8	1	1	3/4		1/2	3/2	-1	4	64		176
20	20	0	0	6/8	1	1	3/4		1/2	3/2	-1	0	72		176
20	20	3/8	3/8	6/8	2	2	1/4		1/4	1		1	31		180
20	20	3/8	3/8	6/8	2	2	1/4		1/4	1		-2	34		180
20	20	3/8	3/8	6/8	2	1	1/8		1/8	1		1	43		177
20	20	1/2	1/2	6/8	2	1	1/8		1/8	1		4	40		178
20	20	5/8	5/8	6/8	2	1	1/8		1/8	1		-2	34		179
21	21	0	0	6/8	2	2	1/4		1/4	1		1	31		187
21	21	0	0	6/8	2	2	1/4		1/4	1		-2	34		187
21	21	0	0	6/8	2	1	1/8		1/8	1		1	43		184
21	21	1/8	1/8	6/8	2	1	1/8		1/8	1		4	40		185
21	21	1/4	1/4	6/8	2	1	1/8		1/8	1		-2	34		186
21	21	3/8	3/8	6/8	1	1	1/8		1/8	1		1	91		181
21	21	1/2	1/2	6/8	1	1	1/8		1/8	1		4	88		182
21	21	5/8	5/8	6/8	1	1	1/8		1/8	1		0	84		183
22	22	0	0	6/8	1	1	1/8		1/8	1		1	79		188
22	22	1/8	1/8	6/8	1	1	1/8		1/8	1		4	76		189
22	22	1/4	1/4	6/8	1	1	1/8		1/8	1		0	72		190
22	22	3/8	3/8	6/8	1	1	1/8		1/8	1		1	67		191
22	22	1/2	1/2	6/8	1	1	1/8		1/8	1		4	64		192
22	22	5/8	5/8	6/8	1	1	1/8		1/8	1		0	60		193
23	23	1/4	1/4	6/8	2	1	1/8		1/8	1	1	7	25		195
23	23	3/8	3/8	6/8	2	2	1/4		1/4	1	-1	7	25		199
23	23	3/8	3/8	6/8	2	1	1/8		1/8	1		1	43		196
23	23	3/8	3/8	6/8	1	1	3/8		1/4	3/2		10	58		194
23	23	3/8	3/8	6/8	1	1	3/8		1/4	3/2		4	64		194
23	23	3/8	3/8	6/8	1	1	3/8		1/4	3/2		1	67		194
23	23	3/8	3/8	6/8	1	1	3/8		1/4	3/2		7	73		194
23	23	1/2	1/2	6/8	2	1	1/8		1/8	1		4	40		197
23	23	5/8	5/8	6/8	2	1	1/8		1/8	1		7	37		198
24	24	1/4	1/4	6/8	2	1	1/8		1/8	1	1	7	25		201
24	24	3/8	3/8	6/8	2	2	1/4		1/4	1	-1	7	25		205
24	24	3/8	3/8	6/8	2	1	1/8		1/8	1		8	44		202
24	24	3/8	3/8	6/8	1	1	3/8		1/4	3/2		5	59		200
24	24	3/8	3/8	6/8	1	1	3/8		1/4	3/2		11	65		200
24	24	3/8	3/8	6/8	1	1	3/8		1/4	3/2		8	68		200
24	24	3/8	3/8	6/8	1	1	3/8		1/4	3/2		7	73		200
24	24	1/2	1/2	6/8	2	1	1/8		1/8	1		11	41		203
24	24	5/8	5/8	6/8	2	1	1/8		1/8	1		7	37		204
25	25	0	0	6/8	1	1	3/4		1/2	3/2	1	10	58		206
25	25	0	0	6/8	1	1	3/4		1/2	3/2	1	4	64		206
25	25	0	0	6/8	1	1	3/4		1/2	3/2	1	8	68		206
25	25	0	0	6/8	1	1	3/4		1/2	3/2	1	7	73		206
25	25	3/8	3/8	6/8	2	2	1/8		1/8	1		6	30		210
25	25	3/8	3/8	6/8	2	2	1/8		1/8	1		7	37		210
25	25	3/8	3/8	6/8	2	1	1/8		1/8	1		8	44		207
25	25	1/2	1/2	6/8	2	1	1/8		1/8	1		4	40		208
25	25	5/8	5/8	6/8	2	1	1/8		1/8	1		7	37		209
26	26	0	0	6/8	2	2	1/4		1/4	1		6	30		218
26	26	0	0	6/8	2	2	1/4		1/4	1		7	37		218
26	26	0	0	6/8	2	1	1/8		1/8	1		8	44		215
26	26	0	0	6/8	1	1	1/4		1/4	1	-1	10	58		211
26	26	0	0	6/8	1	1	1/4		1/4	1	-1	4	64		211
26	26	0	0	6/8	1	1	1/4		1/4	1	-1	8	68		211
26	26	0	0	6/8	1	1	1/4		1/4	1	-1	7	73		211
26	26	1/8	1/8	6/8	2	1	1/8		1/8	1		4	40		216
26	26	1/4	1/4	6/8	2	1	1/8		1/8	1		6	30		217
26	26	3/8	3/8	6/8	1	1	1/8		1/8	1		8	92		212
26	26	1/2	1/2	6/8	1	1	1/8		1/8	1		4	88		213
26	26	5/8	5/8	6/8	1	1	1/8		1/8	1		7	85		214
27	27	0	0	6/8	1	1	1/8		1/8	1		8	80		219
27	27	1/8	1/8	6/8	1	1	1/8		1/8	1		4	76		220
27	27	1/4	1/4	6/8	1	1	1/8		1/8	1		7	73		221
27	27	3/8	3/8	6/8	1	1	1/8		1/8	1		8	80		222
27	27	1/2	1/2	6/8	1	1	1/8		1/8	1		4	76		223
27	27	5/8	5/8	6/8	1	1	1/8		1/8	1		7	73		224
28	28	0	0	6/8	1	1	1/8		1/8	1		8	80		225
28	28	1/8	1/8	6/8	1	2	1/8		1/8	1		8	68		231
28	28	1/8	1/8	6/8	1	1	1/8		1/8	1		4	76		226
28	28	1/4	1/4	6/8	1	2	1/8		1/8	1		10	70		232
28	28	1/4	1/4	6/8	1	1	1/8		1/8	1		7	73		227
28	28	3/8	3/8	6/8	1	1	1/8		1/8	1		8	80		228
28	28	1/2	1/2	6/8	1	2	1/8		1/8	1		8	68		233
28	28	1/2	1/2	6/8	1	1	1/8		1/8	1		4	76		229
28	28	5/8	5/8	6/8	1	2	1/8		1/8	1		10	70		234
28	28	5/8	5/8	6/8	1	1	1/8		1/8	1		7	73		230
29	29	0	0	6/8	1	1	1/8		1/8	1		8	80		235
29	29	1/8	1/8	6/8	2	1	1/8		1/8	1		10	58		245
29	29	1/8	1/8	6/8	1	2	1/8		1/8	1		8	68		241
29	29	1/8	1/8	6/8	1	1	1/8		1/8	1		4	76		236
29	29	1/4	1/4	6/8	2	1	1/8		1/8	1		5	59		246
29	29	1/4	1/4	6/8	1	2	1/8		1/8	1		10	70		242
29	29	1/4	1/4	6/8	1	1	1/8		1/8	1		7	73		237
29	29	3/8	3/8	6/8	2	2	3/8		1/4	3/2		4	52		250
29	29	3/8	3/8	6/8	2	1	1/8		1/8	1		7	61		247
29	29	3/8	3/8	6/8	1	1	1/8		1/8	1		8	80		238
29	29	1/2	1/2	6/8	2	1	1/8		1/8	1		9	63		248
29	29	1/2	1/2	6/8	1	2	1/8		1/8	1		8	68		243
29	29	1/2	1/2	6/8	1	1	1/8		1/8	1		4	76		239
29	29	5/8	5/8	6/8	2	1	1/8		1/8	1		4	64		249
29	29	5/8	5/8	6/8	1	2	1/8		1/8	1		10	70		244
29	29	5/8	5/8	6/8	1	1	1/8		1/8	1		7	73		240
30	30	0	0	6/8	2	2	3/8		1/4	3/2		9	51		259
30	30	0	0	6/8	2	1	3/8		1/4	3/2		6	66		256
30	30	1/8	1/8	6/8	1	1	1/8		1/8	1		6	78		251
30	30	1/4	1/4	6/8	1	1	1/8		1/8	1		9	75		252
30	30	3/8	3/8	6/8	2	1	0	acciaccatura	1/8	1		8	68		257
30	30	3/8	3/8	6/8	1	1	1/8		1/8	1		9	63		253
30	30	3/8	3/8	6/8	2	1	3/8		1/4	3/2	1	5	71		258
30	30	1/2	1/2	6/8	1	1	1/8		1/8	1		6	78		254
30	30	5/8	5/8	6/8	1	1	1/8		1/8	1		9	75		255
31	31	0	0	6/8	1	1	1/8		1/8	1		6	66		260
31	31	0	0	6/8	2	1	1/8		1/8	1	-1	5	71		266
31	31	1/8	1/8	6/8	2	1	1/8		1/8	1		9	63		267
31	31	1/8	1/8	6/8	1	1	1/8		1/8	1		6	78		261
31	31	1/4	1/4	6/8	2	1	1/8		1/8	1	1	10	70		268
31	31	1/4	1/4	6/8	1	1	1/8		1/8	1		9	75		262
31	31	3/8	3/8	6/8	2	1	1/8		1/8	1	-1	10	70		269
31	31	3/8	3/8	6/8	1	1	1/8		1/8	1		5	71		263
31	31	1/2	1/2	6/8	2	1	1/8		1/8	1		5	59		270
31	31	1/2	1/2	6/8	1	1	1/8		1/8	1		6	78		264
31	31	5/8	5/8	6/8	2	1	1/16		1/16	1		10	70		271
31	31	5/8	5/8	6/8	1	1	1/8		1/8	1		9	75		265
31	31	11/16	11/16	6/8	2	1	1/16		1/16	1		8	68		272
32	32	0	0	6/8	2	1	3/8		1/4	3/2		8	68		281
32	32	1/8	1/8	6/8	1	1	1/8		1/8	1		4	76		273
32	32	1/4	1/4	6/8	1	2	1/8		1/8	1		10	70		278
32	32	1/4	1/4	6/8	1	1	1/8		1/8	1		7	73		274
32	32	3/8	3/8	6/8	2	2	1/8		1/8	1		4	40		283
32	32	3/8	3/8	6/8	2	1	3/8		1/4	3/2	1	10	58		282
32	32	3/8	3/8	6/8	1	1	1/8		1/8	1		8	80		275
32	32	1/2	1/2	6/8	1	2	1/8		1/8	1		8	68		279
32	32	1/2	1/2	6/8	1	1	1/8		1/8	1		4	76		276
32	32	5/8	5/8	6/8	1	2	1/8		1/8	1		10	70		280
32	32	5/8	5/8	6/8	1	1	1/8		1/8	1		7	73		277
33	33	0	0	6/8	2	1	1/8		1/8	1	-1	10	58		294
33	33	0	0	6/8	1	1	1/8		1/8	1		8	80		284
33	33	1/8	1/8	6/8	2	1	1/8		1/8	1		10	58		295
33	33	1/8	1/8	6/8	1	2	1/8		1/8	1		8	68		290
33	33	1/8	1/8	6/8	1	1	1/8		1/8	1		4	76		285
33	33	1/4	1/4	6/8	2	1	1/8		1/8	1		5	59		296
33	33	1/4	1/4	6/8	1	2	1/8		1/8	1		10	70		291
33	33	1/4	1/4	6/8	1	1	1/8		1/8	1		7	73		286
33	33	3/8	3/8	6/8	2	2	3/8		1/4	3/2		4	52		300
33	33	3/8	3/8	6/8	2	1	1/8		1/8	1		7	61		297
33	33	3/8	3/8	6/8	1	1	1/8		1/8	1		8	80		287
33	33	1/2	1/2	6/8	2	1	1/8		1/8	1		9	63		298
33	33	1/2	1/2	6/8	1	2	1/8		1/8	1		8	68		292
33	33	1/2	1/2	6/8	1	1	1/8		1/8	1		4	76		288
33	33	5/8	5/8	6/8	2	1	1/8		1/8	1		4	64		299
33	33	5/8	5/8	6/8	1	2	1/8		1/8	1		10	70		293
33	33	5/8	5/8	6/8	1	1	1/8		1/8	1		7	73		289
34	34	0	0	6/8	2	2	3/8		1/4	3/2		9	51		310
34	34	0	0	6/8	2	1	3/8		1/4	3/2		6	66		306
34	34	1/8	1/8	6/8	1	1	1/8		1/8	1		6	78		301
34	34	1/4	1/4	6/8	1	1	1/8		1/8	1		9	75		302
34	34	3/8	3/8	6/8	2	1	0	grace16	1/16	1		5	71		307
34	34	3/8	3/8	6/8	2	1	0	grace16	1/16	1		8	68		308
34	34	3/8	3/8	6/8	1	1	1/8		1/8	1		6	66		303
34	34	3/8	3/8	6/8	2	1	3/8		1/4	3/2	1	9	75		309
34	34	1/2	1/2	6/8	1	1	1/8		1/8	1		5	83		304
34	34	5/8	5/8	6/8	1	1	1/8		1/8	1		6	78		305
35	35	0	0	6/8	1	1	1/8		1/8	1		5	71		311
35	35	0	0	6/8	2	1	1/8		1/8	1	-1	9	75		317
35	35	1/8	1/8	6/8	2	1	1/8		1/8	1		9	63		318
35	35	1/8	1/8	6/8	1	1	1/8		1/8	1		6	78		312
35	35	1/8	1/8	6/8	1	1	1/8		1/8	1		9	87		312
35	35	1/4	1/4	6/8	2	1	0	acciaccatura	1/8	1		7	73		319
35	35	1/4	1/4	6/8	2	1	1/8		1/8	1	1	5	71		320
35	35	1/4	1/4	6/8	1	1	1/8		1/8	1		5	83		313
35	35	3/8	3/8	6/8	2	1	1/8		1/8	1	-1	5	71		321
35	35	3/8	3/8	6/8	1	1	1/8		1/8	1		9	75		314
35	35	1/2	1/2	6/8	2	1	1/8		1/8	1		5	59		322
35	35	1/2	1/2	6/8	1	1	1/8		1/8	1		5	83		315
35	35	1/2	1/2	6/8	1	1	1/8		1/8	1		6	90		315
35	35	5/8	5/8	6/8	2	1	3/32		1/16	3/2		10	70		323
35	35	5/8	5/8	6/8	1	1	1/8		1/8	1		9	87		316
35	35	23/32	23/32	6/8	2	1	1/32		1/32	1		8	68		324
36	36	0	0	6/8	2	1	3/8		1/4	3/2		8	68		334
36	36	1/8	1/8	6/8	1	2	1/8		1/8	1		8	68		330
36	36	1/8	1/8	6/8	1	1	1/8		1/8	1		4	76		325
36	36	1/4	1/4	6/8	1	2	1/8		1/8	1		10	70		331
36	36	1/4	1/4	6/8	1	1	1/8		1/8	1		7	73		326
36	36	3/8	3/8	6/8	2	2	1/8		1/8	1		4	40		336
36	36	3/8	3/8	6/8	2	1	3/8		1/4	3/2	1	10	58		335
36	36	3/8	3/8	6/8	1	1	1/8		1/8	1		8	80		327
36	36	1/2	1/2	6/8	1	2	1/8		1/8	1		8	68		332
36	36	1/2	1/2	6/8	1	1	1/8		1/8	1		4	76		328
36	36	5/8	5/8	6/8	1	2	1/8		1/8	1		10	70		333
36	36	5/8	5/8	6/8	1	1	1/8		1/8	1		7	73		329
37	37	0	0	6/8	2	1	1/8		1/8	1	-1	10	58		347
37	37	0	0	6/8	1	1	1/8		1/8	1		8	80		337
37	37	1/8	1/8	6/8	2	1	1/8		1/8	1		10	58		348
37	37	1/8	1/8	6/8	1	2	1/8		1/8	1		8	68		343
37	37	1/8	1/8	6/8	1	1	1/8		1/8	1		4	76		338
37	37	1/4	1/4	6/8	2	1	1/8		1/8	1		5	59		349
37	37	1/4	1/4	6/8	1	2	1/8		1/8	1		10	70		344
37	37	1/4	1/4	6/8	1	1	1/8		1/8	1		7	73		339
37	37	3/8	3/8	6/8	2	2	3/8		1/4	3/2		4	52		353
37	37	3/8	3/8	6/8	2	1	1/8		1/8	1		7	61		350
37	37	3/8	3/8	6/8	1	1	1/8		1/8	1		8	80		340
37	37	1/2	1/2	6/8	2	1	1/8		1/8	1		9	63		351
37	37	1/2	1/2	6/8	1	2	1/8		1/8	1		8	68		345
37	37	1/2	1/2	6/8	1	1	1/8		1/8	1		4	76		341
37	37	5/8	5/8	6/8	2	1	1/8		1/8	1		4	64		352
37	37	5/8	5/8	6/8	1	2	1/8		1/8	1		10	70		346
37	37	5/8	5/8	6/8	1	1	1/8		1/8	1		7	73		342
38	38	0	0	6/8	2	1	3/8		1/4	3/2		8	68		363
38	38	1/8	1/8	6/8	1	2	1/8		1/8	1		8	68		359
38	38	1/8	1/8	6/8	1	1	1/8		1/8	1		11	77		354
38	38	1/4	1/4	6/8	1	2	1/8		1/8	1		5	71		360
38	38	1/4	1/4	6/8	1	1	1/8		1/8	1		2	74		355
38	38	3/8	3/8	6/8	2	2	1/8		1/8	1		11	41		365
38	38	3/8	3/8	6/8	2	1	3/8		1/4	3/2	1	5	59		364
38	38	3/8	3/8	6/8	1	1	1/8		1/8	1		8	80		356
38	38	1/2	1/2	6/8	1	2	1/8		1/8	1		8	68		361
38	38	1/2	1/2	6/8	1	1	1/8		1/8	1		11	77		357
38	38	5/8	5/8	6/8	1	2	1/8		1/8	1		5	71		362
38	38	5/8	5/8	6/8	1	1	1/8		1/8	1		2	74		358
39	39	0	0	6/8	2	1	1/8		1/8	1	-1	5	59		376
39	39	0	0	6/8	1	1	1/8		1/8	1		8	80		366
39	39	1/8	1/8	6/8	2	1	1/8		1/8	1		5	59		377
39	39	1/8	1/8	6/8	1	2	1/8		1/8	1		8	68		372
39	39	1/8	1/8	6/8	1	1	1/8		1/8	1		11	77		367
39	39	1/4	1/4	6/8	2	1	1/8		1/8	1		7	61		378
39	39	1/4	1/4	6/8	1	2	1/8		1/8	1		5	71		373
39	39	1/4	1/4	6/8	1	1	1/8		1/8	1		2	74		368
39	39	3/8	3/8	6/8	2	2	3/8		1/4	3/2		11	53		382
39	39	3/8	3/8	6/8	2	1	1/8		1/8	1		2	62		379
39	39	3/8	3/8	6/8	1	1	1/8		1/8	1		8	80		369
39	39	1/2	1/2	6/8	2	1	1/8		1/8	1		4	64		380
39	39	1/2	1/2	6/8	1	2	1/8		1/8	1		8	68		374
39	39	1/2	1/2	6/8	1	1	1/8		1/8	1		11	77		370
39	39	5/8	5/8	6/8	2	1	1/8		1/8	1		11	65		381
39	39	5/8	5/8	6/8	1	2	1/8		1/8	1		5	71		375
39	39	5/8	5/8	6/8	1	1	1/8		1/8	1		2	74		371
40	40	0	0	6/8	2	2	1/8		1/8	1		6	42		396
40	40	0	0	6/8	2	1	1/4		1/4	1		3	69		393
40	40	1/8	1/8	6/8	1	2	1/8		1/8	1		3	69		388
40	40	1/8	1/8	6/8	1	1	1/8		1/8	1		6	78		383
40	40	1/4	1/4	6/8	2	1	1/8		1/8	1		6	54		394
40	40	1/4	1/4	6/8	2	1	1/8		1/8	1		2	62		394
40	40	1/4	1/4	6/8	1	1	1/8		1/8	1		2	74		384
40	40	1/4	1/4	6/8	1	2	1/8		1/8	1		2	74		389
40	40	3/8	3/8	6/8	2	1	3/8		1/4	3/2	1	3	57		395
40	40	3/8	3/8	6/8	1	2	1/8		1/8	1		6	66		390
40	40	3/8	3/8	6/8	2	1	3/8		1/4	3/2	1	6	66		395
40	40	3/8	3/8	6/8	1	1	1/8		1/8	1		2	74		385
40	40	3/8	3/8	6/8	1	1	1/8		1/8	1		3	81		385
40	40	1/2	1/2	6/8	1	2	1/8		1/8	1		3	69		391
40	40	1/2	1/2	6/8	1	1	1/8		1/8	1		6	78		386
40	40	5/8	5/8	6/8	1	1	1/8		1/8	1		2	74		387
40	40	5/8	5/8	6/8	1	2	1/8		1/8	1		2	74		392
41	41	0	0	6/8	2	2	1/8		1/8	1		3	45		415
41	41	0	0	6/8	2	1	1/8		1/8	1	-1	3	57		409
41	41	0	0	6/8	2	1	1/8		1/8	1	-1	6	66		409
41	41	0	0	6/8	1	2	1/8		1/8	1		1	67		403
41	41	0	0	6/8	1	1	1/8		1/8	1		7	73		397
41	41	0	0	6/8	1	1	1/8		1/8	1		3	81		397
41	41	1/8	1/8	6/8	2	1	1/8		1/8	1		1	55		410
41	41	1/8	1/8	6/8	2	1	1/8		1/8	1		4	64		410
41	41	1/8	1/8	6/8	1	2	1/8		1/8	1		3	69		404
41	41	1/8	1/8	6/8	1	1	1/8		1/8	1		1	79		398
41	41	1/4	1/4	6/8	2	1	1/8		1/8	1		6	54		411
41	41	1/4	1/4	6/8	2	1	1/8		1/8	1		9	63		411
41	41	1/4	1/4	6/8	1	1	1/8		1/8	1		7	73		399
41	41	1/4	1/4	6/8	1	2	1/8		1/8	1		7	73		405
41	41	3/8	3/8	6/8	2	1	1/8		1/8	1		1	55		412
41	41	3/8	3/8	6/8	2	1	1/8		1/8	1		4	64		412
41	41	3/8	3/8	6/8	1	2	1/8		1/8	1		1	67		406
41	41	3/8	3/8	6/8	1	1	1/8		1/8	1		7	73		400
41	41	3/8	3/8	6/8	1	1	1/8		1/8	1		3	81		400
41	41	1/2	1/2	6/8	2	1	3/16		1/8	3/2		5	59		413
41	41	1/2	1/2	6/8	2	1	3/16		1/8	3/2		1	67		413
41	41	1/2	1/2	6/8	1	2	1/8		1/8	1		3	69		407
41	41	1/2	1/2	6/8	1	1	1/8		1/8	1		1	79		401
41	41	5/8	5/8	6/8	1	1	1/8		1/8	1		7	73		402
41	41	5/8	5/8	6/8	1	2	1/8		1/8	1		7	73		408
41	41	11/16	11/16	6/8	2	1	1/16		1/16	1		3	57		414
41	41	11/16	11/16	6/8	2	1	1/16		1/16	1		6	66		414
42	42	0	0	6/8	2	1	1/8		1/8	1		2	38		428
42	42	0	0	6/8	1	2	1/8		1/8	1		6	66		422
42	42	0	0	6/8	1	1	1/8		1/8	1		2	74		416
42	42	0	0	6/8	1	1	1/8		1/8	1		3	81		416
42	42	1/8	1/8	6/8	1	2	1/8		1/8	1		3	69		423
42	42	1/8	1/8	6/8	1	1	1/8		1/8	1		6	78		417
42	42	1/4	1/4	6/8	1	2	1/8		1/8	1		6	66		424
42	42	1/4	1/4	6/8	1	1	1/8		1/8	1		2	74		418
42	42	3/8	3/8	6/8	2	1	3/8		1/4	3/2	1	6	54		429
42	42	3/8	3/8	6/8	2	1	3/8		1/4	3/2	1	2	62		429
42	42	3/8	3/8	6/8	1	2	1/8		1/8	1		3	69		425
42	42	3/8	3/8	6/8	1	1	1/8		1/8	1		6	78		419
42	42	1/2	1/2	6/8	1	2	1/8		1/8	1		6	66		426
42	42	1/2	1/2	6/8	1	1	1/8		1/8	1		2	74		420
42	42	5/8	5/8	6/8	1	2	1/8		1/8	1		2	62		427
42	42	5/8	5/8	6/8	1	1	1/8		1/8	1		3	69		421
43	43	0	0	6/8	2	1	3/8		1/4	3/2	-1	6	54		442
43	43	0	0	6/8	2	1	3/8		1/4	3/2	-1	2	62		442
43	43	0	0	6/8	1	2	1/8		1/8	1		6	78		436
43	43	0	0	6/8	1	1	1/8		1/8	1		2	86		430
43	43	1/8	1/8	6/8	1	2	1/8		1/8	1		2	74		437
43	43	1/8	1/8	6/8	1	1	1/8		1/8	1		3	81		431
43	43	1/4	1/4	6/8	1	2	1/8		1/8	1		3	69		438
43	43	1/4	1/4	6/8	1	1	1/8		1/8	1		6	78		432
43	43	3/8	3/8	6/8	2	1	3/8		1/4	3/2		6	54		443
43	43	3/8	3/8	6/8	2	1	3/8		1/4	3/2		3	57		443
43	43	3/8	3/8	6/8	2	1	3/8		1/4	3/2		2	62		443
43	43	3/8	3/8	6/8	1	2	1/8		1/8	1		2	74		439
43	43	3/8	3/8	6/8	1	1	1/8		1/8	1		3	81		433
43	43	1/2	1/2	6/8	1	2	1/8		1/8	1		3	69		440
43	43	1/2	1/2	6/8	1	1	1/8		1/8	1		6	78		434
43	43	5/8	5/8	6/8	1	2	1/8		1/8	1		6	66		441
43	43	5/8	5/8	6/8	1	1	1/8		1/8	1		2	74		435
44	44	0	0	6/8	2	1	1/4		1/4	1		6	54		456
44	44	0	0	6/8	2	1	1/4		1/4	1		5	59		456
44	44	0	0	6/8	2	1	1/4		1/4	1		9	63		456
44	44	0	0	6/8	1	2	1/8		1/8	1		6	66		450
44	44	0	0	6/8	1	1	1/8		1/8	1		9	75		444
44	44	0	0	6/8	1	1	1/8		1/8	1		5	83		444
44	44	1/8	1/8	6/8	1	2	1/8		1/8	1		5	71		451
44	44	1/8	1/8	6/8	1	1	1/8		1/8	1		6	78		445
44	44	1/4	1/4	6/8	2	1	1/8		1/8	1		6	42		457
44	44	1/4	1/4	6/8	1	2	1/8		1/8	1		6	66		452
44	44	1/4	1/4	6/8	1	1	1/8		1/8	1		9	75		446
44	44	3/8	3/8	6/8	2	1	3/8		1/4	3/2	1	9	51		458
44	44	3/8	3/8	6/8	2	1	3/8		1/4	3/2	1	6	54		458
44	44	3/8	3/8	6/8	2	1	3/8		1/4	3/2	1	5	59		458
44	44	3/8	3/8	6/8	1	2	1/8		1/8	1		9	63		453
44	44	3/8	3/8	6/8	1	1	1/8		1/8	1		5	71		447
44	44	3/8	3/8	6/8	1	1	1/8		1/8	1		6	78		447
44	44	1/2	1/2	6/8	1	2	1/8		1/8	1		6	66		454
44	44	1/2	1/2	6/8	1	1	1/8		1/8	1		9	75		448
44	44	5/8	5/8	6/8	1	2	1/8		1/8	1		9	63		455
44	44	5/8	5/8	6/8	1	1	1/8		1/8	1		5	71		449
45	45	0	0	2/4	2	1	1/8		1/8	1	-1	9	51		472
45	45	0	0	2/4	2	1	1/8		1/8	1	-1	6	54		472
45	45	0	0	2/4	2	1	1/8		1/8	1	-1	5	59		472
45	45	0	0	2/4	1	2	1/8		1/8	1		4	64		466
45	45	0	0	2/4	1	1	1/8		1/8	1		10	70		459
45	45	0	0	2/4	1	1	1/8		1/8	1		6	78		459
45	45	1/8	1/8	2/4	2	1	1/8		1/8	1		7	49		473
45	45	1/8	1/8	2/4	2	1	1/8		1/8	1		10	58		473
45	45	1/8	1/8	2/4	1	2	1/8		1/8	1		6	66		467
45	45	1/8	1/8	2/4	1	1	1/8		1/8	1		4	76		460
45	45	1/4	1/4	2/4	2	1	1/8		1/8	1		9	51		474
45	45	1/4	1/4	2/4	2	1	1/8		1/8	1		5	59		474
45	45	1/4	1/4	2/4	1	1	1/8		1/8	1		10	70		461
45	45	1/4	1/4	2/4	1	2	1/8		1/8	1		10	70		468
45	45	3/8	3/8	2/4	2	1	3/32		1/8	3/4		4	52		475
45	45	3/8	3/8	2/4	2	1	3/32		1/8	3/4		7	61		475
45	45	3/8	3/8	2/4	1	2	3/32		1/8	3/4		4	64		469
45	45	3/8	3/8	2/4	1	1	3/32		1/8	3/4		10	70		462
45	45	3/8	3/8	2/4	1	1	3/32		1/8	3/4		6	78		462
45	45	15/32	15/32	2/4	2	1	3/16		1/4	3/4		8	56		476
45	45	15/32	15/32	2/4	2	1	3/16		1/4	3/4		4	64		476
45	45	15/32	15/32	2/4	1	2	3/32		1/8	3/4		6	66		470
45	45	15/32	15/32	2/4	1	1	3/32		1/8	3/4		4	76		463
45	45	9/16	9/16	2/4	1	2	3/32		1/8	3/4		10	70		471
45	45	9/16	9/16	2/4	1	1	9/64		1/8	9/8		10	70		464
45	45	21/32	21/32	2/4	2	1	3/32		1/8	3/4		6	54		477
45	45	21/32	21/32	2/4	2	1	3/32		1/8	3/4		9	63		477
45	45	45/64	45/64	2/4	1	1	3/64		1/16	3/4		6	78		465
46	46	0	0	2/4	2	1	1/8		1/8	1		5	35		484
46	46	0	0	2/4	1	1	1/2		1/2	1		6	78		478
46	46	3/16	3/16	2/4	1	2	1/16		1/16	1		9	75		479
46	46	1/4	1/4	2/4	1	2	1/16		1/16	1		5	71		480
46	46	5/16	5/16	2/4	1	2	1/16		1/16	1		6	66		481
46	46	3/8	3/8	2/4	1	2	1/16		1/16	1		9	63		482
46	46	7/16	7/16	2/4	1	2	1/16		1/16	1		5	59		483
47	47	0	0	2/4	1	1	3/8		1/4	3/2		9	75		485
47	47	3/16	3/16	2/4	1	2	1/16		1/16	1		5	71		487
47	47	1/4	1/4	2/4	1	2	1/16		1/16	1		6	66		488
47	47	5/16	5/16	2/4	1	2	1/16		1/16	1		9	63		489
47	47	3/8	3/8	2/4	1	2	1/16		1/16	1		5	59		490
47	47	3/8	3/8	2/4	1	1	1/8		1/8	1		9	75		486
47	47	7/16	7/16	2/4	1	2	1/16		1/16	1		6	54		491
48	48	0	0	2/4	2	1	1/8		1/8	1		5	47		498
48	48	0	0	2/4	1	1	1/2		1/2	1		9	75		492
48	48	3/16	3/16	2/4	1	2	1/16		1/16	1		10	70		493
48	48	1/4	1/4	2/4	1	2	1/16		1/16	1		6	66		494
48	48	5/16	5/16	2/4	1	2	1/16		1/16	1		4	64		495
48	48	3/8	3/8	2/4	1	2	1/16		1/16	1		10	58		496
48	48	7/16	7/16	2/4	1	2	1/16		1/16	1		6	54		497
49	49	0	0	2/4	1	1	1/4		1/4	1		7	73		499
49	49	3/16	3/16	2/4	1	2	1/16		1/16	1		10	70		500
49	49	1/4	1/4	2/4	1	2	1/16		1/16	1		6	66		501
49	49	5/16	5/16	2/4	1	2	1/16		1/16	1		4	64		502
49	49	3/8	3/8	2/4	1	2	1/16		1/16	1		10	58		503
49	49	7/16	7/16	2/4	1	2	1/16		1/16	1		6	54		504
50	50	0	0	2/4	2	1	1/8		1/8	1		5	35		511
50	50	0	0	2/4	1	1	1/2		1/2	1		4	76		505
50	50	3/16	3/16	2/4	1	2	1/16		1/16	1		5	71		506
50	50	1/4	1/4	2/4	1	2	1/16		1/16	1		8	68		507
50	50	5/16	5/16	2/4	1	2	1/16		1/16	1		4	64		508
50	50	3/8	3/8	2/4	1	2	1/16		1/16	1		5	59		509
50	50	7/16	7/16	2/4	1	2	1/16		1/16	1		8	56		510
51	51	0	0	2/4	1	1	3/8		1/4	3/2		9	75		512
51	51	3/16	3/16	2/4	1	2	1/16		1/16	1		10	70		514
51	51	1/4	1/4	2/4	1	2	1/16		1/16	1		6	66		515
51	51	5/16	5/16	2/4	1	2	1/16		1/16	1		4	64		516
51	51	3/8	3/8	2/4	1	2	1/16		1/16	1		10	58		517
51	51	3/8	3/8	2/4	1	1	1/8		1/8	1		7	73		513
51	51	7/16	7/16	2/4	1	2	1/16		1/16	1		6	54		518
52	52	0	0	2/4	2	1	1/8		1/8	1		5	47		525
52	52	0	0	2/4	1	1	1/2		1/2	1		5	71		519
52	52	3/16	3/16	2/4	1	2	1/16		1/16	1		6	66		520
52	52	1/4	1/4	2/4	1	2	1/16		1/16	1		9	63		521
52	52	5/16	5/16	2/4	1	2	1/16		1/16	1		5	59		522
52	52	3/8	3/8	2/4	1	2	1/16		1/16	1		6	54		523
52	52	7/16	7/16	2/4	1	2	1/16		1/16	1		9	51		524
53	53	0	0	2/4	1	1	1/4		1/4	1		6	66		526
53	53	3/16	3/16	2/4	1	2	1/16		1/16	1		9	63		527
53	53	1/4	1/4	2/4	1	2	1/16		1/16	1		5	59		528
53	53	5/16	5/16	2/4	1	2	1/16		1/16	1		6	54		529
53	53	3/8	3/8	2/4	1	2	1/16		1/16	1		9	51		530
53	53	7/16	7/16	2/4	1	2	1/16		1/16	1		5	47		531
54	54	0	0	2/4	2	1	1/8		1/8	1		10	34		538
54	54	0	0	2/4	1	1	1/2		1/2	1		6	66		532
54	54	3/16	3/16	2/4	1	2	1/16		1/16	1		7	61		533
54	54	1/4	1/4	2/4	1	2	1/16		1/16	1		10	58		534
54	54	5/16	5/16	2/4	1	2	1/16		1/16	1		6	54		535
54	54	3/8	3/8	2/4	1	2	1/16		1/16	1		7	49		536
54	54	7/16	7/16	2/4	1	2	1/16		1/16	1		10	46		537
55	55	0	0	2/4	1	1	7/16		1/4	7/4		7	73		539
55	55	3/16	3/16	2/4	1	2	1/16		1/16	1		10	70		541
55	55	1/4	1/4	2/4	1	2	1/16		1/16	1		6	66		542
55	55	5/16	5/16	2/4	1	2	1/16		1/16	1		7	61		543
55	55	3/8	3/8	2/4	1	2	1/16		1/16	1		10	58		544
55	55	7/16	7/16	2/4	1	2	1/16		1/16	1		6	54		545
55	55	7/16	7/16	2/4	1	1	1/16		1/16	1		9	75		540
56	56	0	0	2/4	2	1	1/8		1/8	1		8	32		552
56	56	0	0	2/4	1	1	1/2		1/2	1		10	70		546
56	56	3/16	3/16	2/4	1	2	1/16		1/16	1		6	66		547
56	56	1/4	1/4	2/4	1	2	1/16		1/16	1		9	63		548
56	56	5/16	5/16	2/4	1	2	1/16		1/16	1		5	59		549
56	56	3/8	3/8	2/4	1	2	1/16		1/16	1		6	54		550
56	56	7/16	7/16	2/4	1	2	1/16		1/16	1		9	51		551
57	57	0	0	2/4	1	1	1/4		1/4	1		5	71		553
57	57	3/16	3/16	2/4	1	2	1/16		1/16	1		6	66		554
57	57	1/4	1/4	2/4	1	2	1/16		1/16	1		9	63		555
57	57	5/16	5/16	2/4	1	2	1/16		1/16	1		5	59		556
57	57	3/8	3/8	2/4	1	2	1/16		1/16	1		6	54		557
57	57	7/16	7/16	2/4	1	2	1/16		1/16	1		9	51		558
58	58	0	0	2/4	2	1	1/8		1/8	1		5	47		566
58	58	0	0	2/4	1	1	1/4		1/4	1		8	68		559
58	58	3/16	3/16	2/4	1	2	1/16		1/16	1		6	66		561
58	58	1/4	1/4	2/4	1	2	1/16		1/16	1		9	63		562
58	58	1/4	1/4	2/4	1	1	1/4		1/4	1		5	71		560
58	58	5/16	5/16	2/4	1	2	1/16		1/16	1		5	59		563
58	58	3/8	3/8	2/4	1	2	1/16		1/16	1		8	56		564
58	58	7/16	7/16	2/4	1	2	1/16		1/16	1		6	54		565
59	59	0	0	2/4	2	1	1/8		1/8	1		8	44		575
59	59	0	0	2/4	1	1	1/4		1/4	1		9	75		567
59	59	3/16	3/16	2/4	1	2	1/16		1/16	1		5	71		570
59	59	1/4	1/4	2/4	1	2	1/16		1/16	1		8	68		571
59	59	1/4	1/4	2/4	1	1	3/16		1/8	3/2		6	78		568
59	59	5/16	5/16	2/4	1	2	1/16		1/16	1		6	66		572
59	59	3/8	3/8	2/4	1	2	1/16		1/16	1		9	63		573
59	59	7/16	7/16	2/4	1	2	1/16		1/16	1		5	59		574
59	59	7/16	7/16	2/4	1	1	1/16		1/16	1		11	77		569
60	60	0	0	2/4	2	1	1/8		1/8	1		7	37		582
60	60	0	0	2/4	1	1	1/2		1/2	1		9	75		576
60	60	3/16	3/16	2/4	1	2	1/16		1/16	1		5	71		577
60	60	1/4	1/4	2/4	1	2	1/16		1/16	1		8	68		578
60	60	5/16	5/16	2/4	1	2	1/16		1/16	1		11	65		579
60	60	3/8	3/8	2/4	1	2	1/16		1/16	1		5	59		580
60	60	7/16	7/16	2/4	1	2	1/16		1/16	1		8	56		581
61	61	0	0	2/4	1	1	1/4		1/4	1		7	73		583
61	61	3/16	3/16	2/4	1	2	1/16		1/16	1		5	71		584
61	61	1/4	1/4	2/4	1	2	1/16		1/16	1		11	65		585
61	61	5/16	5/16	2/4	1	2	1/16		1/16	1		7	61		586
61	61	3/8	3/8	2/4	1	2	1/16		1/16	1		5	59		587
61	61	7/16	7/16	2/4	1	2	1/16		1/16	1		8	56		588
62	62	0	0	2/4	2	1	1/8		1/8	1		6	42		595
62	62	0	0	2/4	1	1	1/2		1/2	1		7	73		589
62	62	3/16	3/16	2/4	1	2	1/16		1/16	1		10	70		590
62	62	1/4	1/4	2/4	1	2	1/16		1/16	1		6	66		591
62	62	5/16	5/16	2/4	1	2	1/16		1/16	1		7	61		592
62	62	3/8	3/8	2/4	1	2	1/16		1/16	1		10	58		593
62	62	7/16	7/16	2/4	1	2	1/16		1/16	1		6	54		594
63	63	0	0	2/4	2	1	1/8		1/8	1		13	43		603
63	63	0	0	2/4	1	1	7/16		1/4	7/4		7	73		596
63	63	3/16	3/16	2/4	1	2	1/16		1/16	1		10	70		598
63	63	1/4	1/4	2/4	1	2	1/16		1/16	1		4	64		599
63	63	5/16	5/16	2/4	1	2	1/16		1/16	1		7	61		600
63	63	3/8	3/8	2/4	1	2	1/16		1/16	1		10	58		601
63	63	7/16	7/16	2/4	1	2	1/16		1/16	1		13	55		602
63	63	7/16	7/16	2/4	1	1	1/16		1/16	1		9	75		597
64	64	0	0	2/4	2	1	1/8		1/8	1		8	44		610
64	64	0	0	2/4	1	1	1/2		1/2	1	1	9	75		604
64	64	3/16	3/16	2/4	1	2	1/16		1/16	1		5	71		605
64	64	1/4	1/4	2/4	1	2	1/16		1/16	1		11	65		606
64	64	5/16	5/16	2/4	1	2	1/16		1/16	1		7	61		607
64	64	3/8	3/8	2/4	1	2	1/16		1/16	1		5	59		608
64	64	7/16	7/16	2/4	1	2	1/16		1/16	1		8	56		609
65	65	0	0	2/4	1	1	1/16		1/16	1	-1	9	75		611
65	65	1/16	1/16	2/4	1	1	1/16		1/16	1		12	72		612
65	65	1/8	1/8	2/4	1	1	1/16		1/16	1		7	73		613
65	65	3/16	3/16	2/4	1	1	1/16		1/16	1		11	77		614
65	65	1/4	1/4	2/4	1	1	1/16		1/16	1		10	82		615
65	65	5/16	5/16	2/4	1	1	1/16		1/16	1		8	80		616
65	65	3/8	3/8	2/4	1	1	1/16		1/16	1		11	77		617
65	65	7/16	7/16	2/4	1	1	1/16		1/16	1		5	71		618
65	65	1/2	1/2	2/4	1	1	1/16		1/16	1		12	72		619
65	65	9/16	9/16	2/4	1	1	1/16		1/16	1		7	73		620
65	65	5/8	5/8	2/4	1	1	1/16		1/16	1		11	77		621
65	65	11/16	11/16	2/4	1	1	3/32		1/16	3/2		9	75		622
65	65	25/32	25/32	2/4	1	1	1/32		1/32	1		7	73		623
66	66	0	0	2/4	2	1	1/8		1/8	1		6	42		630
66	66	0	0	2/4	1	1	1/2		1/2	1		7	73		624
66	66	3/16	3/16	2/4	1	2	1/16		1/16	1		10	70		625
66	66	1/4	1/4	2/4	1	2	1/16		1/16	1		6	66		626
66	66	5/16	5/16	2/4	1	2	1/16		1/16	1		7	61		627
66	66	3/8	3/8	2/4	1	2	1/16		1/16	1		10	58		628
66	66	7/16	7/16	2/4	1	2	1/16		1/16	1		6	54		629
67	67	0	0	2/4	2	1	1/8		1/8	1		13	43		638
67	67	0	0	2/4	1	1	7/16		1/4	7/4		7	73		631
67	67	3/16	3/16	2/4	1	2	1/16		1/16	1		10	70		633
67	67	1/4	1/4	2/4	1	2	1/16		1/16	1		4	64		634
67	67	5/16	5/16	2/4	1	2	1/16		1/16	1		7	61		635
67	67	3/8	3/8	2/4	1	2	1/16		1/16	1		10	58		636
67	67	7/16	7/16	2/4	1	2	1/16		1/16	1		13	55		637
67	67	7/16	7/16	2/4	1	1	1/16		1/16	1		9	75		632
68	68	0	0	2/4	2	1	1/8		1/8	1		8	44		645
68	68	0	0	2/4	1	1	1/2		1/2	1	1	9	75		639
68	68	3/16	3/16	2/4	1	2	1/16		1/16	1		5	71		640
68	68	1/4	1/4	2/4	1	2	1/16		1/16	1		11	65		641
68	68	5/16	5/16	2/4	1	2	1/16		1/16	1		7	61		642
68	68	3/8	3/8	2/4	1	2	1/16		1/16	1		5	59		643
68	68	7/16	7/16	2/4	1	2	1/16		1/16	1		8	56		644
69	69	0	0	2/4	1	1	1/16		1/16	1	-1	9	75		646
69	69	1/16	1/16	2/4	1	1	1/16		1/16	1		12	72		647
69	69	1/8	1/8	2/4	1	1	1/16		1/16	1		7	73		648
69	69	3/16	3/16	2/4	1	1	1/16		1/16	1		11	77		649
69	69	1/4	1/4	2/4	1	1	1/16		1/16	1		9	87		650
69	69	5/16	5/16	2/4	1	1	1/16		1/16	1		7	85		651
69	69	3/8	3/8	2/4	1	1	1/16		1/16	1		5	83		652
69	69	7/16	7/16	2/4	1	1	1/16		1/16	1		11	77		653
69	69	1/2	1/2	2/4	1	1	1/16		1/16	1		10	82		654
69	69	9/16	9/16	2/4	1	1	1/16		1/16	1		8	80		655
69	69	5/8	5/8	2/4	1	1	1/16		1/16	1		11	77		656
69	69	11/16	11/16	2/4	1	1	1/16		1/16	1		5	71		657
69	69	3/4	3/4	2/4	1	1	1/16		1/16	1		12	72		658
69	69	13/16	13/16	2/4	1	1	1/16		1/16	1		7	73		659
69	69	7/8	7/8	2/4	1	1	1/16		1/16	1		11	77		660
69	69	15/16	15/16	2/4	1	1	3/32		1/16	3/2		9	75		661
69	69	33/32	33/32	2/4	1	1	1/32		1/32	1		7	73		662
70	70	0	0	2/4	2	1	1/8		1/8	1		10	46		669
70	70	0	0	2/4	1	1	1/2		1/2	1		7	73		663
70	70	3/16	3/16	2/4	1	2	1/16		1/16	1		10	70		664
70	70	1/4	1/4	2/4	1	2	1/16		1/16	1		6	66		665
70	70	5/16	5/16	2/4	1	2	1/16		1/16	1		7	61		666
70	70	3/8	3/8	2/4	1	2	1/16		1/16	1		10	58		667
70	70	7/16	7/16	2/4	1	2	1/16		1/16	1		6	54		668
71	71	0	0	2/4	2	1	1/8		1/8	1		14	38		677
71	71	0	0	2/4	1	1	7/16		1/4	7/4		10	82		670
71	71	3/16	3/16	2/4	1	2	1/16		1/16	1		11	77		672
71	71	1/4	1/4	2/4	1	2	1/16		1/16	1		10	70		673
71	71	5/16	5/16	2/4	1	2	1/16		1/16	1		8	68		674
71	71	3/8	3/8	2/4	1	2	1/16		1/16	1		11	65		675
71	71	7/16	7/16	2/4	1	2	1/16		1/16	1		10	58		676
71	71	7/16	7/16	2/4	1	1	1/16		1/16	1		8	80		671
72	72	0	0	2/4	2	1	1/8		1/8	1		9	39		685
72	72	0	0	2/4	1	1	1/4		1/4	1		8	80		678
72	72	3/16	3/16	2/4	1	2	1/16		1/16	1		9	75		680
72	72	1/4	1/4	2/4	1	2	1/16		1/16	1		10	70		681
72	72	1/4	1/4	2/4	1	1	1/4		1/4	1		6	78		679
72	72	5/16	5/16	2/4	1	2	1/16		1/16	1		6	66		682
72	72	3/8	3/8	2/4	1	2	1/16		1/16	1		9	63		683
72	72	7/16	7/16	2/4	1	2	1/16		1/16	1		10	58		684
73	73	0	0	2/4	2	1	1/8		1/8	1		-6	42		693
73	73	0	0	2/4	1	1	1/4		1/4	1		-1	77		686
73	73	3/16	3/16	2/4	1	2	1/16		1/16	1		-2	70		688
73	73	1/4	1/4	2/4	1	2	1/16		1/16	1		-6	66		689
73	73	1/4	1/4	2/4	1	1	1/4		1/4	1		-3	75		687
73	73	5/16	5/16	2/4	1	2	1/16		1/16	1		-3	63		690
73	73	3/8	3/8	2/4	1	2	1/16		1/16	1		-2	58		691
73	73	7/16	7/16	2/4	1	2	1/16		1/16	1		-6	54		692
74	74	0	0	2/4	2	1	1/8		1/8	1		-1	41		700
74	74	0	0	2/4	1	1	1/2		1/2	1		2	74		694
74	74	3/16	3/16	2/4	1	2	1/16		1/16	1		-2	70		695
74	74	1/4	1/4	2/4	1	2	1/16		1/16	1		-1	65		696
74	74	5/16	5/16	2/4	1	2	1/16		1/16	1		2	62		697
74	74	3/8	3/8	2/4	1	2	1/16		1/16	1		-2	58		698
74	74	7/16	7/16	2/4	1	2	1/16		1/16	1		-1	53		699
75	75	0	0	2/4	1	1	3/8		1/4	3/2		2	74		701
75	75	3/16	3/16	2/4	1	2	1/16		1/16	1		3	69		703
75	75	1/4	1/4	2/4	1	2	1/16		1/16	1		-1	65		704
75	75	5/16	5/16	2/4	1	2	1/16		1/16	1		-3	63		705
75	75	3/8	3/8	2/4	1	2	1/16		1/16	1		3	57		706
75	75	3/8	3/8	2/4	1	1	1/8		1/8	1		0	72		702
75	75	7/16	7/16	2/4	1	2	1/16		1/16	1		-1	53		707
76	76	0	0	2/4	2	1	1/8		1/8	1		-2	34		714
76	76	0	0	2/4	1	1	1/2		1/2	1	1	-2	70		708
76	76	3/16	3/16	2/4	1	2	1/16		1/16	1		-1	65		709
76	76	1/4	1/4	2/4	1	2	1/16		1/16	1		2	62		710
76	76	5/16	5/16	2/4	1	2	1/16		1/16	1		-2	58		711
76	76	3/8	3/8	2/4	1	2	1/16		1/16	1		-1	53		712
76	76	7/16	7/16	2/4	1	2	1/16		1/16	1		2	50		713
77	77	0	0	2/4	1	1	1/4		1/4	1	-1	-2	70		715
77	77	3/16	3/16	2/4	1	2	1/16		1/16	1		-2	70		716
77	77	1/4	1/4	2/4	1	2	1/16		1/16	1		-1	65		717
77	77	5/16	5/16	2/4	1	2	1/16		1/16	1		2	62		718
77	77	3/8	3/8	2/4	1	2	1/16		1/16	1		-2	58		719
77	77	7/16	7/16	2/4	1	2	1/16		1/16	1		-1	53		720
78	78	0	0	2/4	2	1	1/8		1/8	1		1	43		727
78	78	0	0	2/4	1	1	1/2		1/2	1		2	74		721
78	78	3/16	3/16	2/4	1	2	1/16		1/16	1		-2	70		722
78	78	1/4	1/4	2/4	1	2	1/16		1/16	1		1	67		723
78	78	5/16	5/16	2/4	1	2	1/16		1/16	1		2	62		724
78	78	3/8	3/8	2/4	1	2	1/16		1/16	1		-2	58		725
78	78	7/16	7/16	2/4	1	2	1/16		1/16	1		1	55		726
79	79	0	0	2/4	2	1	1/8		1/8	1		8	44		735
79	79	0	0	2/4	1	1	7/16		1/4	7/4		2	74		728
79	79	3/16	3/16	2/4	1	2	1/16		1/16	1		5	71		730
79	79	1/4	1/4	2/4	1	2	1/16		1/16	1		-1	65		731
79	79	5/16	5/16	2/4	1	2	1/16		1/16	1		2	62		732
79	79	3/8	3/8	2/4	1	2	1/16		1/16	1		5	59		733
79	79	7/16	7/16	2/4	1	2	1/16		1/16	1		8	56		734
79	79	7/16	7/16	2/4	1	1	1/16		1/16	1		-3	75		729
80	80	0	0	2/4	2	1	1/8		1/8	1		3	45		742
80	80	0	0	2/4	1	1	1/2		1/2	1	1	-3	75		736
80	80	3/16	3/16	2/4	1	2	1/16		1/16	1		0	72		737
80	80	1/4	1/4	2/4	1	2	1/16		1/16	1		6	66		738
80	80	5/16	5/16	2/4	1	2	1/16		1/16	1		2	62		739
80	80	3/8	3/8	2/4	1	2	1/16		1/16	1		0	60		740
80	80	7/16	7/16	2/4	1	2	1/16		1/16	1		3	57		741
81	81	0	0	2/4	1	1	1/16		1/16	1	-1	-3	75		743
81	81	1/16	1/16	2/4	1	1	1/16		1/16	1		0	72		744
81	81	1/8	1/8	2/4	1	1	1/16		1/16	1		2	74		745
81	81	3/16	3/16	2/4	1	1	1/16		1/16	1		6	78		746
81	81	1/4	1/4	2/4	1	1	1/16		1/16	1		-2	82		747
81	81	5/16	5/16	2/4	1	1	1/16		1/16	1		3	81		748
81	81	3/8	3/8	2/4	1	1	1/16		1/16	1		6	78		749
81	81	7/16	7/16	2/4	1	1	1/16		1/16	1		0	72		750
81	81	1/2	1/2	2/4	1	1	1/16		1/16	1		7	73		751
81	81	9/16	9/16	2/4	1	1	1/16		1/16	1		2	74		752
81	81	5/8	5/8	2/4	1	1	1/16		1/16	1		-1	77		753
81	81	11/16	11/16	2/4	1	1	3/32		1/16	3/2		-3	75		754
81	81	25/32	25/32	2/4	1	1	1/32		1/32	1		2	74		755
82	82	0	0	2/4	2	1	1/8		1/8	1		1	43		762
82	82	0	0	2/4	1	1	1/2		1/2	1		2	74		756
82	82	3/16	3/16	2/4	1	2	1/16		1/16	1		-2	70		757
82	82	1/4	1/4	2/4	1	2	1/16		1/16	1		1	67		758
82	82	5/16	5/16	2/4	1	2	1/16		1/16	1		2	62		759
82	82	3/8	3/8	2/4	1	2	1/16		1/16	1		-2	58		760
82	82	7/16	7/16	2/4	1	2	1/16		1/16	1		1	55		761
83	83	0	0	2/4	2	1	1/8		1/8	1		8	44		770
83	83	0	0	2/4	1	1	7/16		1/4	7/4		2	74		763
83	83	3/16	3/16	2/4	1	2	1/16		1/16	1		5	71		765
83	83	1/4	1/4	2/4	1	2	1/16		1/16	1		-1	65		766
83	83	5/16	5/16	2/4	1	2	1/16		1/16	1		2	62		767
83	83	3/8	3/8	2/4	1	2	1/16		1/16	1		5	59		768
83	83	7/16	7/16	2/4	1	2	1/16		1/16	1		8	56		769
83	83	7/16	7/16	2/4	1	1	1/16		1/16	1		-3	75		764
84	84	0	0	2/4	2	1	1/8		1/8	1		3	45		777
84	84	0	0	2/4	1	1	1/2		1/2	1	1	-3	75		771
84	84	3/16	3/16	2/4	1	2	1/16		1/16	1		0	72		772
84	84	1/4	1/4	2/4	1	2	1/16		1/16	1		6	66		773
84	84	5/16	5/16	2/4	1	2	1/16		1/16	1		2	62		774
84	84	3/8	3/8	2/4	1	2	1/16		1/16	1		0	60		775
84	84	7/16	7/16	2/4	1	2	1/16		1/16	1		3	57		776
85	85	0	0	2/4	1	1	1/16		1/16	1	-1	-3	75		778
85	85	1/16	1/16	2/4	1	1	1/16		1/16	1		0	72		779
85	85	1/8	1/8	2/4	1	1	1/16		1/16	1		2	74		780
85	85	3/16	3/16	2/4	1	1	1/16		1/16	1		6	78		781
85	85	1/4	1/4	2/4	1	1	1/16		1/16	1		3	81		782
85	85	5/16	5/16	2/4	1	1	1/16		1/16	1		0	84		783
85	85	3/8	3/8	2/4	1	1	1/16		1/16	1		-1	89		784
85	85	7/16	7/16	2/4	1	1	1/16		1/16	1		-3	87		785
85	85	1/2	1/2	2/4	1	1	1/16		1/16	1		6	78		786
85	85	9/16	9/16	2/4	1	1	1/16		1/16	1		-2	82		787
85	85	5/8	5/8	2/4	1	1	1/16		1/16	1		3	81		788
85	85	11/16	11/16	2/4	1	1	1/16		1/16	1		0	72		789
85	85	3/4	3/4	2/4	1	1	1/16		1/16	1		7	73		790
85	85	13/16	13/16	2/4	1	1	1/16		1/16	1		2	74		791
85	85	7/8	7/8	2/4	1	1	1/16		1/16	1		-1	77		792
85	85	15/16	15/16	2/4	1	1	3/32		1/16	3/2		-3	75		793
85	85	33/32	33/32	2/4	1	1	1/32		1/32	1		2	74		794
86	86	0	0	2/4	2	1	1/8		1/8	1		-2	46		801
86	86	0	0	2/4	1	1	1/2		1/2	1		2	74		795
86	86	3/16	3/16	2/4	1	2	1/16		1/16	1		-2	70		796
86	86	1/4	1/4	2/4	1	2	1/16		1/16	1		1	67		797
86	86	5/16	5/16	2/4	1	2	1/16		1/16	1		2	62		798
86	86	3/8	3/8	2/4	1	2	1/16		1/16	1		-2	58		799
86	86	7/16	7/16	2/4	1	2	1/16		1/16	1		1	55		800
87	87	0	0	2/4	2	1	1/8		1/8	1		-1	41		808
87	87	0	0	2/4	1	1	1/2		1/2	1		-4	80		802
87	87	3/16	3/16	2/4	1	2	1/16		1/16	1		2	74		803
87	87	1/4	1/4	2/4	1	2	1/16		1/16	1		5	71		804
87	87	5/16	5/16	2/4	1	2	1/16		1/16	1		-4	68		805
87	87	3/8	3/8	2/4	1	2	1/16		1/16	1		2	62		806
87	87	7/16	7/16	2/4	1	2	1/16		1/16	1		5	59		807
88	88	0	0	2/4	2	1	1/8		1/8	1		4	40		815
88	88	0	0	2/4	1	1	1/2		1/2	1	1	-4	80		809
88	88	3/16	3/16	2/4	1	2	1/16		1/16	1		-5	73		810
88	88	1/4	1/4	2/4	1	2	1/16		1/16	1		-2	70		811
88	88	5/16	5/16	2/4	1	2	1/16		1/16	1		1	67		812
88	88	3/8	3/8	2/4	1	2	1/16		1/16	1		-5	61		813
88	88	7/16	7/16	2/4	1	2	1/16		1/16	1		-2	58		814
89	89	0	0	2/4	1	1	1/8		1/8	1	-1	-4	80		816
89	89	1/8	1/8	2/4	1	1	1/8		1/8	1		1	79		817
89	89	1/4	1/4	2/4	1	1	1/8		1/8	1		6	78		818
89	89	3/8	3/8	2/4	1	1	1/8		1/8	1		-1	77		819
89	89	1/2	1/2	2/4	1	1	1/8		1/8	1		4	76		820
89	89	5/8	5/8	2/4	1	1	1/8		1/8	1		-3	75		821
89	89	3/4	3/4	2/4	1	1	1/8		1/8	1		2	74		822
89	89	7/8	7/8	2/4	1	1	1/8		1/8	1		-5	73		823
90	90	0	0	2/4	2	1	1/8		1/8	1		3	45		830
90	90	0	0	2/4	1	1	1/2		1/2	1		7	73		824
90	90	3/16	3/16	2/4	1	2	1/16		1/16	1		3	69		825
90	90	1/4	1/4	2/4	1	2	1/16		1/16	1		6	66		826
90	90	5/16	5/16	2/4	1	2	1/16		1/16	1		7	61		827
90	90	3/8	3/8	2/4	1	2	1/16		1/16	1		3	57		828
90	90	7/16	7/16	2/4	1	2	1/16		1/16	1		6	54		829
91	91	0	0	2/4	2	1	1/8		1/8	1		-3	39		837
91	91	0	0	2/4	1	1	1/2		1/2	1		6	78		831
91	91	3/16	3/16	2/4	1	2	1/16		1/16	1		0	72		832
91	91	1/4	1/4	2/4	1	2	1/16		1/16	1		3	69		833
91	91	5/16	5/16	2/4	1	2	1/16		1/16	1		6	66		834
91	91	3/8	3/8	2/4	1	2	1/16		1/16	1		0	60		835
91	91	7/16	7/16	2/4	1	2	1/16		1/16	1		3	57		836
92	92	0	0	2/4	2	1	1/8		1/8	1		2	38		844
92	92	0	0	2/4	1	1	1/2		1/2	1	1	-6	78		838
92	92	3/16	3/16	2/4	1	2	1/16		1/16	1		-7	71		839
92	92	1/4	1/4	2/4	1	2	1/16		1/16	1		-4	68		840
92	92	5/16	5/16	2/4	1	2	1/16		1/16	1		-1	65		841
92	92	3/8	3/8	2/4	1	2	1/16		1/16	1		-7	59		842
92	92	7/16	7/16	2/4	1	2	1/16		1/16	1		-4	56		843
93	93	0	0	2/4	1	1	1/8		1/8	1	-1	-6	78		845
93	93	1/8	1/8	2/4	1	1	1/8		1/8	1		-1	77		846
93	93	1/4	1/4	2/4	1	1	1/8		1/8	1		4	76		847
93	93	3/8	3/8	2/4	1	1	1/8		1/8	1		-3	75		848
93	93	1/2	1/2	2/4	1	1	1/8		1/8	1		2	74		849
93	93	5/8	5/8	2/4	1	1	1/8		1/8	1		-5	73		850
93	93	3/4	3/4	2/4	1	1	1/8		1/8	1		0	72		851
93	93	7/8	7/8	2/4	1	1	1/8		1/8	1		5	71		852
94	94	0	0	2/4	2	1	1/8		1/8	1		-5	37		860
94	94	0	0	2/4	1	1	1/4		1/4	1		5	71		853
94	94	3/16	3/16	2/4	1	2	1/16		1/16	1		-4	68		855
94	94	1/4	1/4	2/4	1	2	1/16		1/16	1		1	67		856
94	94	1/4	1/4	2/4	1	1	1/4		1/4	1		4	76		854
94	94	5/16	5/16	2/4	1	2	1/16		1/16	1		-1	65		857
94	94	3/8	3/8	2/4	1	2	1/16		1/16	1		5	59		858
94	94	7/16	7/16	2/4	1	2	1/16		1/16	1		-4	56		859
95	95	0	0	2/4	2	1	1/8		1/8	1		-5	49		868
95	95	0	0	2/4	1	1	1/4		1/4	1		-1	77		861
95	95	3/16	3/16	2/4	1	2	1/16		1/16	1		5	71		863
95	95	1/4	1/4	2/4	1	2	1/16		1/16	1		-4	68		864
95	95	1/4	1/4	2/4	1	1	1/4		1/4	1		1	79		862
95	95	5/16	5/16	2/4	1	2	1/16		1/16	1		-1	65		865
95	95	3/8	3/8	2/4	1	2	1/16		1/16	1		5	59		866
95	95	7/16	7/16	2/4	1	2	1/16		1/16	1		-4	56		867
96	96	0	0	2/4	2	1	1/8		1/8	1		0	36		875
96	96	0	0	2/4	1	1	1/2		1/2	1		-2	82		869
96	96	3/16	3/16	2/4	1	2	1/16		1/16	1		0	72		870
96	96	1/4	1/4	2/4	1	2	1/16		1/16	1		-4	68		871
96	96	5/16	5/16	2/4	1	2	1/16		1/16	1		-1	65		872
96	96	3/8	3/8	2/4	1	2	1/16		1/16	1		0	60		873
96	96	7/16	7/16	2/4	1	2	1/16		1/16	1		-4	56		874
97	97	0	0	2/4	2	1	1/8		1/8	1		0	48		882
97	97	0	0	2/4	1	1	1/4		1/4	1		-4	80		876
97	97	3/16	3/16	2/4	1	2	1/16		1/16	1		0	72		877
97	97	1/4	1/4	2/4	1	2	1/16		1/16	1		-4	68		878
97	97	5/16	5/16	2/4	1	2	1/16		1/16	1		-1	65		879
97	97	3/8	3/8	2/4	1	2	1/16		1/16	1		0	60		880
97	97	7/16	7/16	2/4	1	2	1/16		1/16	1		-4	56		881
98	98	0	0	2/4	2	1	1/8		1/8	1		5	47		890
98	98	0	0	2/4	1	1	1/4		1/4	1		11	77		883
98	98	3/16	3/16	2/4	1	2	1/16		1/16	1		7	73		885
98	98	1/4	1/4	2/4	1	2	1/16		1/16	1		8	68		886
98	98	1/4	1/4	2/4	1	1	1/4		1/4	1		8	68		884
98	98	1/4	1/4	2/4	1	1	1/4		1/4	1		8	80		884
98	98	5/16	5/16	2/4	1	2	1/16		1/16	1		11	65		887
98	98	3/8	3/8	2/4	1	2	1/16		1/16	1		7	61		888
98	98	7/16	7/16	2/4	1	2	1/16		1/16	1		8	56		889
99	99	0	0	2/4	2	1	1/8		1/8	1		8	44		898
99	99	0	0	2/4	1	1	1/4		1/4	1		5	71		891
99	99	0	0	2/4	1	1	1/4		1/4	1		5	83		891
99	99	3/16	3/16	2/4	1	2	1/16		1/16	1		11	77		893
99	99	1/4	1/4	2/4	1	2	1/16		1/16	1		12	72		894
99	99	1/4	1/4	2/4	1	1	1/4		1/4	1		12	72		892
99	99	1/4	1/4	2/4	1	1	1/4		1/4	1		12	84		892
99	99	5/16	5/16	2/4	1	2	1/16		1/16	1		5	71		895
99	99	3/8	3/8	2/4	1	2	1/16		1/16	1		11	65		896
99	99	7/16	7/16	2/4	1	2	1/16		1/16	1		7	61		897
100	100	0	0	2/4	2	1	1/8		1/8	1		6	42		906
100	100	0	0	2/4	1	1	1/2		1/2	1		9	75		899
100	100	0	0	2/4	1	1	1/2		1/2	1		9	87		899
100	100	1/4	1/4	2/4	1	2	1/24		1/16	2/3		9	75		900
100	100	7/24	7/24	2/4	1	2	1/24		1/16	2/3		10	70		901
100	100	1/3	1/3	2/4	1	2	1/24		1/16	2/3		6	66		902
100	100	3/8	3/8	2/4	1	2	1/24		1/16	2/3		4	64		903
100	100	5/12	5/12	2/4	1	2	1/24		1/16	2/3		10	58		904
100	100	11/24	11/24	2/4	1	2	1/24		1/16	2/3		6	54		905
101	101	0	0	2/4	1	1	1/2		1/2	1		7	73		907
101	101	0	0	2/4	1	1	1/2		1/2	1		7	85		907
101	101	1/4	1/4	2/4	1	2	1/24		1/16	2/3		7	73		908
101	101	7/24	7/24	2/4	1	2	1/24		1/16	2/3		10	70		909
101	101	1/3	1/3	2/4	1	2	1/24		1/16	2/3		6	66		910
101	101	3/8	3/8	2/4	1	2	1/24		1/16	2/3		4	64		911
101	101	5/12	5/12	2/4	1	2	1/24		1/16	2/3		10	58		912
101	101	11/24	11/24	2/4	1	2	1/24		1/16	2/3		6	54		913
102	102	0	0	2/4	2	1	1/8		1/8	1		6	42		922
102	102	0	0	2/4	1	1	1/2		1/2	1		4	76		914
102	102	0	0	2/4	1	1	1/2		1/2	1		4	88		914
102	102	1/4	1/4	2/4	1	2	1/24		1/16	2/3		12	72		915
102	102	7/24	7/24	2/4	1	2	1/24		1/16	2/3		3	69		916
102	102	1/3	1/3	2/4	1	2	1/24		1/16	2/3		6	66		917
102	102	3/8	3/8	2/4	1	2	1/32		1/32	1		4	64		918
102	102	13/32	13/32	2/4	1	2	1/32		1/32	1		12	60		919
102	102	7/16	7/16	2/4	1	2	1/32		1/32	1		3	57		920
102	102	15/32	15/32	2/4	1	2	1/32		1/32	1		6	54		921
103	103	0	0	2/4	1	1	1/2		1/2	1		9	75		923
103	103	0	0	2/4	1	1	1/2		1/2	1		9	87		923
103	103	1/4	1/4	2/4	1	2	1/24		1/16	2/3		12	72		924
103	103	7/24	7/24	2/4	1	2	1/24		1/16	2/3		3	69		925
103	103	1/3	1/3	2/4	1	2	1/24		1/16	2/3		6	66		926
103	103	3/8	3/8	2/4	1	2	1/32		1/32	1		9	63		927
103	103	13/32	13/32	2/4	1	2	1/32		1/32	1		12	60		928
103	103	7/16	7/16	2/4	1	2	1/32		1/32	1		3	57		929
103	103	15/32	15/32	2/4	1	2	1/32		1/32	1		6	54		930
104	104	0	0	2/4	2	1	1/8		1/8	1		6	42		939
104	104	0	0	2/4	1	1	1/2		1/2	1		8	80		931
104	104	0	0	2/4	1	1	1/2		1/2	1		8	92		931
104	104	1/4	1/4	2/4	1	2	1/24		1/16	2/3		4	76		932
104	104	7/24	7/24	2/4	1	2	1/24		1/16	2/3		7	73		933
104	104	1/3	1/3	2/4	1	2	1/24		1/16	2/3		10	70		934
104	104	3/8	3/8	2/4	1	2	1/32		1/32	1		8	68		935
104	104	13/32	13/32	2/4	1	2	1/32		1/32	1		4	64		936
104	104	7/16	7/16	2/4	1	2	1/32		1/32	1		7	61		937
104	104	15/32	15/32	2/4	1	2	1/32		1/32	1		10	58		938
105	105	0	0	2/4	1	1	1/2		1/2	1		1	79		940
105	105	0	0	2/4	1	1	1/2		1/2	1		1	91		940
105	105	1/4	1/4	2/4	1	2	1/24		1/16	2/3		4	76		941
105	105	7/24	7/24	2/4	1	2	1/24		1/16	2/3		7	73		942
105	105	1/3	1/3	2/4	1	2	1/24		1/16	2/3		10	70		943
105	105	3/8	3/8	2/4	1	2	1/32		1/32	1		1	67		944
105	105	13/32	13/32	2/4	1	2	1/32		1/32	1		4	64		945
105	105	7/16	7/16	2/4	1	2	1/32		1/32	1		7	61		946
105	105	15/32	15/32	2/4	1	2	1/32		1/32	1		10	58		947
106	106	0	0	2/4	1	1	1/24		1/16	2/3		1	55		948
106	106	1/24	1/24	2/4	1	1	1/24		1/16	2/3		4	52		949
106	106	1/12	1/12	2/4	1	1	1/24		1/16	2/3		10	46		950
106	106	1/8	1/8	2/4	1	1	1/24		1/16	2/3		6	42		951
106	106	1/6	1/6	2/4	1	1	1/24		1/16	2/3		10	46		952
106	106	5/24	5/24	2/4	1	1	1/24		1/16	2/3		4	52		953
106	106	1/4	1/4	2/4	1	1	1/32		1/32	1		1	55		954
106	106	9/32	9/32	2/4	1	1	1/32		1/32	1		10	58		955
106	106	5/16	5/16	2/4	1	1	1/32		1/32	1		7	61		956
106	106	11/32	11/32	2/4	1	1	1/32		1/32	1		4	64		957
106	106	3/8	3/8	2/4	1	1	1/32		1/32	1		1	67		958
106	106	13/32	13/32	2/4	1	1	1/32		1/32	1		10	70		959
106	106	7/16	7/16	2/4	1	1	1/32		1/32	1		7	73		960
106	106	15/32	15/32	2/4	1	1	1/32		1/32	1		4	76		961
107	107	0	0	2/4	1	1	1/40		1/32	4/5		1	79		962
107	107	1/40	1/40	2/4	1	1	1/40		1/32	4/5		10	82		963
107	107	1/20	1/20	2/4	1	1	1/40		1/32	4/5		7	85		964
107	107	3/40	3/40	2/4	1	1	1/40		1/32	4/5		4	88		965
107	107	1/10	1/10	2/4	1	1	1/40		1/32	4/5		4	88		966
107	107	1/8	1/8	2/4	2	1	1/8		1/8	1		10	58		969
107	107	1/8	1/8	2/4	2	1	1/8		1/8	1		4	64		969
107	107	1/8	1/8	2/4	2	1	1/8		1/8	1		1	67		969
107	107	1/8	1/8	2/4	2	1	1/8		1/8	1		7	73		969
107	107	1/8	1/8	2/4	1	1	1/8		1/8	1		1	79		967
107	107	1/8	1/8	2/4	1	1	1/8		1/8	1		1	91		967
107	107	7/16	7/16	2/4	1	1	1/16		1/16	1		6	78		968
107	107	7/16	7/16	2/4	1	1	1/16		1/16	1		6	90		968
108	108	0	0	2/4	2	1	1/4		1/4	1		5	35		978
108	108	0	0	2/4	2	1	1/4		1/4	1		5	47		978
108	108	0	0	2/4	1	1	1/2		1/2	1		6	78		970
108	108	0	0	2/4	1	1	1/2		1/2	1		6	90		970
108	108	1/4	1/4	2/4	1	2	1/32		1/32	1		6	78		971
108	108	9/32	9/32	2/4	1	2	1/32		1/32	1		9	75		972
108	108	5/16	5/16	2/4	1	2	1/32		1/32	1		5	71		973
108	108	11/32	11/32	2/4	1	2	1/32		1/32	1		6	66		974
108	108	3/8	3/8	2/4	1	2	1/24		1/16	2/3		9	63		975
108	108	5/12	5/12	2/4	1	2	1/24		1/16	2/3		5	59		976
108	108	11/24	11/24	2/4	1	2	1/24		1/16	2/3		6	54		977
109	109	0	0	2/4	1	1	7/16		1/4	7/4		9	75		979
109	109	0	0	2/4	1	1	7/16		1/4	7/4		9	87		979
109	109	1/4	1/4	2/4	1	2	1/32		1/32	1		9	75		981
109	109	9/32	9/32	2/4	1	2	1/32		1/32	1		5	71		982
109	109	5/16	5/16	2/4	1	2	1/32		1/32	1		6	66		983
109	109	11/32	11/32	2/4	1	2	1/32		1/32	1		9	63		984
109	109	3/8	3/8	2/4	1	2	1/24		1/16	2/3		5	59		985
109	109	5/12	5/12	2/4	1	2	1/24		1/16	2/3		6	54		986
109	109	7/16	7/16	2/4	1	1	1/16		1/16	1		9	75		980
109	109	7/16	7/16	2/4	1	1	1/16		1/16	1		9	87		980
109	109	11/24	11/24	2/4	1	2	1/24		1/16	2/3		9	51		987
110	110	0	0	2/4	2	1	1/4		1/4	1		5	35		996
110	110	0	0	2/4	2	1	1/4		1/4	1		5	47		996
110	110	0	0	2/4	1	1	1/2		1/2	1		9	75		988
110	110	0	0	2/4	1	1	1/2		1/2	1		9	87		988
110	110	1/4	1/4	2/4	1	2	1/32		1/32	1		9	75		989
110	110	9/32	9/32	2/4	1	2	1/32		1/32	1		10	70		990
110	110	5/16	5/16	2/4	1	2	1/32		1/32	1		6	66		991
110	110	11/32	11/32	2/4	1	2	1/32		1/32	1		4	64		992
110	110	3/8	3/8	2/4	1	2	1/24		1/16	2/3		9	63		993
110	110	5/12	5/12	2/4	1	2	1/24		1/16	2/3		10	58		994
110	110	11/24	11/24	2/4	1	2	1/24		1/16	2/3		6	54		995
111	111	0	0	2/4	1	1	1/4		1/4	1		7	73		997
111	111	0	0	2/4	1	1	1/4		1/4	1		7	85		997
111	111	1/4	1/4	2/4	1	2	1/32		1/32	1		7	73		998
111	111	9/32	9/32	2/4	1	2	1/32		1/32	1		10	70		999
111	111	5/16	5/16	2/4	1	2	1/32		1/32	1		6	66		1000
111	111	11/32	11/32	2/4	1	2	1/32		1/32	1		4	64		1001
111	111	3/8	3/8	2/4	1	2	1/24		1/16	2/3		7	61		1002
111	111	5/12	5/12	2/4	1	2	1/24		1/16	2/3		10	58		1003
111	111	11/24	11/24	2/4	1	2	1/24		1/16	2/3		6	54		1004
112	112	0	0	2/4	2	1	1/4		1/4	1		5	35		1012
112	112	0	0	2/4	2	1	1/4		1/4	1		5	47		1012
112	112	0	0	2/4	1	1	1/2		1/2	1		4	76		1005
112	112	0	0	2/4	1	1	1/2		1/2	1		4	88		1005
112	112	1/4	1/4	2/4	1	2	1/24		1/16	2/3		4	76		1006
112	112	7/24	7/24	2/4	1	2	1/24		1/16	2/3		5	71		1007
112	112	1/3	1/3	2/4	1	2	1/24		1/16	2/3		8	68		1008
112	112	3/8	3/8	2/4	1	2	1/24		1/16	2/3		4	64		1009
112	112	5/12	5/12	2/4	1	2	1/24		1/16	2/3		5	59		1010
112	112	11/24	11/24	2/4	1	2	1/24		1/16	2/3		8	56		1011
113	113	0	0	2/4	1	1	7/16		1/4	7/4		9	75		1013
113	113	0	0	2/4	1	1	7/16		1/4	7/4		9	87		1013
113	113	1/4	1/4	2/4	1	2	1/24		1/16	2/3		9	75		1015
113	113	7/24	7/24	2/4	1	2	1/24		1/16	2/3		10	70		1016
113	113	1/3	1/3	2/4	1	2	1/24		1/16	2/3		6	66		1017
113	113	3/8	3/8	2/4	1	2	1/24		1/16	2/3		4	64		1018
113	113	5/12	5/12	2/4	1	2	1/24		1/16	2/3		10	58		1019
113	113	7/16	7/16	2/4	1	1	1/16		1/16	1		7	73		1014
113	113	7/16	7/16	2/4	1	1	1/16		1/16	1		7	85		1014
113	113	11/24	11/24	2/4	1	2	1/24		1/16	2/3		6	54		1020
114	114	0	0	2/4	2	1	1/4		1/4	1		5	35		1028
114	114	0	0	2/4	2	1	1/4		1/4	1		5	47		1028
114	114	0	0	2/4	1	1	1/2		1/2	1		5	71		1021
114	114	0	0	2/4	1	1	1/2		1/2	1		5	83		1021
114	114	1/4	1/4	2/4	1	2	1/24		1/16	2/3		5	71		1022
114	114	7/24	7/24	2/4	1	2	1/24		1/16	2/3		6	66		1023
114	114	1/3	1/3	2/4	1	2	1/24		1/16	2/3		9	63		1024
114	114	3/8	3/8	2/4	1	2	1/24		1/16	2/3		5	59		1025
114	114	5/12	5/12	2/4	1	2	1/24		1/16	2/3		6	54		1026
114	114	11/24	11/24	2/4	1	2	1/24		1/16	2/3		9	51		1027
115	115	0	0	2/4	1	1	1/4		1/4	1		6	66		1029
115	115	0	0	2/4	1	1	1/4		1/4	1		6	78		1029
115	115	1/4	1/4	2/4	1	2	1/24		1/16	2/3		6	66		1030
115	115	7/24	7/24	2/4	1	2	1/24		1/16	2/3		9	63		1031
115	115	1/3	1/3	2/4	1	2	1/24		1/16	2/3		5	59		1032
115	115	3/8	3/8	2/4	1	2	1/24		1/16	2/3		6	54		1033
115	115	5/12	5/12	2/4	1	2	1/24		1/16	2/3		9	51		1034
115	115	11/24	11/24	2/4	1	2	1/24		1/16	2/3		5	47		1035
116	116	0	0	2/4	2	1	1/4		1/4	1		10	34		1043
116	116	0	0	2/4	2	1	1/4		1/4	1		10	46		1043
116	116	0	0	2/4	1	1	1/2		1/2	1		6	66		1036
116	116	0	0	2/4	1	1	1/2		1/2	1		6	78		1036
116	116	1/4	1/4	2/4	1	2	1/24		1/16	2/3		6	66		1037
116	116	7/24	7/24	2/4	1	2	1/24		1/16	2/3		7	61		1038
116	116	1/3	1/3	2/4	1	2	1/24		1/16	2/3		10	58		1039
116	116	3/8	3/8	2/4	1	2	1/24		1/16	2/3		6	54		1040
116	116	5/12	5/12	2/4	1	2	1/24		1/16	2/3		7	49		1041
116	116	11/24	11/24	2/4	1	2	1/24		1/16	2/3		10	46		1042
117	117	0	0	2/4	1	1	7/16		1/4	7/4		7	73		1044
117	117	0	0	2/4	1	1	7/16		1/4	7/4		7	85		1044
117	117	1/4	1/4	2/4	1	2	1/24		1/16	2/3		10	70		1046
117	117	7/24	7/24	2/4	1	2	1/24		1/16	2/3		6	66		1047
117	117	1/3	1/3	2/4	1	2	1/24		1/16	2/3		7	61		1048
117	117	3/8	3/8	2/4	1	2	1/24		1/16	2/3		10	58		1049
117	117	5/12	5/12	2/4	1	2	1/24		1/16	2/3		6	54		1050
117	117	7/16	7/16	2/4	1	1	1/16		1/16	1		9	75		1045
117	117	7/16	7/16	2/4	1	1	1/16		1/16	1		9	87		1045
117	117	11/24	11/24	2/4	1	2	1/24		1/16	2/3		7	49		1051
118	118	0	0	2/4	2	1	1/4		1/4	1		8	32		1059
118	118	0	0	2/4	2	1	1/4		1/4	1		8	44		1059
118	118	0	0	2/4	1	1	1/2		1/2	1		10	70		1052
118	118	0	0	2/4	1	1	1/2		1/2	1		10	82		1052
118	118	1/4	1/4	2/4	1	2	1/24		1/16	2/3		10	70		1053
118	118	7/24	7/24	2/4	1	2	1/24		1/16	2/3		6	66		1054
118	118	1/3	1/3	2/4	1	2	1/24		1/16	2/3		9	63		1055
118	118	3/8	3/8	2/4	1	2	1/24		1/16	2/3		10	58		1056
118	118	5/12	5/12	2/4	1	2	1/24		1/16	2/3		6	54		1057
118	118	11/24	11/24	2/4	1	2	1/24		1/16	2/3		9	51		1058
119	119	0	0	2/4	1	1	7/16		1/4	7/4		5	71		1060
119	119	0	0	2/4	1	1	7/16		1/4	7/4		5	83		1060
119	119	1/4	1/4	2/4	1	2	1/24		1/16	2/3		5	71		1062
119	119	7/24	7/24	2/4	1	2	1/24		1/16	2/3		6	66		1063
119	119	1/3	1/3	2/4	1	2	1/24		1/16	2/3		9	63		1064
119	119	3/8	3/8	2/4	1	2	1/24		1/16	2/3		5	59		1065
119	119	5/12	5/12	2/4	1	2	1/24		1/16	2/3		6	54		1066
119	119	7/16	7/16	2/4	1	1	1/16		1/16	1		10	70		1061
119	119	7/16	7/16	2/4	1	1	1/16		1/16	1		10	82		1061
119	119	11/24	11/24	2/4	1	2	1/24		1/16	2/3		9	51		1067
120	120	0	0	2/4	2	1	1/4		1/4	1		5	35		1070
120	120	0	0	2/4	2	1	1/4		1/4	1		5	47		1070
120	120	0	0	2/4	1	1	1/4		1/4	1		8	68		1068
120	120	0	0	2/4	1	1	1/4		1/4	1		8	80		1068
120	120	1/4	1/4	2/4	2	1	1/20		1/16	4/5		6	66		1071
120	120	1/4	1/4	2/4	1	1	1/4		1/4	1		5	71		1069
120	120	1/4	1/4	2/4	1	1	1/4		1/4	1		5	83		1069
120	120	3/10	3/10	2/4	2	1	1/20		1/16	4/5		9	63		1072
120	120	7/20	7/20	2/4	2	1	1/20		1/16	4/5		5	59		1073
120	120	2/5	2/5	2/4	2	1	1/20		1/16	4/5		8	56		1074
120	120	9/20	9/20	2/4	2	1	1/20		1/16	4/5		6	54		1075
121	121	0	0	2/4	2	1	1/4		1/4	1		8	32		1079
121	121	0	0	2/4	2	1	1/4		1/4	1		8	44		1079
121	121	0	0	2/4	1	1	1/4		1/4	1		9	75		1076
121	121	0	0	2/4	1	1	1/4		1/4	1		9	87		1076
121	121	1/4	1/4	2/4	2	1	1/20		1/16	4/5		5	71		1080
121	121	1/4	1/4	2/4	1	1	3/16		1/8	3/2		6	78		1077
121	121	1/4	1/4	2/4	1	1	3/16		1/8	3/2		6	90		1077
121	121	3/10	3/10	2/4	2	1	1/20		1/16	4/5		8	68		1081
121	121	7/20	7/20	2/4	2	1	1/20		1/16	4/5		6	66		1082
121	121	2/5	2/5	2/4	2	1	1/20		1/16	4/5		9	63		1083
121	121	7/16	7/16	2/4	1	1	1/16		1/16	1		11	77		1078
121	121	7/16	7/16	2/4	1	1	1/16		1/16	1		11	89		1078
121	121	9/20	9/20	2/4	2	1	1/20		1/16	4/5		5	59		1084
122	122	0	0	2/4	2	1	1/4		1/4	1		7	37		1094
122	122	0	0	2/4	2	1	1/4		1/4	1		7	49		1094
122	122	0	0	2/4	1	1	1/2		1/2	1		9	75		1085
122	122	0	0	2/4	1	1	1/2		1/2	1		9	87		1085
122	122	1/4	1/4	2/4	1	2	1/32		1/32	1		9	75		1086
122	122	9/32	9/32	2/4	1	2	1/32		1/32	1		5	71		1087
122	122	5/16	5/16	2/4	1	2	1/32		1/32	1		8	68		1088
122	122	11/32	11/32	2/4	1	2	1/32		1/32	1		11	65		1089
122	122	3/8	3/8	2/4	1	2	1/32		1/32	1		9	63		1090
122	122	13/32	13/32	2/4	1	2	1/32		1/32	1		5	59		1091
122	122	7/16	7/16	2/4	1	2	1/32		1/32	1		8	56		1092
122	122	15/32	15/32	2/4	1	2	1/32		1/32	1		11	53		1093
123	123	0	0	2/4	1	1	1/4		1/4	1		7	73		1095
123	123	0	0	2/4	1	1	1/4		1/4	1		7	85		1095
123	123	1/4	1/4	2/4	1	2	1/32		1/32	1		7	73		1096
123	123	9/32	9/32	2/4	1	2	1/32		1/32	1		5	71		1097
123	123	5/16	5/16	2/4	1	2	1/32		1/32	1		8	68		1098
123	123	11/32	11/32	2/4	1	2	1/32		1/32	1		11	65		1099
123	123	3/8	3/8	2/4	1	2	1/32		1/32	1		7	61		1100
123	123	13/32	13/32	2/4	1	2	1/32		1/32	1		5	59		1101
123	123	7/16	7/16	2/4	1	2	1/32		1/32	1		8	56		1102
123	123	15/32	15/32	2/4	1	2	1/32		1/32	1		11	53		1103
124	124	0	0	2/4	2	1	1/4		1/4	1		6	30		1111
124	124	0	0	2/4	2	1	1/4		1/4	1		6	42		1111
124	124	0	0	2/4	1	1	1/2		1/2	1		7	73		1104
124	124	0	0	2/4	1	1	1/2		1/2	1		7	85		1104
124	124	1/4	1/4	2/4	1	2	1/24		1/16	2/3		10	70		1105
124	124	7/24	7/24	2/4	1	2	1/24		1/16	2/3		6	66		1106
124	124	1/3	1/3	2/4	1	2	1/24		1/16	2/3		7	61		1107
124	124	3/8	3/8	2/4	1	2	1/24		1/16	2/3		10	58		1108
124	124	5/12	5/12	2/4	1	2	1/24		1/16	2/3		6	54		1109
124	124	11/24	11/24	2/4	1	2	1/24		1/16	2/3		7	49		1110
125	125	0	0	2/4	2	1	1/4		1/4	1		13	31		1120
125	125	0	0	2/4	2	1	1/4		1/4	1		13	43		1120
125	125	0	0	2/4	1	1	7/16		1/4	7/4		7	73		1112
125	125	0	0	2/4	1	1	7/16		1/4	7/4		7	85		1112
125	125	1/4	1/4	2/4	1	2	1/24		1/16	2/3		10	70		1114
125	125	7/24	7/24	2/4	1	2	1/24		1/16	2/3		4	64		1115
125	125	1/3	1/3	2/4	1	2	1/24		1/16	2/3		7	61		1116
125	125	3/8	3/8	2/4	1	2	1/24		1/16	2/3		10	58		1117
125	125	5/12	5/12	2/4	1	2	1/24		1/16	2/3		4	52		1118
125	125	7/16	7/16	2/4	1	1	1/16		1/16	1		9	75		1113
125	125	7/16	7/16	2/4	1	1	1/16		1/16	1		9	87		1113
125	125	11/24	11/24	2/4	1	2	1/24		1/16	2/3		7	49		1119
126	126	0	0	2/4	2	1	1/4		1/4	1		8	32		1128
126	126	0	0	2/4	2	1	1/4		1/4	1		8	44		1128
126	126	0	0	2/4	1	1	1/2		1/2	1		9	75		1121
126	126	0	0	2/4	1	1	1/2		1/2	1		9	87		1121
126	126	1/4	1/4	2/4	1	2	1/24		1/16	2/3		5	71		1122
126	126	7/24	7/24	2/4	1	2	1/24		1/16	2/3		11	65		1123
126	126	1/3	1/3	2/4	1	2	1/24		1/16	2/3		7	61		1124
126	126	3/8	3/8	2/4	1	2	1/24		1/16	2/3		5	59		1125
126	126	5/12	5/12	2/4	1	2	1/24		1/16	2/3		11	53		1126
126	126	11/24	11/24	2/4	1	2	1/24		1/16	2/3		7	49		1127
127	127	1/16	1/16	2/4	1	2	1/16		1/16	1		12	60		1141
127	127	1/16	1/16	2/4	1	1	1/16		1/16	1		12	72		1129
127	127	1/16	1/16	2/4	1	1	1/16		1/16	1		12	84		1129
127	127	1/8	1/8	2/4	1	2	1/16		1/16	1		7	61		1142
127	127	1/8	1/8	2/4	1	1	1/16		1/16	1		7	73		1130
127	127	1/8	1/8	2/4	1	1	1/16		1/16	1		7	85		1130
127	127	3/16	3/16	2/4	1	2	1/16		1/16	1		11	65		1143
127	127	3/16	3/16	2/4	1	1	1/16		1/16	1		11	77		1131
127	127	3/16	3/16	2/4	1	1	1/16		1/16	1		11	89		1131
127	127	1/4	1/4	2/4	1	2	1/16		1/16	1		10	70		1144
127	127	1/4	1/4	2/4	1	1	1/16		1/16	1		10	82		1132
127	127	1/4	1/4	2/4	1	1	1/16		1/16	1		10	94		1132
127	127	5/16	5/16	2/4	1	2	1/16		1/16	1		8	68		1145
127	127	5/16	5/16	2/4	1	1	1/16		1/16	1		8	80		1133
127	127	5/16	5/16	2/4	1	1	1/16		1/16	1		8	92		1133
127	127	3/8	3/8	2/4	1	2	1/16		1/16	1		11	65		1146
127	127	3/8	3/8	2/4	1	1	1/16		1/16	1		11	77		1134
127	127	3/8	3/8	2/4	1	1	1/16		1/16	1		11	89		1134
127	127	7/16	7/16	2/4	1	2	1/16		1/16	1		5	59		1147
127	127	7/16	7/16	2/4	1	1	1/16		1/16	1		5	71		1135
127	127	7/16	7/16	2/4	1	1	1/16		1/16	1		5	83		1135
127	127	1/2	1/2	2/4	1	2	1/16		1/16	1		12	60		1148
127	127	1/2	1/2	2/4	1	1	1/16		1/16	1		12	72		1136
127	127	1/2	1/2	2/4	1	1	1/16		1/16	1		12	84		1136
127	127	9/16	9/16	2/4	1	2	1/16		1/16	1		7	61		1149
127	127	9/16	9/16	2/4	1	1	1/16		1/16	1		7	73		1137
127	127	9/16	9/16	2/4	1	1	1/16		1/16	1		7	85		1137
127	127	5/8	5/8	2/4	1	2	1/16		1/16	1		11	65		1150
127	127	5/8	5/8	2/4	1	1	1/16		1/16	1		11	77		1138
127	127	5/8	5/8	2/4	1	1	1/16		1/16	1		11	89		1138
127	127	11/16	11/16	2/4	1	1	1/16		1/16	1		9	75		1139
127	127	11/16	11/16	2/4	1	1	1/16		1/16	1		9	87		1139
127	127	25/32	25/32	2/4	1	1	1/32		1/32	1		7	73		1140
127	127	25/32	25/32	2/4	1	1	1/32		1/32	1		7	85		1140
128	128	0	0	2/4	2	1	1/4		1/4	1		6	30		1158
128	128	0	0	2/4	2	1	1/4		1/4	1		6	42		1158
128	128	0	0	2/4	1	1	1/2		1/2	1		7	73		1151
128	128	0	0	2/4	1	1	1/2		1/2	1		7	85		1151
128	128	1/4	1/4	2/4	1	2	1/24		1/16	2/3		10	70		1152
128	128	7/24	7/24	2/4	1	2	1/24		1/16	2/3		6	66		1153
128	128	1/3	1/3	2/4	1	2	1/24		1/16	2/3		7	61		1154
128	128	3/8	3/8	2/4	1	2	1/24		1/16	2/3		10	58		1155
128	128	5/12	5/12	2/4	1	2	1/24		1/16	2/3		6	54		1156
128	128	11/24	11/24	2/4	1	2	1/24		1/16	2/3		7	49		1157
129	129	0	0	2/4	2	1	1/4		1/4	1		13	31		1167
129	129	0	0	2/4	2	1	1/4		1/4	1		13	43		1167
129	129	0	0	2/4	1	1	7/16		1/4	7/4		7	73		1159
129	129	0	0	2/4	1	1	7/16		1/4	7/4		7	85		1159
129	129	1/4	1/4	2/4	1	2	1/24		1/16	2/3		10	70		1161
129	129	7/24	7/24	2/4	1	2	1/24		1/16	2/3		4	64		1162
129	129	1/3	1/3	2/4	1	2	1/24		1/16	2/3		7	61		1163
129	129	3/8	3/8	2/4	1	2	1/24		1/16	2/3		10	58		1164
129	129	5/12	5/12	2/4	1	2	1/24		1/16	2/3		4	52		1165
129	129	7/16	7/16	2/4	1	1	1/16		1/16	1		9	75		1160
129	129	7/16	7/16	2/4	1	1	1/16		1/16	1		9	87		1160
129	129	11/24	11/24	2/4	1	2	1/24		1/16	2/3		7	49		1166
130	130	0	0	2/4	2	1	1/4		1/4	1		8	32		1175
130	130	0	0	2/4	2	1	1/4		1/4	1		8	44		1175
130	130	0	0	2/4	1	1	1/2		1/2	1		9	75		1168
130	130	0	0	2/4	1	1	1/2		1/2	1		9	87		1168
130	130	1/4	1/4	2/4	1	2	1/24		1/16	2/3		5	71		1169
130	130	7/24	7/24	2/4	1	2	1/24		1/16	2/3		11	65		1170
130	130	1/3	1/3	2/4	1	2	1/24		1/16	2/3		7	61		1171
130	130	3/8	3/8	2/4	1	2	1/24		1/16	2/3		5	59		1172
130	130	5/12	5/12	2/4	1	2	1/24		1/16	2/3		11	53		1173
130	130	11/24	11/24	2/4	1	2	1/24		1/16	2/3		7	49		1174
131	131	1/16	1/16	2/4	2	1	1/16		1/16	1		12	60		1191
131	131	1/16	1/16	2/4	1	1	1/16		1/16	1		12	72		1176
131	131	1/16	1/16	2/4	1	1	1/16		1/16	1		12	84		1176
131	131	1/8	1/8	2/4	2	1	1/16		1/16	1		7	61		1192
131	131	1/8	1/8	2/4	1	1	1/16		1/16	1		7	73		1177
131	131	1/8	1/8	2/4	1	1	1/16		1/16	1		7	85		1177
131	131	3/16	3/16	2/4	2	1	1/16		1/16	1		11	65		1193
131	131	3/16	3/16	2/4	1	1	1/16		1/16	1		11	77		1178
131	131	3/16	3/16	2/4	1	1	1/16		1/16	1		11	89		1178
131	131	1/4	1/4	2/4	1	1	1/16		1/16	1		9	75		1179
131	131	1/4	1/4	2/4	2	1	1/16		1/16	1		9	75		1194
131	131	1/4	1/4	2/4	1	1	1/16		1/16	1		9	87		1179
131	131	5/16	5/16	2/4	1	1	1/16		1/16	1		7	73		1180
131	131	5/16	5/16	2/4	2	1	1/16		1/16	1		7	73		1195
131	131	5/16	5/16	2/4	1	1	1/16		1/16	1		7	85		1180
131	131	3/8	3/8	2/4	1	1	1/16		1/16	1		5	71		1181
131	131	3/8	3/8	2/4	2	1	1/16		1/16	1		5	71		1196
131	131	3/8	3/8	2/4	1	1	1/16		1/16	1		5	83		1181
131	131	7/16	7/16	2/4	1	1	1/16		1/16	1		11	65		1182
131	131	7/16	7/16	2/4	2	1	1/16		1/16	1		11	65		1197
131	131	7/16	7/16	2/4	1	1	1/16		1/16	1		11	77		1182
131	131	1/2	1/2	2/4	1	1	1/16		1/16	1		10	70		1183
131	131	1/2	1/2	2/4	2	1	1/16		1/16	1		10	70		1198
131	131	1/2	1/2	2/4	1	1	1/16		1/16	1		10	82		1183
131	131	9/16	9/16	2/4	1	1	1/16		1/16	1		8	68		1184
131	131	9/16	9/16	2/4	2	1	1/16		1/16	1		8	68		1199
131	131	9/16	9/16	2/4	1	1	1/16		1/16	1		8	80		1184
131	131	5/8	5/8	2/4	2	1	1/16		1/16	1		5	59		1200
131	131	5/8	5/8	2/4	1	1	1/16		1/16	1		5	71		1185
131	131	5/8	5/8	2/4	1	1	1/16		1/16	1		5	83		1185
131	131	11/16	11/16	2/4	2	1	1/16		1/16	1		7	61		1201
131	131	11/16	11/16	2/4	1	1	1/16		1/16	1		7	73		1186
131	131	11/16	11/16	2/4	1	1	1/16		1/16	1		7	85		1186
131	131	3/4	3/4	2/4	2	1	1/16		1/16	1		11	65		1202
131	131	3/4	3/4	2/4	1	1	1/16		1/16	1		11	77		1187
131	131	3/4	3/4	2/4	1	1	1/16		1/16	1		11	89		1187
131	131	13/16	13/16	2/4	1	1	1/16		1/16	1		9	75		1188
131	131	13/16	13/16	2/4	1	1	1/16		1/16	1		9	87		1188
131	131	7/8	7/8	2/4	1	1	1/16		1/16	1		2	74		1189
131	131	7/8	7/8	2/4	1	1	1/16		1/16	1		2	86		1189
131	131	15/16	15/16	2/4	1	1	1/16		1/16	1		7	73		1190
131	131	15/16	15/16	2/4	1	1	1/16		1/16	1		7	85		1190
132	132	0	0	2/4	2	1	1/4		1/4	1		3	33		1210
132	132	0	0	2/4	2	1	1/4		1/4	1		3	45		1210
132	132	0	0	2/4	1	1	1/2		1/2	1		7	73		1203
132	132	0	0	2/4	1	1	1/2		1/2	1		7	85		1203
132	132	1/4	1/4	2/4	1	2	1/24		1/16	2/3		3	69		1204
132	132	7/24	7/24	2/4	1	2	1/24		1/16	2/3		4	64		1205
132	132	1/3	1/3	2/4	1	2	1/24		1/16	2/3		7	61		1206
132	132	3/8	3/8	2/4	1	2	1/24		1/16	2/3		3	57		1207
132	132	5/12	5/12	2/4	1	2	1/24		1/16	2/3		4	52		1208
132	132	11/24	11/24	2/4	1	2	1/24		1/16	2/3		7	49		1209
133	133	0	0	2/4	2	1	1/4		1/4	1		7	37		1219
133	133	0	0	2/4	2	1	1/4		1/4	1		7	49		1219
133	133	0	0	2/4	1	1	7/16		1/4	7/4		3	81		1211
133	133	0	0	2/4	1	1	7/16		1/4	7/4		3	93		1211
133	133	1/4	1/4	2/4	1	2	1/24		1/16	2/3		4	76		1213
133	133	7/24	7/24	2/4	1	2	1/24		1/16	2/3		3	69		1214
133	133	1/3	1/3	2/4	1	2	1/24		1/16	2/3		4	64		1215
133	133	3/8	3/8	2/4	1	2	1/24		1/16	2/3		7	61		1216
133	133	5/12	5/12	2/4	1	2	1/24		1/16	2/3		3	57		1217
133	133	7/16	7/16	2/4	1	1	1/16		1/16	1		1	79		1212
133	133	7/16	7/16	2/4	1	1	1/16		1/16	1		1	91		1212
133	133	11/24	11/24	2/4	1	2	1/24		1/16	2/3		4	52		1218
134	134	0	0	2/4	2	1	1/4		1/4	1		2	38		1227
134	134	0	0	2/4	2	1	1/4		1/4	1		2	50		1227
134	134	0	0	2/4	1	1	1/4		1/4	1		1	79		1220
134	134	0	0	2/4	1	1	1/4		1/4	1		1	91		1220
134	134	1/8	1/8	2/4	1	2	1/16		1/16	1		2	74		1222
134	134	3/16	3/16	2/4	1	2	1/16		1/16	1		3	69		1223
134	134	1/4	1/4	2/4	1	2	1/16		1/16	1		-1	65		1224
134	134	1/4	1/4	2/4	1	1	1/4		1/4	1		-1	77		1221
134	134	1/4	1/4	2/4	1	1	1/4		1/4	1		-1	89		1221
134	134	5/16	5/16	2/4	1	2	1/16		1/16	1		2	62		1225
134	134	3/8	3/8	2/4	1	2	1/8		1/8	1		3	57		1226
135	135	0	0	2/4	2	1	1/4		1/4	1		-1	41		1235
135	135	0	0	2/4	2	1	1/4		1/4	1		-1	53		1235
135	135	0	0	2/4	1	1	1/4		1/4	1		4	76		1228
135	135	0	0	2/4	1	1	1/4		1/4	1		4	88		1228
135	135	1/8	1/8	2/4	1	2	1/16		1/16	1		3	69		1230
135	135	3/16	3/16	2/4	1	2	1/16		1/16	1		-1	65		1231
135	135	1/4	1/4	2/4	1	2	1/16		1/16	1		2	62		1232
135	135	1/4	1/4	2/4	1	1	1/4		1/4	1		2	74		1229
135	135	1/4	1/4	2/4	1	1	1/4		1/4	1		2	86		1229
135	135	5/16	5/16	2/4	1	2	1/16		1/16	1		3	57		1233
135	135	3/8	3/8	2/4	1	2	1/8		1/8	1		-1	53		1234
136	136	0	0	2/4	2	1	1/4		1/4	1		1	43		1244
136	136	0	0	2/4	2	1	1/4		1/4	1		1	55		1244
136	136	0	0	2/4	1	1	1/8		1/8	1		0	72		1236
136	136	0	0	2/4	1	1	1/8		1/8	1		0	84		1236
136	136	1/8	1/8	2/4	1	2	1/16		1/16	1		1	67		1239
136	136	1/8	1/8	2/4	1	1	1/4		1/4	1		-2	70		1237
136	136	1/8	1/8	2/4	1	1	1/4		1/4	1		-2	82		1237
136	136	3/16	3/16	2/4	1	2	1/16		1/16	1		2	62		1240
136	136	1/4	1/4	2/4	1	2	1/16		1/16	1		-2	58		1241
136	136	5/16	5/16	2/4	1	2	1/16		1/16	1		1	55		1242
136	136	3/8	3/8	2/4	1	2	1/8		1/8	1		2	50		1243
136	136	3/8	3/8	2/4	1	1	1/8		1/8	1	1	3	69		1238
136	136	3/8	3/8	2/4	1	1	1/8		1/8	1	1	3	81		1238
137	137	0	0	2/4	2	1	1/4		1/4	1		-2	34		1254
137	137	0	0	2/4	2	1	1/4		1/4	1		-2	46		1254
137	137	0	0	2/4	1	1	1/8		1/8	1	-1	3	69		1245
137	137	0	0	2/4	1	1	1/8		1/8	1	-1	3	81		1245
137	137	1/8	1/8	2/4	1	2	1/16		1/16	1		2	62		1249
137	137	1/8	1/8	2/4	1	1	1/8		1/8	1		4	64		1246
137	137	1/8	1/8	2/4	1	1	1/8		1/8	1		4	76		1246
137	137	3/16	3/16	2/4	1	2	1/16		1/16	1		-2	58		1250
137	137	1/4	1/4	2/4	1	2	1/16		1/16	1		1	55		1251
137	137	1/4	1/4	2/4	1	1	3/16		1/8	3/2		1	67		1247
137	137	1/4	1/4	2/4	1	1	3/16		1/8	3/2		1	79		1247
137	137	5/16	5/16	2/4	1	2	1/16		1/16	1		2	50		1252
137	137	3/8	3/8	2/4	1	2	1/8		1/8	1		-2	46		1253
137	137	7/16	7/16	2/4	1	1	1/16		1/16	1		-1	65		1248
137	137	7/16	7/16	2/4	1	1	1/16		1/16	1		-1	77		1248
138	138	0	0	2/4	2	1	1/4		1/4	1		0	36		1261
138	138	0	0	2/4	2	1	1/4		1/4	1		0	48		1261
138	138	0	0	2/4	1	1	1/2		1/2	1		2	62		1255
138	138	0	0	2/4	1	1	1/2		1/2	1		2	74		1255
138	138	3/16	3/16	2/4	1	2	1/16		1/16	1		3	69		1256
138	138	1/4	1/4	2/4	1	2	1/16		1/16	1		-1	65		1257
138	138	5/16	5/16	2/4	1	2	1/16		1/16	1		2	62		1258
138	138	3/8	3/8	2/4	1	2	1/16		1/16	1		3	57		1259
138	138	7/16	7/16	2/4	1	2	1/16		1/16	1		-1	53		1260
139	139	0	0	2/4	1	1	7/16		1/4	7/4		0	60		1262
139	139	0	0	2/4	1	1	7/16		1/4	7/4		0	72		1262
139	139	3/16	3/16	2/4	1	2	1/16		1/16	1		3	69		1264
139	139	1/4	1/4	2/4	1	2	1/16		1/16	1		-1	65		1265
139	139	5/16	5/16	2/4	1	2	1/16		1/16	1		0	60		1266
139	139	3/8	3/8	2/4	1	2	1/16		1/16	1		3	57		1267
139	139	7/16	7/16	2/4	1	2	1/16		1/16	1		0	48		1268
139	139	7/16	7/16	2/4	1	1	1/16		1/16	1		-1	65		1263
139	139	7/16	7/16	2/4	1	1	1/16		1/16	1		-1	77		1263
140	140	0	0	2/4	2	1	1/8		1/8	1		-5	37		1275
140	140	0	0	2/4	2	1	1/8		1/8	1		-5	49		1275
140	140	0	0	2/4	1	1	1/2		1/2	1	1	-1	65		1269
140	140	0	0	2/4	1	1	1/2		1/2	1	1	-1	77		1269
140	140	3/16	3/16	2/4	1	2	1/16		1/16	1		-7	71		1270
140	140	1/4	1/4	2/4	1	2	1/16		1/16	1		-4	68		1271
140	140	5/16	5/16	2/4	1	2	1/16		1/16	1		-1	65		1272
140	140	3/8	3/8	2/4	1	2	1/16		1/16	1		-7	59		1273
140	140	7/16	7/16	2/4	1	2	1/16		1/16	1		-4	56		1274
141	141	0	0	2/4	2	1	1/8		1/8	1		2	38		1283
141	141	0	0	2/4	2	1	1/8		1/8	1		2	50		1283
141	141	0	0	2/4	1	1	1/4		1/4	1	-1	-1	65		1276
141	141	0	0	2/4	1	1	1/4		1/4	1	-1	-1	77		1276
141	141	3/16	3/16	2/4	1	2	1/16		1/16	1		5	71		1278
141	141	1/4	1/4	2/4	1	2	1/16		1/16	1		8	68		1279
141	141	5/16	5/16	2/4	1	2	1/16		1/16	1		-1	65		1280
141	141	3/8	3/8	2/4	1	2	1/16		1/16	1		5	59		1281
141	141	7/16	7/16	2/4	1	2	1/16		1/16	1		8	56		1282
141	141	7/16	7/16	2/4	1	1	1/16		1/16	1		4	64		1277
141	141	7/16	7/16	2/4	1	1	1/16		1/16	1		4	76		1277
142	142	0	0	2/4	2	1	1/8		1/8	1		9	39		1290
142	142	0	0	2/4	2	1	1/8		1/8	1		9	51		1290
142	142	0	0	2/4	1	1	1/2		1/2	1		4	64		1284
142	142	0	0	2/4	1	1	1/2		1/2	1		4	76		1284
142	142	3/16	3/16	2/4	1	2	1/16		1/16	1		5	71		1285
142	142	1/4	1/4	2/4	1	2	1/16		1/16	1		8	68		1286
142	142	5/16	5/16	2/4	1	2	1/16		1/16	1		4	64		1287
142	142	3/8	3/8	2/4	1	2	1/16		1/16	1		5	59		1288
142	142	7/16	7/16	2/4	1	2	1/16		1/16	1		8	56		1289
143	143	0	0	2/4	1	1	7/16		1/4	7/4		9	63		1291
143	143	0	0	2/4	1	1	7/16		1/4	7/4		9	75		1291
143	143	3/16	3/16	2/4	1	2	1/16		1/16	1		5	71		1293
143	143	1/4	1/4	2/4	1	2	1/16		1/16	1		8	68		1294
143	143	5/16	5/16	2/4	1	2	1/16		1/16	1		9	63		1295
143	143	3/8	3/8	2/4	1	2	1/16		1/16	1		5	59		1296
143	143	7/16	7/16	2/4	1	2	1/16		1/16	1		8	56		1297
143	143	7/16	7/16	2/4	1	1	1/16		1/16	1		8	68		1292
143	143	7/16	7/16	2/4	1	1	1/16		1/16	1		8	80		1292
144	144	0	0	2/4	2	1	1/8		1/8	1		9	39		1304
144	144	0	0	2/4	2	1	1/8		1/8	1		9	51		1304
144	144	0	0	2/4	1	1	1/2		1/2	1	1	8	68		1298
144	144	0	0	2/4	1	1	1/2		1/2	1	1	8	80		1298
144	144	3/16	3/16	2/4	1	2	1/16		1/16	1		7	73		1299
144	144	1/4	1/4	2/4	1	2	1/16		1/16	1		10	70		1300
144	144	5/16	5/16	2/4	1	2	1/16		1/16	1		8	68		1301
144	144	3/8	3/8	2/4	1	2	1/16		1/16	1		7	61		1302
144	144	7/16	7/16	2/4	1	2	1/16		1/16	1		10	58		1303
145	145	0	0	2/4	2	1	1/8		1/8	1		4	40		1312
145	145	0	0	2/4	2	1	1/8		1/8	1		4	52		1312
145	145	0	0	2/4	1	1	7/16		1/4	7/4	-1	8	68		1305
145	145	0	0	2/4	1	1	7/16		1/4	7/4	-1	8	80		1305
145	145	3/16	3/16	2/4	1	2	1/16		1/16	1		7	73		1307
145	145	1/4	1/4	2/4	1	2	1/16		1/16	1		10	70		1308
145	145	5/16	5/16	2/4	1	2	1/16		1/16	1		8	68		1309
145	145	3/8	3/8	2/4	1	2	1/16		1/16	1		7	61		1310
145	145	7/16	7/16	2/4	1	2	1/16		1/16	1		10	58		1311
145	145	7/16	7/16	2/4	1	1	1/16		1/16	1		1	67		1306
145	145	7/16	7/16	2/4	1	1	1/16		1/16	1		1	79		1306
146	146	0	0	2/4	2	1	1/8		1/8	1		-1	41		1320
146	146	0	0	2/4	2	1	1/8		1/8	1		-1	53		1320
146	146	0	0	2/4	1	1	7/16		1/4	7/4		-6	66		1313
146	146	0	0	2/4	1	1	7/16		1/4	7/4		-6	78		1313
146	146	3/16	3/16	2/4	1	2	1/16		1/16	1		-5	73		1315
146	146	1/4	1/4	2/4	1	2	1/16		1/16	1		-2	70		1316
146	146	5/16	5/16	2/4	1	2	1/16		1/16	1		-6	66		1317
146	146	3/8	3/8	2/4	1	2	1/16		1/16	1		-5	61		1318
146	146	7/16	7/16	2/4	1	2	1/16		1/16	1		-2	58		1319
146	146	7/16	7/16	2/4	1	1	1/16		1/16	1		-1	65		1314
146	146	7/16	7/16	2/4	1	1	1/16		1/16	1		-1	77		1314
147	147	0	0	2/4	2	1	1/8		1/8	1		-6	42		1328
147	147	0	0	2/4	2	1	1/8		1/8	1		-6	54		1328
147	147	0	0	2/4	1	1	7/16		1/4	7/4		-2	70		1321
147	147	0	0	2/4	1	1	7/16		1/4	7/4		-2	82		1321
147	147	3/16	3/16	2/4	1	2	1/16		1/16	1		-3	75		1323
147	147	1/4	1/4	2/4	1	2	1/16		1/16	1		0	72		1324
147	147	5/16	5/16	2/4	1	2	1/16		1/16	1		-2	70		1325
147	147	3/8	3/8	2/4	1	2	1/16		1/16	1		-3	63		1326
147	147	7/16	7/16	2/4	1	2	1/16		1/16	1		0	60		1327
147	147	7/16	7/16	2/4	1	1	1/16		1/16	1		3	69		1322
147	147	7/16	7/16	2/4	1	1	1/16		1/16	1		3	81		1322
148	148	0	0	2/4	2	1	1/8		1/8	1		1	43		1336
148	148	0	0	2/4	2	1	1/8		1/8	1		1	55		1336
148	148	0	0	2/4	1	1	7/16		1/4	7/4		0	72		1329
148	148	0	0	2/4	1	1	7/16		1/4	7/4		0	84		1329
148	148	3/16	3/16	2/4	1	2	1/16		1/16	1		1	79		1331
148	148	1/4	1/4	2/4	1	2	1/16		1/16	1		-3	75		1332
148	148	5/16	5/16	2/4	1	2	1/16		1/16	1		0	72		1333
148	148	3/8	3/8	2/4	1	2	1/16		1/16	1		1	67		1334
148	148	7/16	7/16	2/4	1	2	1/16		1/16	1		-3	63		1335
148	148	7/16	7/16	2/4	1	1	1/16		1/16	1		5	71		1330
148	148	7/16	7/16	2/4	1	1	1/16		1/16	1		5	83		1330
149	149	0	0	2/4	2	1	1/8		1/8	1		-4	44		1344
149	149	0	0	2/4	2	1	1/8		1/8	1		-4	56		1344
149	149	0	0	2/4	1	1	7/16		1/4	7/4		2	74		1337
149	149	0	0	2/4	1	1	7/16		1/4	7/4		2	86		1337
149	149	3/16	3/16	2/4	1	2	1/16		1/16	1		6	78		1339
149	149	1/4	1/4	2/4	1	2	1/16		1/16	1		-3	75		1340
149	149	5/16	5/16	2/4	1	2	1/16		1/16	1		2	74		1341
149	149	3/8	3/8	2/4	1	2	1/16		1/16	1		6	66		1342
149	149	7/16	7/16	2/4	1	2	1/16		1/16	1		-3	63		1343
149	149	7/16	7/16	2/4	1	1	1/16		1/16	1		0	72		1338
149	149	7/16	7/16	2/4	1	1	1/16		1/16	1		0	84		1338
150	150	0	0	2/4	2	1	1/8		1/8	1		3	45		1353
150	150	0	0	2/4	2	1	1/8		1/8	1		3	57		1353
150	150	0	0	2/4	1	1	1/4		1/4	1		4	76		1345
150	150	0	0	2/4	1	1	1/4		1/4	1		4	88		1345
150	150	1/8	1/8	2/4	1	2	1/16		1/16	1		0	84		1347
150	150	3/16	3/16	2/4	1	2	1/16		1/16	1		6	78		1348
150	150	1/4	1/4	2/4	1	2	1/16		1/16	1		12	72		1349
150	150	1/4	1/4	2/4	1	1	1/4		1/4	1		9	75		1346
150	150	1/4	1/4	2/4	1	1	1/4		1/4	1		9	87		1346
150	150	5/16	5/16	2/4	1	2	1/16		1/16	1		6	66		1350
150	150	3/8	3/8	2/4	1	2	1/16		1/16	1		9	63		1351
150	150	7/16	7/16	2/4	1	2	1/16		1/16	1		12	60		1352
151	151	0	0	2/4	2	1	1/8		1/8	1		12	36		1362
151	151	0	0	2/4	2	1	1/8		1/8	1		12	48		1362
151	151	0	0	2/4	1	1	1/4		1/4	1		3	81		1354
151	151	0	0	2/4	1	1	1/4		1/4	1		3	93		1354
151	151	1/8	1/8	2/4	1	2	1/16		1/16	1		9	87		1356
151	151	3/16	3/16	2/4	1	2	1/16		1/16	1		12	84		1357
151	151	1/4	1/4	2/4	1	2	1/16		1/16	1		9	75		1358
151	151	1/4	1/4	2/4	1	1	1/4		1/4	1		8	80		1355
151	151	1/4	1/4	2/4	1	1	1/4		1/4	1		8	92		1355
151	151	5/16	5/16	2/4	1	2	1/16		1/16	1		8	68		1359
151	151	3/8	3/8	2/4	1	2	1/16		1/16	1		6	66		1360
151	151	7/16	7/16	2/4	1	2	1/16		1/16	1		9	63		1361
152	152	0	0	2/4	2	1	1/8		1/8	1		7	37		1371
152	152	0	0	2/4	2	1	1/8		1/8	1		7	49		1371
152	152	0	0	2/4	1	1	1/4		1/4	1		6	78		1363
152	152	0	0	2/4	1	1	1/4		1/4	1		6	90		1363
152	152	1/8	1/8	2/4	1	2	1/16		1/16	1		7	85		1365
152	152	3/16	3/16	2/4	1	2	1/16		1/16	1		8	80		1366
152	152	1/4	1/4	2/4	1	2	1/16		1/16	1		7	73		1367
152	152	1/4	1/4	2/4	1	1	1/4		1/4	1		4	76		1364
152	152	1/4	1/4	2/4	1	1	1/4		1/4	1		4	88		1364
152	152	5/16	5/16	2/4	1	2	1/16		1/16	1		8	68		1368
152	152	3/8	3/8	2/4	1	2	1/16		1/16	1		4	64		1369
152	152	7/16	7/16	2/4	1	2	1/16		1/16	1		7	61		1370
153	153	0	0	2/4	2	1	1/8		1/8	1		4	40		1380
153	153	0	0	2/4	2	1	1/8		1/8	1		4	52		1380
153	153	0	0	2/4	1	1	1/4		1/4	1		9	75		1372
153	153	0	0	2/4	1	1	1/4		1/4	1		9	87		1372
153	153	1/8	1/8	2/4	1	2	1/16		1/16	1		8	80		1374
153	153	3/16	3/16	2/4	1	2	1/16		1/16	1		4	76		1375
153	153	1/4	1/4	2/4	1	2	1/16		1/16	1		8	68		1376
153	153	1/4	1/4	2/4	1	1	1/4		1/4	1	1	7	73		1373
153	153	1/4	1/4	2/4	1	1	1/4		1/4	1	1	7	85		1373
153	153	5/16	5/16	2/4	1	2	1/16		1/16	1		4	64		1377
153	153	3/8	3/8	2/4	1	2	1/16		1/16	1		7	61		1378
153	153	7/16	7/16	2/4	1	2	1/16		1/16	1		8	56		1379
154	154	0	0	2/4	2	1	1/8		1/8	1		11	41		1404
154	154	0	0	2/4	2	1	1/8		1/8	1		11	53		1404
154	154	0	0	2/4	1	1	1/16		1/16	1	-1	7	73		1381
154	154	0	0	2/4	1	1	1/16		1/16	1	-1	7	85		1381
154	154	1/16	1/16	2/4	1	1	1/16		1/16	1		5	71		1382
154	154	1/16	1/16	2/4	1	1	1/16		1/16	1		5	83		1382
154	154	1/8	1/8	2/4	1	1	1/16		1/16	1		7	73		1383
154	154	1/8	1/8	2/4	1	1	1/16		1/16	1		7	85		1383
154	154	3/16	3/16	2/4	1	1	1/16		1/16	1		5	71		1384
154	154	3/16	3/16	2/4	1	1	1/16		1/16	1		5	83		1384
154	154	1/4	1/4	2/4	2	1	1/8		1/8	1		11	53		1405
154	154	1/4	1/4	2/4	2	1	1/8		1/8	1		5	59		1405
154	154	1/4	1/4	2/4	2	1	1/8		1/8	1		2	62		1405
154	154	1/4	1/4	2/4	2	1	1/8		1/8	1		8	68		1405
154	154	1/4	1/4	2/4	1	1	1/16		1/16	1		10	70		1385
154	154	1/4	1/4	2/4	1	1	1/16		1/16	1		10	82		1385
154	154	5/16	5/16	2/4	1	1	1/16		1/16	1		5	71		1386
154	154	5/16	5/16	2/4	1	1	1/16		1/16	1		5	83		1386
154	154	3/8	3/8	2/4	1	1	1/16		1/16	1		12	72		1387
154	154	3/8	3/8	2/4	1	1	1/16		1/16	1		12	84		1387
154	154	7/16	7/16	2/4	1	1	1/16		1/16	1		7	73		1388
154	154	7/16	7/16	2/4	1	1	1/16		1/16	1		7	85		1388
154	154	1/2	1/2	2/4	1	1	1/16		1/16	1		4	76		1389
154	154	1/2	1/2	2/4	1	1	1/16		1/16	1		4	88		1389
154	154	9/16	9/16	2/4	1	1	1/16		1/16	1		2	74		1390
154	154	9/16	9/16	2/4	1	1	1/16		1/16	1		2	86		1390
154	154	5/8	5/8	2/4	1	1	1/16		1/16	1		8	68		1391
154	154	5/8	5/8	2/4	1	1	1/16		1/16	1		8	80		1391
154	154	11/16	11/16	2/4	1	1	1/16		1/16	1		3	69		1392
154	154	11/16	11/16	2/4	1	1	1/16		1/16	1		3	81		1392
154	154	3/4	3/4	2/4	1	1	1/16		1/16	1		10	70		1393
154	154	3/4	3/4	2/4	1	1	1/16		1/16	1		10	82		1393
154	154	13/16	13/16	2/4	1	1	1/16		1/16	1		7	73		1394
154	154	13/16	13/16	2/4	1	1	1/16		1/16	1		7	85		1394
154	154	7/8	7/8	2/4	1	1	1/16		1/16	1		5	71		1395
154	154	7/8	7/8	2/4	1	1	1/16		1/16	1		5	83		1395
154	154	15/16	15/16	2/4	1	1	1/16		1/16	1		2	62		1396
154	154	15/16	15/16	2/4	1	1	1/16		1/16	1		2	74		1396
154	154	1	1	2/4	1	1	1/16		1/16	1		9	63		1397
154	154	1	1	2/4	1	1	1/16		1/16	1		9	75		1397
154	154	17/16	17/16	2/4	1	1	1/16		1/16	1		4	64		1398
154	154	17/16	17/16	2/4	1	1	1/16		1/16	1		4	76		1398
154	154	9/8	9/8	2/4	1	1	1/16		1/16	1		11	65		1399
154	154	9/8	9/8	2/4	1	1	1/16		1/16	1		11	77		1399
154	154	19/16	19/16	2/4	1	1	1/16		1/16	1		10	70		1400
154	154	19/16	19/16	2/4	1	1	1/16		1/16	1		10	82		1400
154	154	5/4	5/4	2/4	1	1	1/16		1/16	1		3	69		1401
154	154	5/4	5/4	2/4	1	1	1/16		1/16	1		3	81		1401
154	154	21/16	21/16	2/4	1	1	1/16		1/16	1		8	68		1402
154	154	21/16	21/16	2/4	1	1	1/16		1/16	1		8	80		1402
154	154	11/8	11/8	2/4	1	1	1/16		1/16	1		1	67		1403
154	154	11/8	11/8	2/4	1	1	1/16		1/16	1		1	79		1403
155	155	0	0	2/4	1	1	1/2		1/2	1		6	66		1406
155	155	0	0	2/4	1	1	1/2		1/2	1		6	78		1406
155	155	1/16	1/16	2/4	2	1	1/16		1/16	1		6	42		1407
155	155	1/8	1/8	2/4	2	1	1/16		1/16	1		9	51		1408
155	155	3/16	3/16	2/4	2	1	1/16		1/16	1		6	54		1409
155	155	1/4	1/4	2/4	2	1	1/16		1/16	1		5	59		1410
155	155	5/16	5/16	2/4	2	1	1/16		1/16	1		9	63		1411
155	155	3/8	3/8	2/4	2	1	1/16		1/16	1		6	66		1412
155	155	7/16	7/16	2/4	2	1	1/16		1/16	1		5	71		1413
156	156	0	0	2/4	1	1	15/32		1/4	15/8		1	67		1414
156	156	0	0	2/4	1	1	15/32		1/4	15/8		1	79		1414
156	156	1/16	1/16	2/4	2	1	1/16		1/16	1		6	42		1416
156	156	1/8	1/8	2/4	2	1	1/16		1/16	1		2	50		1417
156	156	3/16	3/16	2/4	2	1	1/16		1/16	1		11	53		1418
156	156	1/4	1/4	2/4	2	1	1/16		1/16	1		5	59		1419
156	156	5/16	5/16	2/4	2	1	1/16		1/16	1		2	62		1420
156	156	3/8	3/8	2/4	2	1	1/16		1/16	1		11	65		1421
156	156	7/16	7/16	2/4	2	1	1/16		1/16	1		5	71		1422
156	156	15/32	15/32	2/4	1	1	1/32		1/32	1		8	68		1415
156	156	15/32	15/32	2/4	1	1	1/32		1/32	1		8	80		1415
157	157	0	0	2/4	1	1	1/2		1/2	1		8	68		1423
157	157	0	0	2/4	1	1	1/2		1/2	1		8	80		1423
157	157	1/16	1/16	2/4	2	1	1/16		1/16	1		6	42		1424
157	157	1/8	1/8	2/4	2	1	1/16		1/16	1		7	49		1425
157	157	3/16	3/16	2/4	2	1	1/16		1/16	1		4	52		1426
157	157	1/4	1/4	2/4	2	1	1/16		1/16	1		5	59		1427
157	157	5/16	5/16	2/4	2	1	1/16		1/16	1		7	61		1428
157	157	3/8	3/8	2/4	2	1	1/16		1/16	1		4	64		1429
157	157	7/16	7/16	2/4	2	1	1/16		1/16	1		8	68		1430
157	157	1/2	1/2	2/4	2	1	1/16		1/16	1		5	71		1431
157	157	9/16	9/16	2/4	2	1	1/16		1/16	1		7	73		1432
157	157	5/8	5/8	2/4	2	1	1/16		1/16	1		4	76		1433
157	157	11/16	11/16	2/4	2	1	1/16		1/16	1		8	80		1434
157	157	3/4	3/4	2/4	2	1	1/16		1/16	1		5	83		1435
157	157	13/16	13/16	2/4	2	1	1/16		1/16	1		7	85		1436
157	157	7/8	7/8	2/4	2	1	1/16		1/16	1		8	92		1437
157	157	15/16	15/16	2/4	2	1	1/16		1/16	1		4	88		1438
157	157	1	1	2/4	2	1	1/16		1/16	1		7	85		1439
157	157	17/16	17/16	2/4	2	1	1/16		1/16	1		5	83		1440
157	157	9/8	9/8	2/4	2	1	1/16		1/16	1		8	80		1441
157	157	19/16	19/16	2/4	2	1	1/16		1/16	1		4	76		1442
157	157	5/4	5/4	2/4	2	1	1/12		1/8	2/3		7	73		1443
157	157	4/3	4/3	2/4	2	1	1/12		1/8	2/3		5	71		1444
157	157	17/12	17/12	2/4	2	1	1/12		1/8	2/3		8	68		1445
157	157	3/2	3/2	2/4	2	1	1/12		1/8	2/3		4	64		1446
157	157	19/12	19/12	2/4	2	1	1/12		1/8	2/3		7	61		1447
157	157	5/3	5/3	2/4	2	1	1/12		1/8	2/3		5	59		1448
157	157	7/4	7/4	2/4	2	1	1/12		1/8	2/3		8	56		1449
157	157	11/6	11/6	2/4	2	1	1/12		1/8	2/3		4	52		1450
157	157	23/12	23/12	2/4	2	1	1/12		1/8	2/3		7	49		1451
158	158	0	0	2/4	2	1	1/8		1/8	1		6	42		1454
158	158	1/8	1/8	2/4	2	1	1/4		1/4	1		6	54		1455
158	158	1/8	1/8	2/4	2	1	1/4		1/4	1		10	58		1455
158	158	1/8	1/8	2/4	2	1	1/4		1/4	1		4	64		1455
158	158	1/8	1/8	2/4	1	1	1/4		1/4	1		8	68		1452
158	158	1/8	1/8	2/4	1	1	1/4		1/4	1		7	73		1452
158	158	1/8	1/8	2/4	1	1	1/4		1/4	1		8	80		1452
158	158	3/8	3/8	2/4	2	1	1/8		1/8	1		6	54		1456
158	158	3/8	3/8	2/4	2	1	1/8		1/8	1		10	58		1456
158	158	3/8	3/8	2/4	2	1	1/8		1/8	1		4	64		1456
158	158	3/8	3/8	2/4	1	1	1/8		1/8	1		6	66		1453
158	158	3/8	3/8	2/4	1	1	1/8		1/8	1		7	73		1453
158	158	3/8	3/8	2/4	1	1	1/8		1/8	1		6	78		1453
159	159	0	0	2/4	1	1	1/2		1/2	1		6	66		1457
159	159	0	0	2/4	1	1	1/2		1/2	1		6	78		1457
159	159	1/16	1/16	2/4	2	1	1/16		1/16	1		6	42		1458
159	159	1/8	1/8	2/4	2	1	1/16		1/16	1		9	51		1459
159	159	3/16	3/16	2/4	2	1	1/16		1/16	1		6	54		1460
159	159	1/4	1/4	2/4	2	1	1/16		1/16	1		5	59		1461
159	159	5/16	5/16	2/4	2	1	1/16		1/16	1		9	63		1462
159	159	3/8	3/8	2/4	2	1	1/16		1/16	1		6	66		1463
159	159	7/16	7/16	2/4	2	1	1/16		1/16	1		5	71		1464
160	160	0	0	2/4	1	1	15/32		1/4	15/8		1	67		1465
160	160	0	0	2/4	1	1	15/32		1/4	15/8		1	79		1465
160	160	1/16	1/16	2/4	2	1	1/16		1/16	1		6	42		1467
160	160	1/8	1/8	2/4	2	1	1/16		1/16	1		2	50		1468
160	160	3/16	3/16	2/4	2	1	1/16		1/16	1		11	53		1469
160	160	1/4	1/4	2/4	2	1	1/16		1/16	1		5	59		1470
160	160	5/16	5/16	2/4	2	1	1/16		1/16	1		2	62		1471
160	160	3/8	3/8	2/4	2	1	1/16		1/16	1		11	65		1472
160	160	7/16	7/16	2/4	2	1	1/16		1/16	1		5	71		1473
160	160	15/32	15/32	2/4	1	1	1/32		1/32	1		8	68		1466
160	160	15/32	15/32	2/4	1	1	1/32		1/32	1		8	80		1466
161	161	0	0	2/4	1	1	1/2		1/2	1		8	68		1474
161	161	0	0	2/4	1	1	1/2		1/2	1		8	80		1474
161	161	1/16	1/16	2/4	2	1	1/16		1/16	1		6	42		1475
161	161	1/8	1/8	2/4	2	1	1/16		1/16	1		7	49		1476
161	161	3/16	3/16	2/4	2	1	1/16		1/16	1		4	52		1477
161	161	1/4	1/4	2/4	2	1	1/16		1/16	1		5	59		1478
161	161	5/16	5/16	2/4	2	1	1/16		1/16	1		7	61		1479
161	161	3/8	3/8	2/4	2	1	1/16		1/16	1		4	64		1480
161	161	7/16	7/16	2/4	2	1	1/16		1/16	1		8	68		1481
161	161	1/2	1/2	2/4	2	1	1/16		1/16	1		5	71		1482
161	161	9/16	9/16	2/4	2	1	1/16		1/16	1		7	73		1483
161	161	5/8	5/8	2/4	2	1	1/16		1/16	1		4	76		1484
161	161	11/16	11/16	2/4	2	1	1/16		1/16	1		8	80		1485
161	161	3/4	3/4	2/4	2	1	1/16		1/16	1		5	71		1486
161	161	13/16	13/16	2/4	2	1	1/16		1/16	1		7	73		1487
161	161	7/8	7/8	2/4	2	1	1/16		1/16	1		4	76		1488
161	161	15/16	15/16	2/4	2	1	1/16		1/16	1		8	80		1489
161	161	1	1	2/4	2	1	1/16		1/16	1		5	83		1490
161	161	17/16	17/16	2/4	2	1	1/16		1/16	1		7	85		1491
161	161	9/8	9/8	2/4	2	1	1/16		1/16	1		8	92		1492
161	161	19/16	19/16	2/4	2	1	1/16		1/16	1		4	88		1493
161	161	5/4	5/4	2/4	2	1	1/16		1/16	1		7	85		1494
161	161	21/16	21/16	2/4	2	1	1/16		1/16	1		5	83		1495
161	161	11/8	11/8	2/4	2	1	1/16		1/16	1		8	80		1496
161	161	23/16	23/16	2/4	2	1	1/16		1/16	1		4	76		1497
161	161	3/2	3/2	2/4	2	1	1/16		1/16	1		7	85		1498
161	161	25/16	25/16	2/4	2	1	1/16		1/16	1		5	83		1499
161	161	13/8	13/8	2/4	2	1	1/16		1/16	1		8	80		1500
161	161	27/16	27/16	2/4	2	1	1/16		1/16	1		4	76		1501
161	161	7/4	7/4	2/4	2	1	1/12		1/8	2/3		7	73		1502
161	161	11/6	11/6	2/4	2	1	1/12		1/8	2/3		5	71		1503
161	161	23/12	23/12	2/4	2	1	1/12		1/8	2/3		8	68		1504
161	161	2	2	2/4	2	1	1/12		1/8	2/3		4	64		1505
161	161	25/12	25/12	2/4	2	1	1/12		1/8	2/3		7	61		1506
161	161	13/6	13/6	2/4	2	1	1/12		1/8	2/3		5	59		1507
161	161	9/4	9/4	2/4	2	1	1/12		1/8	2/3		8	56		1508
161	161	7/3	7/3	2/4	2	1	1/12		1/8	2/3		4	52		1509
161	161	29/12	29/12	2/4	2	1	1/12		1/8	2/3		7	49		1510
162	162	0	0	2/4	2	1	1/2		1/2	1		6	42		1511
163	163	0	0	2/4	2	1	3/8		1/4	3/2		7	61		1516
163	163	0	0	2/4	2	1	3/8		1/4	3/2		4	64		1516
163	163	0	0	2/4	1	2	3/8		1/4	3/2		10	70		1515
163	163	0	0	2/4	1	1	1/8		1/8	1		8	80		1512
163	163	1/8	1/8	2/4	1	1	1/8		1/8	1		4	76		1513
163	163	1/4	1/4	2/4	1	1	1/8		1/8	1		7	73		1514
164	164	0	0	2/4	2	1	1/2		1/2	1		6	42		1517
165	165	0	0	2/4	2	1	3/8		1/4	3/2		9	63		1522
165	165	0	0	2/4	2	1	3/8		1/4	3/2		6	66		1522
165	165	0	0	2/4	2	1	3/8		1/4	3/2		5	71		1522
165	165	0	0	2/4	1	2	3/8		1/4	3/2		9	75		1521
165	165	0	0	2/4	1	1	1/8		1/8	1		6	90		1518
165	165	1/8	1/8	2/4	1	1	1/8		1/8	1		9	87		1519
165	165	1/4	1/4	2/4	1	1	1/8		1/8	1		5	83		1520
166	166	0	0	2/4	2	1	1/2		1/2	1		6	42		1523
167	167	0	0	2/4	2	1	3/8		1/4	3/2		7	61		1528
167	167	0	0	2/4	2	1	3/8		1/4	3/2		4	64		1528
167	167	0	0	2/4	1	2	3/8		1/4	3/2		10	70		1527
167	167	0	0	2/4	1	1	1/8		1/8	1		8	80		1524
167	167	1/8	1/8	2/4	1	1	1/8		1/8	1		4	76		1525
167	167	1/4	1/4	2/4	1	1	1/8		1/8	1		7	73		1526
168	168	0	0	2/4	2	1	1/2		1/2	1		5	35		1529
169	169	0	0	2/4	2	1	3/8		1/4	3/2		5	59		1534
169	169	0	0	2/4	2	1	3/8		1/4	3/2		6	66		1534
169	169	0	0	2/4	2	1	3/8		1/4	3/2		3	69		1534
169	169	0	0	2/4	1	2	3/8		1/4	3/2		9	75		1533
169	169	0	0	2/4	1	1	1/8		1/8	1		6	90		1530
169	169	1/8	1/8	2/4	1	1	1/8		1/8	1		9	87		1531
169	169	1/4	1/4	2/4	1	1	1/8		1/8	1		5	83		1532
170	170	0	0	2/4	2	1	1/2		1/2	1		5	35		1535
171	171	0	0	2/4	2	1	3/8		1/4	3/2		5	59		1540
171	171	0	0	2/4	1	2	3/8		1/4	3/2		1	67		1539
171	171	0	0	2/4	2	1	3/8		1/4	3/2		1	67		1540
171	171	0	0	2/4	2	1	3/8		1/4	3/2		2	74		1540
171	171	0	0	2/4	1	1	1/8		1/8	1		1	79		1536
171	171	1/8	1/8	2/4	1	1	1/8		1/8	1		2	74		1537
171	171	1/4	1/4	2/4	1	1	1/8		1/8	1		5	71		1538
172	172	0	0	2/4	2	1	1/2		1/2	1		4	28		1541
173	173	0	0	2/4	2	1	1/2		1/2	1		5	59		1546
173	173	0	0	2/4	2	1	1/2		1/2	1		4	64		1546
173	173	0	0	2/4	1	2	1/2		1/2	1		8	68		1545
173	173	0	0	2/4	2	1	1/2		1/2	1		8	68		1546
173	173	0	0	2/4	2	1	1/2		1/2	1		7	73		1546
173	173	0	0	2/4	1	1	1/8		1/8	1		8	80		1542
173	173	1/8	1/8	2/4	1	1	1/8		1/8	1		4	76		1543
173	173	1/4	1/4	2/4	1	1	1/8		1/8	1		7	73		1544
174	174	0	0	2/4	2	1	1/2		1/2	1		4	28		1547
175	175	0	0	2/4	2	1	1/2		1/2	1		5	59		1552
175	175	0	0	2/4	2	1	1/2		1/2	1		4	64		1552
175	175	0	0	2/4	1	2	1/2		1/2	1		8	68		1551
175	175	0	0	2/4	2	1	1/2		1/2	1		8	68		1552
175	175	0	0	2/4	2	1	1/2		1/2	1		7	73		1552
175	175	0	0	2/4	1	1	1/8		1/8	1		8	80		1548
175	175	1/8	1/8	2/4	1	1	1/8		1/8	1		4	76		1549
175	175	1/4	1/4	2/4	1	1	1/8		1/8	1		7	73		1550
176	176	0	0	2/4	2	1	1/2		1/2	1		5	59		1557
176	176	0	0	2/4	2	1	1/2		1/2	1		4	64		1557
176	176	0	0	2/4	1	2	1/2		1/2	1		8	68		1556
176	176	0	0	2/4	2	1	1/2		1/2	1		8	68		1557
176	176	0	0	2/4	2	1	1/2		1/2	1		7	73		1557
176	176	0	0	2/4	1	1	1/8		1/8	1		8	80		1553
176	176	1/8	1/8	2/4	1	1	1/8		1/8	1		4	76		1554
176	176	1/4	1/4	2/4	1	1	1/8		1/8	1		7	73		1555
177	177	0	0	2/4	2	1	1/2		1/2	1		5	59		1562
177	177	0	0	2/4	2	1	1/2		1/2	1		4	64		1562
177	177	0	0	2/4	1	2	1/2		1/2	1		8	68		1561
177	177	0	0	2/4	2	1	1/2		1/2	1		8	68		1562
177	177	0	0	2/4	2	1	1/2		1/2	1		7	73		1562
177	177	0	0	2/4	1	1	1/8		1/8	1		8	80		1558
177	177	1/8	1/8	2/4	1	1	1/8		1/8	1		4	76		1559
177	177	1/4	1/4	2/4	1	1	1/8		1/8	1		7	73		1560
179	179	1/4	1/4	2/4	2	1	1/4		1/4	1		4	40		1564
179	179	1/4	1/4	2/4	2	1	1/4		1/4	1		5	47		1564
179	179	1/4	1/4	2/4	1	1	1/4		1/4	1		8	56		1563
179	179	1/4	1/4	2/4	1	1	1/4		1/4	1		7	61		1563
179	179	1/4	1/4	2/4	1	1	1/4		1/4	1		8	68		1563
180	180	0	0	2/4	2	1	1/2		1/2	1		6	42		1566
180	180	0	0	2/4	2	1	1/2		1/2	1		5	47		1566
180	180	0	0	2/4	1	1	1/2		1/2	1		6	54		1565
180	180	0	0	2/4	1	1	1/2		1/2	1		9	63		1565
180	180	0	0	2/4	1	1	1/2		1/2	1		6	66		1565
181	181	0	0	2/4	2	2	1/2		1/2	1		6	42		1572
181	181	0	0	2/4	2	1	1/8		1/8	1		9	51		1568
181	181	0	0	2/4	1	1	1/2		1/2	1		6	54		1567
181	181	0	0	2/4	1	1	1/2		1/2	1		10	58		1567
181	181	0	0	2/4	1	1	1/2		1/2	1		4	64		1567
181	181	0	0	2/4	1	1	1/2		1/2	1		6	66		1567
181	181	1/8	1/8	2/4	2	1	1/4		1/4	1	1	7	49		1569
181	181	3/8	3/8	2/4	2	1	1/16		1/16	1	-1	7	49		1570
181	181	7/16	7/16	2/4	2	1	1/16		1/16	1		5	47		1571
182	182	0	0	2/4	2	1	1/2		1/2	1		5	35		1574
182	182	0	0	2/4	2	1	1/2		1/2	1		5	47		1574
182	182	0	0	2/4	1	1	1/2		1/2	1	1	6	54		1573
182	182	0	0	2/4	1	1	1/2		1/2	1	1	5	59		1573
182	182	0	0	2/4	1	1	1/2		1/2	1	1	9	63		1573
182	182	0	0	2/4	1	1	1/2		1/2	1	1	6	66		1573
183	183	0	0	2/4	2	1	1/8		1/8	1		6	42		1576
183	183	0	0	2/4	1	1	1/2		1/2	1	-1	6	54		1575
183	183	0	0	2/4	1	1	1/2		1/2	1	-1	5	59		1575
183	183	0	0	2/4	1	1	1/2		1/2	1	-1	9	63		1575
183	183	0	0	2/4	1	1	1/2		1/2	1	-1	6	66		1575
183	183	1/8	1/8	2/4	2	1	1/8		1/8	1		5	35		1577
183	183	1/4	1/4	2/4	2	1	1/8		1/8	1		6	30		1578
184	184	0	0	2/4	2	1	1/2		1/2	1		5	35		1580
184	184	0	0	2/4	2	1	1/2		1/2	1		5	47		1580
184	184	0	0	2/4	1	1	1/2		1/2	1	1	6	54		1579
184	184	0	0	2/4	1	1	1/2		1/2	1	1	5	59		1579
184	184	0	0	2/4	1	1	1/2		1/2	1	1	9	63		1579
184	184	0	0	2/4	1	1	1/2		1/2	1	1	6	66		1579
185	185	0	0	2/4	2	1	1/8		1/8	1		6	42		1582
185	185	0	0	2/4	1	1	1/2		1/2	1	-1	6	54		1581
185	185	0	0	2/4	1	1	1/2		1/2	1	-1	5	59		1581
185	185	0	0	2/4	1	1	1/2		1/2	1	-1	9	63		1581
185	185	0	0	2/4	1	1	1/2		1/2	1	-1	6	66		1581
185	185	1/8	1/8	2/4	2	1	1/8		1/8	1		5	35		1583
185	185	1/4	1/4	2/4	2	1	1/8		1/8	1		6	30		1584
186	186	0	0	2/4	2	1	1/4		1/4	1		5	35		1587
186	186	0	0	2/4	2	1	1/4		1/4	1		5	47		1587
186	186	0	0	2/4	1	1	1/4		1/4	1		6	54		1585
186	186	0	0	2/4	1	1	1/4		1/4	1		5	59		1585
186	186	0	0	2/4	1	1	1/4		1/4	1		9	63		1585
186	186	0	0	2/4	1	1	1/4		1/4	1		6	66		1585
186	186	1/4	1/4	2/4	2	1	1/4		1/4	1	1	5	35		1588
186	186	1/4	1/4	2/4	2	1	1/4		1/4	1	1	6	42		1588
186	186	1/4	1/4	2/4	2	1	1/4		1/4	1	1	5	47		1588
186	186	1/4	1/4	2/4	1	1	1/4		1/4	1	1	6	54		1586
186	186	1/4	1/4	2/4	1	1	1/4		1/4	1	1	5	59		1586
186	186	1/4	1/4	2/4	1	1	1/4		1/4	1	1	9	63		1586
186	186	1/4	1/4	2/4	1	1	1/4		1/4	1	1	6	66		1586
187	187	0	0	2/4	2	1	1/4		1/4	1	-1	5	35		1591
187	187	0	0	2/4	2	1	1/4		1/4	1	-1	6	42		1591
187	187	0	0	2/4	2	1	1/4		1/4	1	-1	5	47		1591
187	187	0	0	2/4	1	1	1/4		1/4	1	-1	6	54		1589
187	187	0	0	2/4	1	1	1/4		1/4	1	-1	5	59		1589
187	187	0	0	2/4	1	1	1/4		1/4	1	-1	9	63		1589
187	187	0	0	2/4	1	1	1/4		1/4	1	-1	6	66		1589
187	187	1/4	1/4	2/4	2	1	1/4		1/4	1		5	35		1592
187	187	1/4	1/4	2/4	2	1	1/4		1/4	1		6	42		1592
187	187	1/4	1/4	2/4	2	1	1/4		1/4	1		5	47		1592
187	187	1/4	1/4	2/4	1	1	1/4		1/4	1		6	54		1590
187	187	1/4	1/4	2/4	1	1	1/4		1/4	1		5	59		1590
187	187	1/4	1/4	2/4	1	1	1/4		1/4	1		9	63		1590
187	187	1/4	1/4	2/4	1	1	1/4		1/4	1		6	66		1590
188	188	0	0	2/4	2	1	1/2		1/2	1		5	35		1594
188	188	0	0	2/4	2	1	1/2		1/2	1		6	42		1594
188	188	0	0	2/4	2	1	1/2		1/2	1		5	47		1594
188	188	0	0	2/4	1	1	1/2		1/2	1		6	54		1593
188	188	0	0	2/4	1	1	1/2		1/2	1		5	59		1593
188	188	0	0	2/4	1	1	1/2		1/2	1		9	63		1593
