mc	mn	mc_onset	mn_onset	timesig	staff	voice	duration	gracenote	nominal_duration	scalar	tied	tpc	midi	chord_id
1	1	0	0	4/4	2	1	1/4		1/4	1		3	57	0
1	1	1/4	1/4	4/4	2	1	1/8		1/8	1		4	52	1
1	1	7/16	7/16	4/4	2	1	1/16		1/16	1		8	56	2
1	1	1/2	1/2	4/4	2	1	1/4		1/4	1		3	57	3
1	1	3/4	3/4	4/4	2	1	1/8		1/8	1		4	52	4
1	1	15/16	15/16	4/4	2	1	1/16		1/16	1		8	56	5
2	2	0	0	4/4	2	1	1/4		1/4	1		3	57	6
2	2	1/4	1/4	4/4	2	1	1/8		1/8	1		5	59	7
2	2	7/16	7/16	4/4	2	1	1/16		1/16	1		3	57	8
2	2	1/2	1/2	4/4	2	1	1/8		1/8	1		8	56	9
2	2	11/16	11/16	4/4	2	1	1/16		1/16	1		6	54	10
2	2	3/4	3/4	4/4	2	1	1/4		1/4	1		4	52	11
3	3	0	0	4/4	2	2	1/4		1/4	1		7	49	23
3	3	0	0	4/4	2	2	1/4		1/4	1		4	52	23
3	3	0	0	4/4	2	1	1/4		1/4	1		3	57	12
3	3	1/4	1/4	4/4	2	1	0	grace16	1/16	1		5	59	13
3	3	1/4	1/4	4/4	2	1	0	grace16	1/16	1		3	57	14
3	3	1/4	1/4	4/4	2	1	0	grace16	1/16	1		8	56	15
3	3	1/4	1/4	4/4	2	1	0	grace16	1/16	1		3	57	16
3	3	1/4	1/4	4/4	2	2	1/2		1/2	1		2	50	24
3	3	1/4	1/4	4/4	2	2	1/2		1/2	1		6	54	24
3	3	1/4	1/4	4/4	2	1	3/16		1/8	3/2		5	59	17
3	3	7/16	7/16	4/4	2	1	1/16		1/16	1		7	61	18
3	3	1/2	1/2	4/4	2	1	3/16		1/8	3/2		5	59	19
3	3	11/16	11/16	4/4	2	1	1/16		1/16	1		3	57	20
3	3	3/4	3/4	4/4	2	2	1/8		1/8	1		4	52	25
3	3	3/4	3/4	4/4	2	1	1/8		1/8	1		8	56	21
3	3	15/16	15/16	4/4	2	2	1/16		1/16	1		3	45	26
3	3	15/16	15/16	4/4	2	2	1/16		1/16	1		4	52	26
3	3	15/16	15/16	4/4	2	1	1/16		1/16	1		6	54	22
4	4	0	0	4/4	2	2	1/8		1/8	1		5	47	32
4	4	0	0	4/4	2	2	1/8		1/8	1		4	52	32
4	4	0	0	4/4	2	1	1/4		1/4	1		8	56	27
4	4	1/4	1/4	4/4	2	2	1/8		1/8	1		12	48	33
4	4	1/4	1/4	4/4	2	2	1/8		1/8	1		2	50	33
4	4	1/4	1/4	4/4	2	1	1/16		1/16	1		8	56	28
4	4	5/16	5/16	4/4	2	1	1/8		1/8	1		6	54	29
4	4	7/16	7/16	4/4	2	1	1/16		1/16	1		4	52	30
4	4	1/2	1/2	4/4	2	2	1/4		1/4	1		4	52	34
4	4	1/2	1/2	4/4	2	1	1/2		1/2	1		4	52	31
4	4	3/4	3/4	4/4	2	2	1/8		1/8	1		4	40	35
5	5	0	0	4/4	2	1	1/4		1/4	1		3	45	46
5	5	0	0	4/4	2	1	1/4		1/4	1		4	52	46
5	5	0	0	4/4	1	2	1/4		1/4	1		7	61	42
5	5	0	0	4/4	1	1	1/4		1/4	1		3	69	36
5	5	1/4	1/4	4/4	1	1	1/8		1/8	1		4	64	37
5	5	7/16	7/16	4/4	2	1	1/16		1/16	1		5	47	47
5	5	7/16	7/16	4/4	2	1	1/16		1/16	1		4	52	47
5	5	7/16	7/16	4/4	1	2	1/16		1/16	1		2	62	43
5	5	7/16	7/16	4/4	1	1	1/16		1/16	1		8	68	38
5	5	1/2	1/2	4/4	2	1	1/4		1/4	1		7	49	48
5	5	1/2	1/2	4/4	2	1	1/4		1/4	1		4	52	48
5	5	1/2	1/2	4/4	1	2	1/4		1/4	1		7	61	44
5	5	1/2	1/2	4/4	1	1	1/4		1/4	1		3	69	39
5	5	3/4	3/4	4/4	1	1	1/8		1/8	1		4	64	40
5	5	15/16	15/16	4/4	2	1	1/16		1/16	1		2	50	49
5	5	15/16	15/16	4/4	2	1	1/16		1/16	1		4	52	49
5	5	15/16	15/16	4/4	1	2	1/16		1/16	1		5	59	45
5	5	15/16	15/16	4/4	1	1	1/16		1/16	1		8	68	41
6	6	0	0	4/4	2	1	1/4		1/4	1		7	49	59
6	6	0	0	4/4	2	1	1/4		1/4	1		4	52	59
6	6	0	0	4/4	1	2	1/4		1/4	1		4	64	56
6	6	0	0	4/4	1	1	1/4		1/4	1		3	69	50
6	6	1/4	1/4	4/4	2	1	1/4		1/4	1		2	50	60
6	6	1/4	1/4	4/4	2	1	1/4		1/4	1		6	54	60
6	6	1/4	1/4	4/4	1	2	1/4		1/4	1		5	59	57
6	6	1/4	1/4	4/4	1	1	1/8		1/8	1		5	71	51
6	6	7/16	7/16	4/4	1	1	1/16		1/16	1		3	69	52
6	6	1/2	1/2	4/4	2	1	1/8		1/8	1		4	52	61
6	6	1/2	1/2	4/4	2	1	1/8		1/8	1		8	56	61
6	6	1/2	1/2	4/4	1	2	1/8		1/8	1		5	59	58
6	6	1/2	1/2	4/4	1	1	1/8		1/8	1		8	68	53
6	6	11/16	11/16	4/4	1	1	1/16		1/16	1		6	66	54
6	6	3/4	3/4	4/4	1	1	1/4		1/4	1		4	64	55
7	7	0	0	4/4	2	1	1/4		1/4	1		6	54	72
7	7	0	0	4/4	1	2	1/4		1/4	1		3	57	68
7	7	0	0	4/4	1	2	1/4		1/4	1		7	61	68
7	7	0	0	4/4	1	1	1/4		1/4	1		3	69	62
7	7	1/4	1/4	4/4	2	1	1/8		1/8	1		7	49	73
7	7	1/4	1/4	4/4	2	1	1/8		1/8	1		8	56	73
7	7	1/4	1/4	4/4	1	2	1/8		1/8	1		7	61	69
7	7	1/4	1/4	4/4	1	1	1/8		1/8	1		4	64	63
7	7	7/16	7/16	4/4	1	1	1/16		1/16	1		8	68	64
7	7	1/2	1/2	4/4	2	1	1/4		1/4	1		6	54	74
7	7	1/2	1/2	4/4	1	2	1/4		1/4	1		3	57	70
7	7	1/2	1/2	4/4	1	2	1/4		1/4	1		7	61	70
7	7	1/2	1/2	4/4	1	1	1/4		1/4	1		3	69	65
7	7	3/4	3/4	4/4	2	1	1/8		1/8	1		5	47	75
7	7	3/4	3/4	4/4	2	1	1/8		1/8	1		6	54	75
7	7	3/4	3/4	4/4	1	2	1/8		1/8	1		3	57	71
7	7	3/4	3/4	4/4	1	1	1/8		1/8	1		7	61	66
7	7	15/16	15/16	4/4	1	1	1/16		1/16	1		2	62	67
8	8	0	0	4/4	2	1	1/4		1/4	1		4	52	79
8	8	0	0	4/4	1	1	1/4		1/4	1		3	57	76
8	8	0	0	4/4	1	1	1/4		1/4	1		7	61	76
8	8	0	0	4/4	1	1	1/4		1/4	1		4	64	76
8	8	1/4	1/4	4/4	2	1	1/4		1/4	1		4	52	80
8	8	1/4	1/4	4/4	1	1	1/4		1/4	1		8	56	77
8	8	1/4	1/4	4/4	1	1	1/4		1/4	1		5	59	77
8	8	1/4	1/4	4/4	1	1	1/4		1/4	1		4	64	77
8	8	1/2	1/2	4/4	2	1	1/2		1/2	1		3	45	81
8	8	1/2	1/2	4/4	2	1	1/2		1/2	1		4	52	81
8	8	1/2	1/2	4/4	1	1	1/2		1/2	1		3	57	78
8	8	1/2	1/2	4/4	1	1	1/2		1/2	1		7	61	78
9	9	0	0	4/4	2	1	1/8		1/8	1		3	45	88
9	9	0	0	4/4	2	1	1/8		1/8	1		4	52	88
9	9	0	0	4/4	2	1	1/8		1/8	1		7	61	88
9	9	0	0	4/4	1	1	1/4		1/4	1		3	69	82
9	9	0	0	4/4	1	1	1/4		1/4	1		3	81	82
9	9	3/16	3/16	4/4	2	1	1/16		1/16	1		2	62	89
9	9	3/16	3/16	4/4	2	1	1/16		1/16	1		6	66	89
9	9	1/4	1/4	4/4	2	1	1/8		1/8	1		7	61	90
9	9	1/4	1/4	4/4	2	1	1/8		1/8	1		4	64	90
9	9	1/4	1/4	4/4	1	1	1/8		1/8	1		4	76	83
9	9	7/16	7/16	4/4	2	1	1/16		1/16	1		5	59	91
9	9	7/16	7/16	4/4	2	1	1/16		1/16	1		2	62	91
9	9	7/16	7/16	4/4	1	1	1/16		1/16	1		8	68	84
9	9	7/16	7/16	4/4	1	1	1/16		1/16	1		4	76	84
9	9	7/16	7/16	4/4	1	1	1/16		1/16	1		8	80	84
9	9	1/2	1/2	4/4	2	1	1/8		1/8	1		3	57	92
9	9	1/2	1/2	4/4	2	1	1/8		1/8	1		7	61	92
9	9	1/2	1/2	4/4	1	1	1/4		1/4	1		3	69	85
9	9	1/2	1/2	4/4	1	1	1/4		1/4	1		4	76	85
9	9	1/2	1/2	4/4	1	1	1/4		1/4	1		3	81	85
9	9	11/16	11/16	4/4	2	1	1/16		1/16	1		6	54	93
9	9	11/16	11/16	4/4	2	1	1/16		1/16	1		2	62	93
9	9	3/4	3/4	4/4	2	1	1/8		1/8	1		4	52	94
9	9	3/4	3/4	4/4	2	1	1/8		1/8	1		7	61	94
9	9	3/4	3/4	4/4	1	1	1/8		1/8	1		4	76	86
9	9	15/16	15/16	4/4	2	1	1/16		1/16	1		2	50	95
9	9	15/16	15/16	4/4	2	1	1/16		1/16	1		5	59	95
9	9	15/16	15/16	4/4	1	1	1/16		1/16	1		8	68	87
9	9	15/16	15/16	4/4	1	1	1/16		1/16	1		4	76	87
9	9	15/16	15/16	4/4	1	1	1/16		1/16	1		8	80	87
10	10	0	0	4/4	2	1	1/4		1/4	1		7	49	102
10	10	0	0	4/4	2	1	1/4		1/4	1		3	57	102
10	10	0	0	4/4	1	1	1/4		1/4	1		3	69	96
10	10	0	0	4/4	1	1	1/4		1/4	1		4	76	96
10	10	0	0	4/4	1	1	1/4		1/4	1		3	81	96
10	10	1/4	1/4	4/4	2	2	1/4		1/4	1		5	47	108
10	10	1/4	1/4	4/4	2	2	1/4		1/4	1		6	54	108
10	10	1/4	1/4	4/4	2	1	3/16		1/8	3/2		2	62	103
10	10	1/4	1/4	4/4	1	1	3/16		1/8	3/2		5	71	97
10	10	1/4	1/4	4/4	1	1	3/16		1/8	3/2		2	74	97
10	10	1/4	1/4	4/4	1	1	3/16		1/8	3/2		5	83	97
10	10	7/16	7/16	4/4	2	1	1/16		1/16	1		7	61	104
10	10	7/16	7/16	4/4	1	1	1/16		1/16	1		3	69	98
10	10	7/16	7/16	4/4	1	1	1/16		1/16	1		3	81	98
10	10	1/2	1/2	4/4	2	2	1/4		1/4	1		4	52	109
10	10	1/2	1/2	4/4	2	1	3/16		1/8	3/2		5	59	105
10	10	1/2	1/2	4/4	1	1	3/16		1/8	3/2		8	68	99
10	10	1/2	1/2	4/4	1	1	3/16		1/8	3/2		8	80	99
10	10	11/16	11/16	4/4	2	1	1/16		1/16	1		3	57	106
10	10	11/16	11/16	4/4	1	1	1/16		1/16	1		6	66	100
10	10	11/16	11/16	4/4	1	1	1/16		1/16	1		6	78	100
10	10	3/4	3/4	4/4	2	2	3/16		1/8	3/2		4	52	110
10	10	3/4	3/4	4/4	2	1	1/4		1/4	1		8	56	107
10	10	3/4	3/4	4/4	1	1	1/4		1/4	1		4	64	101
10	10	3/4	3/4	4/4	1	1	1/4		1/4	1		4	76	101
10	10	15/16	15/16	4/4	2	2	1/16		1/16	1		2	50	111
11	11	0	0	4/4	2	1	1/4		1/4	1		7	49	119
11	11	0	0	4/4	2	1	1/4		1/4	1		3	57	119
11	11	0	0	4/4	1	1	1/4		1/4	1		3	69	112
11	11	0	0	4/4	1	1	1/4		1/4	1		4	76	112
11	11	0	0	4/4	1	1	1/4		1/4	1		3	81	112
11	11	1/4	1/4	4/4	2	1	3/16		1/8	3/2		5	47	120
11	11	1/4	1/4	4/4	2	1	3/16		1/8	3/2		8	56	120
11	11	1/4	1/4	4/4	1	1	3/16		1/8	3/2		5	71	113
11	11	1/4	1/4	4/4	1	1	3/16		1/8	3/2		4	76	113
11	11	1/4	1/4	4/4	1	1	3/16		1/8	3/2		5	83	113
11	11	7/16	7/16	4/4	2	1	1/16		1/16	1		3	45	121
11	11	7/16	7/16	4/4	2	1	1/16		1/16	1		3	57	121
11	11	7/16	7/16	4/4	1	1	1/16		1/16	1		7	73	114
11	11	7/16	7/16	4/4	1	1	1/16		1/16	1		4	76	114
11	11	7/16	7/16	4/4	1	1	1/16		1/16	1		7	85	114
11	11	1/2	1/2	4/4	2	1	1/4		1/4	1		8	44	122
11	11	1/2	1/2	4/4	2	1	1/4		1/4	1		4	52	122
11	11	1/2	1/2	4/4	2	1	1/4		1/4	1		5	59	122
11	11	1/2	1/2	4/4	1	1	1/8		1/8	1		5	71	115
11	11	1/2	1/2	4/4	1	1	1/8		1/8	1		4	76	115
11	11	1/2	1/2	4/4	1	1	1/8		1/8	1		5	83	115
11	11	11/16	11/16	4/4	1	1	1/16		1/16	1		3	69	116
11	11	11/16	11/16	4/4	1	1	1/16		1/16	1		3	81	116
11	11	3/4	3/4	4/4	2	1	1/4		1/4	1		3	45	123
11	11	3/4	3/4	4/4	2	1	1/4		1/4	1		4	52	123
11	11	3/4	3/4	4/4	2	1	1/4		1/4	1		7	61	123
11	11	3/4	3/4	4/4	1	1	1/8		1/8	1		8	68	117
11	11	3/4	3/4	4/4	1	1	1/8		1/8	1		8	80	117
11	11	15/16	15/16	4/4	1	1	1/16		1/16	1		6	66	118
11	11	15/16	15/16	4/4	1	1	1/16		1/16	1		6	78	118
12	12	0	0	4/4	2	1	1/4		1/4	1		5	47	129
12	12	0	0	4/4	2	1	1/4		1/4	1		8	56	129
12	12	0	0	4/4	2	1	1/4		1/4	1		4	64	129
12	12	0	0	4/4	1	1	1/4		1/4	1		8	68	124
12	12	0	0	4/4	1	1	1/4		1/4	1		8	80	124
12	12	1/4	1/4	4/4	1	1	0	acciaccatura	1/8	1		8	80	125
12	12	1/4	1/4	4/4	2	1	1/4		1/4	1		5	47	130
12	12	1/4	1/4	4/4	2	1	1/4		1/4	1		3	57	130
12	12	1/4	1/4	4/4	2	1	1/4		1/4	1		9	63	130
12	12	1/4	1/4	4/4	1	1	1/8		1/8	1		6	66	126
12	12	1/4	1/4	4/4	1	1	1/8		1/8	1		6	78	126
12	12	7/16	7/16	4/4	1	1	1/16		1/16	1		4	64	127
12	12	7/16	7/16	4/4	1	1	1/16		1/16	1		4	76	127
12	12	1/2	1/2	4/4	2	1	1/2		1/2	1		4	40	131
12	12	1/2	1/2	4/4	2	1	1/2		1/2	1		8	56	131
12	12	1/2	1/2	4/4	1	1	1/2		1/2	1		4	64	128
12	12	1/2	1/2	4/4	1	1	1/2		1/2	1		4	76	128
13	13	0	0	4/4	2	1	1/4		1/4	1		4	64	132
13	13	1/4	1/4	4/4	2	1	1/8		1/8	1		5	59	133
13	13	7/16	7/16	4/4	2	1	1/16		1/16	1		9	63	134
13	13	1/2	1/2	4/4	2	1	1/4		1/4	1		4	64	135
13	13	3/4	3/4	4/4	2	1	1/8		1/8	1		1	55	136
13	13	15/16	15/16	4/4	2	1	1/16		1/16	1		5	59	137
14	14	0	0	4/4	2	1	1/4		1/4	1		0	60	138
14	14	1/8	1/8	4/4	2	2	1/8		1/8	1		4	52	144
14	14	1/4	1/4	4/4	2	2	1/8		1/8	1		-1	53	145
14	14	1/4	1/4	4/4	2	1	1/8		1/8	1		2	62	139
14	14	7/16	7/16	4/4	2	2	1/16		1/16	1		3	57	146
14	14	7/16	7/16	4/4	2	1	1/16		1/16	1		0	60	140
14	14	1/2	1/2	4/4	2	2	1/8		1/8	1		1	55	147
14	14	1/2	1/2	4/4	2	1	1/8		1/8	1		5	59	141
14	14	11/16	11/16	4/4	2	2	1/16		1/16	1		-1	53	148
14	14	11/16	11/16	4/4	2	1	1/16		1/16	1		3	57	142
14	14	3/4	3/4	4/4	2	2	3/16		1/8	3/2		4	52	149
14	14	3/4	3/4	4/4	2	1	1/4		1/4	1		8	56	143
14	14	15/16	15/16	4/4	2	2	1/16		1/16	1		2	50	150
15	15	0	0	4/4	2	2	1/2		1/2	1		7	49	166
15	15	0	0	4/4	2	1	1/2		1/2	1		3	57	163
15	15	0	0	4/4	1	2	1/2		1/2	1		4	64	160
15	15	0	0	4/4	1	1	1/4		1/4	1		3	69	151
15	15	1/4	1/4	4/4	1	1	0	grace16	1/16	1		5	71	152
15	15	1/4	1/4	4/4	1	1	0	grace16	1/16	1		3	69	153
15	15	1/4	1/4	4/4	1	1	0	grace16	1/16	1		8	68	154
15	15	1/4	1/4	4/4	1	1	0	grace16	1/16	1		3	69	155
15	15	1/4	1/4	4/4	1	1	3/16		1/8	3/2		5	71	156
15	15	7/16	7/16	4/4	1	1	1/16		1/16	1		7	73	157
15	15	1/2	1/2	4/4	2	2	1/4		1/4	1		2	50	167
15	15	1/2	1/2	4/4	2	1	1/4		1/4	1		3	57	164
15	15	1/2	1/2	4/4	1	2	1/4		1/4	1		2	62	161
15	15	1/2	1/2	4/4	1	1	1/4		1/4	1		6	66	158
15	15	3/4	3/4	4/4	2	2	3/16		1/8	3/2		4	52	168
15	15	3/4	3/4	4/4	2	1	1/4		1/4	1		3	57	165
15	15	3/4	3/4	4/4	1	2	1/4		1/4	1		2	62	162
15	15	3/4	3/4	4/4	1	1	1/4		1/4	1		6	66	159
15	15	15/16	15/16	4/4	2	2	1/16		1/16	1		6	54	169
16	16	0	0	4/4	2	2	1/2		1/2	1		5	47	186
16	16	0	0	4/4	2	2	1/2		1/2	1		6	54	186
16	16	0	0	4/4	2	1	1/2		1/2	1		5	59	182
16	16	0	0	4/4	1	2	1/2		1/2	1		2	62	180
16	16	0	0	4/4	1	1	1/4		1/4	1		5	71	170
16	16	1/4	1/4	4/4	1	1	0	grace16	1/16	1		7	73	171
16	16	1/4	1/4	4/4	1	1	0	grace16	1/16	1		5	71	172
16	16	1/4	1/4	4/4	1	1	0	grace16	1/16	1		10	70	173
16	16	1/4	1/4	4/4	1	1	0	grace16	1/16	1		5	71	174
16	16	1/4	1/4	4/4	1	1	3/16		1/8	3/2		7	73	175
16	16	7/16	7/16	4/4	1	1	1/16		1/16	1		2	74	176
16	16	1/2	1/2	4/4	2	2	1/4		1/4	1		4	52	187
16	16	1/2	1/2	4/4	2	1	3/16		1/8	3/2		5	59	183
16	16	1/2	1/2	4/4	1	2	1/4		1/4	1		4	64	181
16	16	1/2	1/2	4/4	1	1	3/16		1/8	3/2		8	68	177
16	16	11/16	11/16	4/4	2	1	1/16		1/16	1		3	57	184
16	16	11/16	11/16	4/4	1	1	1/16		1/16	1		6	66	178
16	16	3/4	3/4	4/4	2	2	3/16		1/8	3/2		4	52	188
16	16	3/4	3/4	4/4	2	1	1/4		1/4	1		8	56	185
16	16	3/4	3/4	4/4	1	1	1/4		1/4	1		4	64	179
16	16	15/16	15/16	4/4	2	2	1/16		1/16	1		2	50	189
17	17	0	0	4/4	2	2	1/4		1/4	1		7	49	194
17	17	0	0	4/4	2	1	1/4		1/4	1		3	57	192
17	17	0	0	4/4	1	1	1/4		1/4	1		4	64	190
17	17	0	0	4/4	1	1	1/4		1/4	1		3	69	190
17	17	1/4	1/4	4/4	2	2	1/8		1/8	1		2	50	195
17	17	7/16	7/16	4/4	2	2	1/16		1/16	1		9	51	196
17	17	1/2	1/2	4/4	2	2	1/4		1/4	1		4	52	197
17	17	1/2	1/2	4/4	2	1	1/4		1/4	1		8	56	193
17	17	1/2	1/2	4/4	1	1	1/4		1/4	1		5	59	191
17	17	1/2	1/2	4/4	1	1	1/4		1/4	1		4	64	191
17	17	1/2	1/2	4/4	1	1	1/4		1/4	1		5	71	191
17	17	3/4	3/4	4/4	2	2	1/8		1/8	1		2	50	198
17	17	15/16	15/16	4/4	2	2	1/16		1/16	1		5	47	199
18	18	0	0	4/4	2	1	1/4		1/4	1		3	45	203
18	18	0	0	4/4	2	1	1/4		1/4	1		4	52	203
18	18	0	0	4/4	2	1	1/4		1/4	1		3	57	203
18	18	0	0	4/4	1	1	1/4		1/4	1		7	61	200
18	18	0	0	4/4	1	1	1/4		1/4	1		4	64	200
18	18	0	0	4/4	1	1	1/4		1/4	1		7	73	200
18	18	1/4	1/4	4/4	2	1	1/8		1/8	1		5	47	204
18	18	1/4	1/4	4/4	2	1	1/8		1/8	1		5	59	204
18	18	7/16	7/16	4/4	2	1	1/16		1/16	1		3	45	205
18	18	7/16	7/16	4/4	2	1	1/16		1/16	1		3	57	205
18	18	1/2	1/2	4/4	2	1	1/8		1/8	1		8	44	206
18	18	1/2	1/2	4/4	2	1	1/8		1/8	1		8	56	206
18	18	1/2	1/2	4/4	1	1	1/4		1/4	1		4	64	201
18	18	1/2	1/2	4/4	1	1	1/4		1/4	1		5	71	201
18	18	1/2	1/2	4/4	1	1	1/4		1/4	1		4	76	201
18	18	11/16	11/16	4/4	2	1	1/16		1/16	1		6	42	207
18	18	11/16	11/16	4/4	2	1	1/16		1/16	1		6	54	207
18	18	3/4	3/4	4/4	2	1	1/8		1/8	1		4	40	208
18	18	3/4	3/4	4/4	2	1	1/8		1/8	1		4	52	208
18	18	3/4	3/4	4/4	1	1	1/4		1/4	1		8	68	202
18	18	3/4	3/4	4/4	1	1	1/4		1/4	1		5	71	202
18	18	3/4	3/4	4/4	1	1	1/4		1/4	1		4	76	202
18	18	3/4	3/4	4/4	1	1	1/4		1/4	1		8	80	202
18	18	15/16	15/16	4/4	2	1	1/16		1/16	1		2	38	209
18	18	15/16	15/16	4/4	2	1	1/16		1/16	1		2	50	209
19	19	0	0	4/4	2	1	1/4		1/4	1		7	37	217
19	19	0	0	4/4	2	1	1/4		1/4	1		7	49	217
19	19	0	0	4/4	1	1	1/4		1/4	1		3	69	210
19	19	0	0	4/4	1	1	1/4		1/4	1		4	76	210
19	19	0	0	4/4	1	1	1/4		1/4	1		3	81	210
19	19	1/4	1/4	4/4	1	1	1/8		1/8	1		5	71	211
19	19	1/4	1/4	4/4	1	1	1/8		1/8	1		5	83	211
19	19	7/16	7/16	4/4	1	1	1/16		1/16	1		7	73	212
19	19	7/16	7/16	4/4	1	1	1/16		1/16	1		7	85	212
19	19	1/2	1/2	4/4	2	1	1/4		1/4	1		2	50	218
19	19	1/2	1/2	4/4	2	1	1/4		1/4	1		2	62	218
19	19	1/2	1/2	4/4	1	2	1/4		1/4	1		6	66	214
19	19	1/2	1/2	4/4	1	1	1/2		1/2	1		2	74	213
19	19	1/2	1/2	4/4	1	1	1/2		1/2	1		6	78	213
19	19	3/4	3/4	4/4	2	1	1/8		1/8	1		4	52	219
19	19	3/4	3/4	4/4	2	1	1/8		1/8	1		4	64	219
19	19	3/4	3/4	4/4	1	2	1/8		1/8	1		8	68	215
19	19	15/16	15/16	4/4	2	1	1/16		1/16	1		6	54	220
19	19	15/16	15/16	4/4	2	1	1/16		1/16	1		6	66	220
19	19	15/16	15/16	4/4	1	2	1/16		1/16	1		3	69	216
20	20	0	0	4/4	2	1	1/4		1/4	1		5	47	227
20	20	0	0	4/4	2	1	1/4		1/4	1		5	59	227
20	20	0	0	4/4	1	1	1		1	1	1	2	74	221
20	20	0	0	4/4	1	1	1		1	1	1	6	78	221
20	20	0	0	4/4	1	1	1		1	1	1	2	86	221
20	20	1/4	1/4	4/4	2	1	1/8		1/8	1		7	49	228
20	20	1/4	1/4	4/4	2	1	1/8		1/8	1		7	61	228
20	20	1/4	1/4	4/4	1	2	1/8		1/8	1		4	64	222
20	20	7/16	7/16	4/4	2	1	1/16		1/16	1		2	50	229
20	20	7/16	7/16	4/4	2	1	1/16		1/16	1		2	62	229
20	20	7/16	7/16	4/4	1	2	1/16		1/16	1		6	66	223
20	20	1/2	1/2	4/4	2	1	1/4		1/4	1		8	44	230
20	20	1/2	1/2	4/4	2	1	1/4		1/4	1		8	56	230
20	20	1/2	1/2	4/4	1	2	1/4		1/4	1		5	59	224
20	20	3/4	3/4	4/4	2	1	1/8		1/8	1		3	45	231
20	20	3/4	3/4	4/4	2	1	1/8		1/8	1		3	57	231
20	20	3/4	3/4	4/4	1	2	1/8		1/8	1		7	61	225
20	20	15/16	15/16	4/4	2	1	1/16		1/16	1		5	47	232
20	20	15/16	15/16	4/4	2	1	1/16		1/16	1		5	59	232
20	20	15/16	15/16	4/4	1	2	1/16		1/16	1		2	62	226
21	21	0	0	4/4	2	1	1/4		1/4	1		4	40	241
21	21	0	0	4/4	2	1	1/4		1/4	1		4	52	241
21	21	0	0	4/4	1	2	1/4		1/4	1		8	56	240
21	21	0	0	4/4	1	1	1/4		1/4	1	-1	2	74	233
21	21	0	0	4/4	1	1	1/4		1/4	1	-1	6	78	233
21	21	0	0	4/4	1	1	1/4		1/4	1	-1	2	86	233
21	21	1/4	1/4	4/4	2	1	1/8		1/8	1		8	44	242
21	21	1/4	1/4	4/4	2	1	1/8		1/8	1		4	52	242
21	21	1/4	1/4	4/4	2	1	1/8		1/8	1		5	59	242
21	21	1/4	1/4	4/4	1	1	1/8		1/8	1		4	76	234
21	21	1/4	1/4	4/4	1	1	1/8		1/8	1		4	88	234
21	21	7/16	7/16	4/4	1	1	1/16		1/16	1		2	74	235
21	21	7/16	7/16	4/4	1	1	1/16		1/16	1		2	86	235
21	21	1/2	1/2	4/4	2	1	1/8		1/8	1		3	45	243
21	21	1/2	1/2	4/4	2	1	1/8		1/8	1		4	52	243
21	21	1/2	1/2	4/4	2	1	1/8		1/8	1		7	61	243
21	21	1/2	1/2	4/4	1	1	1/8		1/8	1		7	73	236
21	21	1/2	1/2	4/4	1	1	1/8		1/8	1		7	85	236
21	21	11/16	11/16	4/4	1	1	1/16		1/16	1		5	71	237
21	21	11/16	11/16	4/4	1	1	1/16		1/16	1		5	83	237
21	21	3/4	3/4	4/4	2	1	1/8		1/8	1		7	49	244
21	21	3/4	3/4	4/4	2	1	1/8		1/8	1		4	52	244
21	21	3/4	3/4	4/4	2	1	1/8		1/8	1		3	57	244
21	21	3/4	3/4	4/4	1	1	1/8		1/8	1		3	69	238
21	21	3/4	3/4	4/4	1	1	1/8		1/8	1		3	81	238
21	21	15/16	15/16	4/4	2	1	1/16		1/16	1		2	50	245
21	21	15/16	15/16	4/4	2	1	1/16		1/16	1		6	54	245
21	21	15/16	15/16	4/4	2	1	1/16		1/16	1		5	59	245
21	21	15/16	15/16	4/4	1	1	1/16		1/16	1		5	71	239
21	21	15/16	15/16	4/4	1	1	1/16		1/16	1		5	83	239
22	22	0	0	4/4	2	1	1/4		1/4	1		4	52	251
22	22	0	0	4/4	2	1	1/4		1/4	1		3	57	251
22	22	0	0	4/4	2	1	1/4		1/4	1		7	61	251
22	22	0	0	4/4	2	1	1/4		1/4	1		4	64	251
22	22	0	0	4/4	1	1	1/4		1/4	1		7	73	246
22	22	0	0	4/4	1	1	1/4		1/4	1		4	76	246
22	22	0	0	4/4	1	1	1/4		1/4	1		3	81	246
22	22	0	0	4/4	1	1	1/4		1/4	1		7	85	246
22	22	1/4	1/4	4/4	1	1	0	acciaccatura	1/8	1		7	73	247
22	22	1/4	1/4	4/4	1	1	1/8		1/8	1		7	85	248
22	22	1/2	1/2	4/4	2	1	1/8		1/8	1		4	40	252
22	22	1/2	1/2	4/4	2	1	1/8		1/8	1		8	44	252
22	22	1/2	1/2	4/4	2	1	1/8		1/8	1		5	47	252
22	22	1/2	1/2	4/4	2	1	1/8		1/8	1		4	52	252
22	22	1/2	1/2	4/4	1	1	1/8		1/8	1		5	71	249
22	22	1/2	1/2	4/4	1	1	1/8		1/8	1		2	74	249
22	22	1/2	1/2	4/4	1	1	1/8		1/8	1		8	80	249
22	22	1/2	1/2	4/4	1	1	1/8		1/8	1		5	83	249
22	22	15/16	15/16	4/4	2	1	1/16		1/16	1		3	45	253
22	22	15/16	15/16	4/4	2	1	1/16		1/16	1		7	49	253
22	22	15/16	15/16	4/4	2	1	1/16		1/16	1		4	52	253
22	22	15/16	15/16	4/4	2	1	1/16		1/16	1		3	57	253
22	22	15/16	15/16	4/4	1	1	1/16		1/16	1		3	69	250
22	22	15/16	15/16	4/4	1	1	1/16		1/16	1		7	73	250
22	22	15/16	15/16	4/4	1	1	1/16		1/16	1		4	76	250
22	22	15/16	15/16	4/4	1	1	1/16		1/16	1		3	81	250
23	23	0	0	4/4	2	1	1/4		1/4	1		3	45	261
23	23	0	0	4/4	2	1	1/4		1/4	1		7	49	261
23	23	0	0	4/4	2	1	1/4		1/4	1		4	52	261
23	23	0	0	4/4	2	1	1/4		1/4	1		3	57	261
23	23	0	0	4/4	1	1	1/4		1/4	1		3	69	254
23	23	0	0	4/4	1	1	1/4		1/4	1		7	73	254
23	23	0	0	4/4	1	1	1/4		1/4	1		4	76	254
23	23	0	0	4/4	1	1	1/4		1/4	1		3	81	254
23	23	1/4	1/4	4/4	1	1	1/8		1/8	1		4	64	255
23	23	7/16	7/16	4/4	1	1	1/16		1/16	1		8	68	256
23	23	1/2	1/2	4/4	1	1	1/4		1/4	1		3	69	257
23	23	3/4	3/4	4/4	2	1	1/8		1/8	1		6	54	262
23	23	3/4	3/4	4/4	1	2	1/4		1/4	1		3	57	260
23	23	3/4	3/4	4/4	1	1	1/8		1/8	1		7	61	258
23	23	15/16	15/16	4/4	2	1	1/16		1/16	1		-1	53	263
23	23	15/16	15/16	4/4	1	1	1/16		1/16	1		2	62	259
24	24	0	0	4/4	2	1	1/4		1/4	1		4	52	267
24	24	0	0	4/4	1	1	1/4		1/4	1		3	57	264
24	24	0	0	4/4	1	1	1/4		1/4	1		5	59	264
24	24	0	0	4/4	1	1	1/4		1/4	1		4	64	264
24	24	1/4	1/4	4/4	2	2	1/4		1/4	1		4	40	272
24	24	1/4	1/4	4/4	2	1	1/4		1/4	1		4	52	268
24	24	1/4	1/4	4/4	1	1	1/4		1/4	1		8	56	265
24	24	1/4	1/4	4/4	1	1	1/4		1/4	1		5	59	265
24	24	1/4	1/4	4/4	1	1	1/4		1/4	1		4	64	265
24	24	1/2	1/2	4/4	2	2	1/4		1/4	1		3	45	273
24	24	1/2	1/2	4/4	2	1	1/4		1/4	1		4	52	269
24	24	1/2	1/2	4/4	1	1	1/4		1/4	1		3	57	266
24	24	1/2	1/2	4/4	1	1	1/4		1/4	1		7	61	266
24	24	3/4	3/4	4/4	2	1	1/8		1/8	1		4	52	270
24	24	15/16	15/16	4/4	2	1	1/16		1/16	1		8	56	271
25	25	0	0	4/4	2	1	1/4		1/4	1		3	57	279
25	25	1/4	1/4	4/4	2	1	1/8		1/8	1		7	49	280
25	25	1/4	1/4	4/4	1	1	1/8		1/8	1		4	64	274
25	25	7/16	7/16	4/4	2	1	1/16		1/16	1		2	50	281
25	25	7/16	7/16	4/4	1	1	1/16		1/16	1		6	66	275
25	25	1/2	1/2	4/4	2	1	1/4		1/4	1		6	54	282
25	25	1/2	1/2	4/4	1	1	1/4		1/4	1		3	69	276
25	25	3/4	3/4	4/4	2	1	1/4		1/4	1		5	47	283
25	25	3/4	3/4	4/4	1	2	1/4		1/4	1	1	2	62	278
25	25	3/4	3/4	4/4	1	1	1/4		1/4	1	1	3	69	277
26	26	0	0	4/4	2	1	1/2		1/2	1		4	52	294
26	26	0	0	4/4	1	2	1/2		1/2	1		5	59	292
26	26	0	0	4/4	1	2	1/2		1/2	1	-1	2	62	292
26	26	0	0	4/4	1	1	1/4		1/4	1	-1	3	69	284
26	26	1/4	1/4	4/4	2	2	1/4		1/4	1		4	40	296
26	26	1/4	1/4	4/4	1	1	1/24		1/16	2/3		6	66	285
26	26	7/24	7/24	4/4	1	1	1/24		1/16	2/3		8	68	286
26	26	1/3	1/3	4/4	1	1	1/24		1/16	2/3		3	69	287
26	26	3/8	3/8	4/4	1	1	1/24		1/16	2/3		8	68	288
26	26	5/12	5/12	4/4	1	1	1/24		1/16	2/3		6	66	289
26	26	11/24	11/24	4/4	1	1	1/24		1/16	2/3		8	68	290
26	26	1/2	1/2	4/4	2	2	1/4		1/4	1		3	45	297
26	26	1/2	1/2	4/4	2	1	1/4		1/4	1		4	52	295
26	26	1/2	1/2	4/4	1	2	1/4		1/4	1		3	57	293
26	26	1/2	1/2	4/4	1	2	1/4		1/4	1		7	61	293
26	26	1/2	1/2	4/4	1	1	1/4		1/4	1		3	69	291
27	27	0	0	4/4	2	1	1/4		1/4	1		6	42	305
27	27	0	0	4/4	2	1	1/4		1/4	1		6	54	305
27	27	3/16	3/16	4/4	1	1	1/16		1/16	1		7	73	298
27	27	3/16	3/16	4/4	1	1	1/16		1/16	1		3	81	298
27	27	3/16	3/16	4/4	1	1	1/16		1/16	1		7	85	298
27	27	1/4	1/4	4/4	2	1	1/8		1/8	1		7	37	306
27	27	1/4	1/4	4/4	2	1	1/8		1/8	1		7	49	306
27	27	1/4	1/4	4/4	1	1	1/8		1/8	1		7	73	299
27	27	1/4	1/4	4/4	1	1	1/8		1/8	1		3	81	299
27	27	7/16	7/16	4/4	2	1	1/16		1/16	1		11	41	307
27	27	7/16	7/16	4/4	2	1	1/16		1/16	1		11	53	307
27	27	7/16	7/16	4/4	1	1	1/16		1/16	1		5	71	300
27	27	7/16	7/16	4/4	1	1	1/16		1/16	1		7	73	300
27	27	7/16	7/16	4/4	1	1	1/16		1/16	1		8	80	300
27	27	1/2	1/2	4/4	2	1	1/4		1/4	1		6	42	308
27	27	1/2	1/2	4/4	2	1	1/4		1/4	1		6	54	308
27	27	1/2	1/2	4/4	1	1	1/8		1/8	1		3	69	301
27	27	1/2	1/2	4/4	1	1	1/8		1/8	1		7	73	301
27	27	1/2	1/2	4/4	1	1	1/8		1/8	1		6	78	301
27	27	11/16	11/16	4/4	1	1	1/16		1/16	1		7	61	302
27	27	11/16	11/16	4/4	1	1	1/16		1/16	1		3	69	302
27	27	11/16	11/16	4/4	1	1	1/16		1/16	1		7	73	302
27	27	3/4	3/4	4/4	2	1	1/8		1/8	1		7	37	309
27	27	3/4	3/4	4/4	2	1	1/8		1/8	1		7	49	309
27	27	3/4	3/4	4/4	1	1	1/8		1/8	1		7	61	303
27	27	3/4	3/4	4/4	1	1	1/8		1/8	1		3	69	303
27	27	15/16	15/16	4/4	2	1	1/16		1/16	1		11	41	310
27	27	15/16	15/16	4/4	2	1	1/16		1/16	1		11	53	310
27	27	15/16	15/16	4/4	1	1	1/16		1/16	1		5	59	304
27	27	15/16	15/16	4/4	1	1	1/16		1/16	1		7	61	304
27	27	15/16	15/16	4/4	1	1	1/16		1/16	1		8	68	304
28	28	0	0	4/4	2	1	1/4		1/4	1		6	42	318
28	28	0	0	4/4	2	1	1/4		1/4	1		6	54	318
28	28	0	0	4/4	1	1	1/8		1/8	1		3	57	311
28	28	0	0	4/4	1	1	1/8		1/8	1		7	61	311
28	28	0	0	4/4	1	1	1/8		1/8	1		6	66	311
28	28	3/16	3/16	4/4	1	1	1/16		1/16	1		3	57	312
28	28	3/16	3/16	4/4	1	1	1/16		1/16	1		7	61	312
28	28	1/4	1/4	4/4	2	1	1/8		1/8	1		8	44	319
28	28	1/4	1/4	4/4	2	1	1/8		1/8	1		8	56	319
28	28	1/4	1/4	4/4	1	1	1/8		1/8	1		5	59	313
28	28	1/4	1/4	4/4	1	1	1/8		1/8	1		2	62	313
28	28	7/16	7/16	4/4	2	1	1/16		1/16	1		6	42	320
28	28	7/16	7/16	4/4	2	1	1/16		1/16	1		6	54	320
28	28	7/16	7/16	4/4	1	1	1/16		1/16	1		5	59	314
28	28	7/16	7/16	4/4	1	1	1/16		1/16	1		2	62	314
28	28	7/16	7/16	4/4	1	1	1/16		1/16	1		8	68	314
28	28	1/2	1/2	4/4	2	1	1/8		1/8	1		11	41	321
28	28	1/2	1/2	4/4	2	1	1/8		1/8	1		11	53	321
28	28	1/2	1/2	4/4	1	1	1/8		1/8	1		8	56	315
28	28	1/2	1/2	4/4	1	1	1/8		1/8	1		7	61	315
28	28	1/2	1/2	4/4	1	1	1/8		1/8	1		8	68	315
28	28	11/16	11/16	4/4	2	1	1/16		1/16	1		2	38	322
28	28	11/16	11/16	4/4	2	1	1/16		1/16	1		2	50	322
28	28	11/16	11/16	4/4	1	1	1/16		1/16	1		8	56	316
28	28	11/16	11/16	4/4	1	1	1/16		1/16	1		11	65	316
28	28	3/4	3/4	4/4	2	1	1/8		1/8	1		7	37	323
28	28	3/4	3/4	4/4	2	1	1/8		1/8	1		7	49	323
28	28	3/4	3/4	4/4	1	1	1/8		1/8	1		7	61	317
28	28	3/4	3/4	4/4	1	1	1/8		1/8	1		11	65	317
28	28	3/4	3/4	4/4	1	1	1/8		1/8	1		7	73	317
29	29	0	0	4/4	1	1	1/4		1/4	1		6	66	324
29	29	0	0	4/4	1	1	1/4		1/4	1		6	78	324
29	29	3/16	3/16	4/4	2	1	1/16		1/16	1		5	59	330
29	29	3/16	3/16	4/4	2	1	1/16		1/16	1		2	62	330
29	29	1/4	1/4	4/4	2	1	1/8		1/8	1		3	57	331
29	29	1/4	1/4	4/4	2	1	1/8		1/8	1		7	61	331
29	29	1/4	1/4	4/4	1	1	1/8		1/8	1		7	73	325
29	29	7/16	7/16	4/4	2	1	1/16		1/16	1		8	56	332
29	29	7/16	7/16	4/4	2	1	1/16		1/16	1		5	59	332
29	29	7/16	7/16	4/4	1	1	1/16		1/16	1		11	65	326
29	29	7/16	7/16	4/4	1	1	1/16		1/16	1		7	73	326
29	29	7/16	7/16	4/4	1	1	1/16		1/16	1		11	77	326
29	29	1/2	1/2	4/4	2	1	1/8		1/8	1		6	54	333
29	29	1/2	1/2	4/4	2	1	1/8		1/8	1		3	57	333
29	29	1/2	1/2	4/4	1	1	1/4		1/4	1		6	66	327
29	29	1/2	1/2	4/4	1	1	1/4		1/4	1		7	73	327
29	29	1/2	1/2	4/4	1	1	1/4		1/4	1		6	78	327
29	29	11/16	11/16	4/4	2	1	1/16		1/16	1		4	52	334
29	29	11/16	11/16	4/4	2	1	1/16		1/16	1		8	56	334
29	29	3/4	3/4	4/4	2	1	1/8		1/8	1		2	50	335
29	29	3/4	3/4	4/4	2	1	1/8		1/8	1		3	57	335
29	29	3/4	3/4	4/4	1	1	1/8		1/8	1		6	66	328
29	29	3/4	3/4	4/4	1	1	1/8		1/8	1		3	69	328
29	29	15/16	15/16	4/4	2	1	1/16		1/16	1		2	50	336
29	29	15/16	15/16	4/4	2	1	1/16		1/16	1		5	59	336
29	29	15/16	15/16	4/4	1	1	1/16		1/16	1		6	66	329
29	29	15/16	15/16	4/4	1	1	1/16		1/16	1		5	71	329
30	30	0	0	4/4	2	1	1/4		1/4	1		7	49	340
30	30	0	0	4/4	2	1	1/4		1/4	1		8	56	340
30	30	0	0	4/4	2	1	1/4		1/4	1		7	61	340
30	30	0	0	4/4	1	1	1/4		1/4	1		6	66	337
30	30	0	0	4/4	1	1	1/4		1/4	1		8	68	337
30	30	0	0	4/4	1	1	1/4		1/4	1		7	73	337
30	30	1/4	1/4	4/4	2	1	1/4		1/4	1		7	49	341
30	30	1/4	1/4	4/4	2	1	1/4		1/4	1		8	56	341
30	30	1/4	1/4	4/4	2	1	1/4		1/4	1		7	61	341
30	30	1/4	1/4	4/4	1	1	1/4		1/4	1		11	65	338
30	30	1/4	1/4	4/4	1	1	1/4		1/4	1		8	68	338
30	30	1/4	1/4	4/4	1	1	1/4		1/4	1		7	73	338
30	30	1/2	1/2	4/4	2	1	1/2		1/2	1		6	42	342
30	30	1/2	1/2	4/4	2	1	1/2		1/2	1		7	49	342
30	30	1/2	1/2	4/4	2	1	1/2		1/2	1		6	54	342
30	30	1/2	1/2	4/4	1	1	1/2		1/2	1		3	57	339
30	30	1/2	1/2	4/4	1	1	1/2		1/2	1		7	61	339
30	30	1/2	1/2	4/4	1	1	1/2		1/2	1		6	66	339
31	31	0	0	4/4	2	1	1/4		1/4	1		6	54	350
31	31	0	0	4/4	2	1	1/4		1/4	1		6	66	350
31	31	3/16	3/16	4/4	1	1	1/16		1/16	1		3	69	343
31	31	3/16	3/16	4/4	1	1	1/16		1/16	1		7	73	343
31	31	1/4	1/4	4/4	2	1	1/8		1/8	1		7	49	351
31	31	1/4	1/4	4/4	2	1	1/8		1/8	1		7	61	351
31	31	1/4	1/4	4/4	1	1	1/8		1/8	1		3	69	344
31	31	1/4	1/4	4/4	1	1	1/8		1/8	1		7	73	344
31	31	1/4	1/4	4/4	1	1	1/8		1/8	1		3	81	344
31	31	7/16	7/16	4/4	2	1	1/16		1/16	1		11	53	352
31	31	7/16	7/16	4/4	2	1	1/16		1/16	1		11	65	352
31	31	7/16	7/16	4/4	1	1	1/16		1/16	1		5	71	345
31	31	7/16	7/16	4/4	1	1	1/16		1/16	1		7	73	345
31	31	7/16	7/16	4/4	1	1	1/16		1/16	1		8	80	345
31	31	1/2	1/2	4/4	2	1	1/4		1/4	1		6	54	353
31	31	1/2	1/2	4/4	2	1	1/4		1/4	1		6	66	353
31	31	1/2	1/2	4/4	1	1	1/8		1/8	1		3	69	346
31	31	1/2	1/2	4/4	1	1	1/8		1/8	1		7	73	346
31	31	1/2	1/2	4/4	1	1	1/8		1/8	1		6	78	346
31	31	11/16	11/16	4/4	1	1	1/16		1/16	1		7	73	347
31	31	11/16	11/16	4/4	1	1	1/16		1/16	1		3	81	347
31	31	11/16	11/16	4/4	1	1	1/16		1/16	1		7	85	347
31	31	3/4	3/4	4/4	2	1	1/8		1/8	1		7	49	354
31	31	3/4	3/4	4/4	2	1	1/8		1/8	1		7	61	354
31	31	3/4	3/4	4/4	1	1	1/8		1/8	1		7	73	348
31	31	3/4	3/4	4/4	1	1	1/8		1/8	1		3	81	348
31	31	15/16	15/16	4/4	2	1	1/16		1/16	1		11	53	355
31	31	15/16	15/16	4/4	2	1	1/16		1/16	1		11	65	355
31	31	15/16	15/16	4/4	1	1	1/16		1/16	1		5	71	349
31	31	15/16	15/16	4/4	1	1	1/16		1/16	1		7	73	349
31	31	15/16	15/16	4/4	1	1	1/16		1/16	1		8	80	349
32	32	0	0	4/4	2	1	1/4		1/4	1		6	54	363
32	32	0	0	4/4	2	1	1/4		1/4	1		6	66	363
32	32	0	0	4/4	1	1	1/8		1/8	1		3	69	356
32	32	0	0	4/4	1	1	1/8		1/8	1		7	73	356
32	32	0	0	4/4	1	1	1/8		1/8	1		6	78	356
32	32	3/16	3/16	4/4	1	1	1/16		1/16	1		3	69	357
32	32	3/16	3/16	4/4	1	1	1/16		1/16	1		2	74	357
32	32	1/4	1/4	4/4	2	1	1/8		1/8	1		8	56	364
32	32	1/4	1/4	4/4	2	1	1/8		1/8	1		8	68	364
32	32	1/4	1/4	4/4	1	1	1/8		1/8	1		5	71	358
32	32	1/4	1/4	4/4	1	1	1/8		1/8	1		2	74	358
32	32	7/16	7/16	4/4	2	1	1/16		1/16	1		6	54	365
32	32	7/16	7/16	4/4	2	1	1/16		1/16	1		6	66	365
32	32	7/16	7/16	4/4	1	1	1/16		1/16	1		5	71	359
32	32	7/16	7/16	4/4	1	1	1/16		1/16	1		2	74	359
32	32	7/16	7/16	4/4	1	1	1/16		1/16	1		8	80	359
32	32	1/2	1/2	4/4	2	1	1/8		1/8	1		11	53	366
32	32	1/2	1/2	4/4	2	1	1/8		1/8	1		11	65	366
32	32	1/2	1/2	4/4	1	1	1/8		1/8	1		8	68	360
32	32	1/2	1/2	4/4	1	1	1/8		1/8	1		7	73	360
32	32	1/2	1/2	4/4	1	1	1/8		1/8	1		8	80	360
32	32	11/16	11/16	4/4	2	1	1/16		1/16	1		2	50	367
32	32	11/16	11/16	4/4	2	1	1/16		1/16	1		2	62	367
32	32	11/16	11/16	4/4	1	1	1/16		1/16	1		8	68	361
32	32	11/16	11/16	4/4	1	1	1/16		1/16	1		11	77	361
32	32	3/4	3/4	4/4	2	1	1/8		1/8	1		7	49	368
32	32	3/4	3/4	4/4	2	1	1/8		1/8	1		7	61	368
32	32	3/4	3/4	4/4	1	1	1/8		1/8	1		7	73	362
32	32	3/4	3/4	4/4	1	1	1/8		1/8	1		11	77	362
32	32	3/4	3/4	4/4	1	1	1/8		1/8	1		7	85	362
33	33	0	0	4/4	1	1	1/4		1/4	1		3	69	369
33	33	3/16	3/16	4/4	2	1	1/16		1/16	1		6	54	380
33	33	3/16	3/16	4/4	1	2	1/16		1/16	1		3	57	376
33	33	1/4	1/4	4/4	2	1	1/8		1/8	1		11	53	381
33	33	1/4	1/4	4/4	2	1	1/8		1/8	1		8	56	381
33	33	1/4	1/4	4/4	1	2	3/16		1/8	3/2		5	59	377
33	33	1/4	1/4	4/4	1	1	1/8		1/8	1		3	69	370
33	33	7/16	7/16	4/4	2	1	1/16		1/16	1		4	52	382
33	33	7/16	7/16	4/4	2	1	1/16		1/16	1		1	55	382
33	33	7/16	7/16	4/4	1	2	1/16		1/16	1		7	61	378
33	33	7/16	7/16	4/4	1	1	1/16		1/16	1		3	69	371
33	33	1/2	1/2	4/4	2	1	1/4		1/4	1		2	50	383
33	33	1/2	1/2	4/4	2	1	1/4		1/4	1		6	54	383
33	33	1/2	1/2	4/4	1	2	1/4		1/4	1		2	62	379
33	33	1/2	1/2	4/4	1	1	1/8		1/8	1		3	69	372
33	33	5/8	5/8	4/4	1	1	1/8		1/8	1		6	66	373
33	33	3/4	3/4	4/4	1	1	1/8		1/8	1		8	68	374
33	33	15/16	15/16	4/4	1	1	1/16		1/16	1		3	69	375
34	34	0	0	4/4	1	1	1/4		1/4	1		8	68	384
34	34	3/16	3/16	4/4	2	1	1/16		1/16	1		2	50	393
34	34	3/16	3/16	4/4	2	1	1/16		1/16	1		6	54	393
34	34	3/16	3/16	4/4	1	2	1/16		1/16	1		5	59	389
34	34	1/4	1/4	4/4	2	1	1/8		1/8	1		7	49	394
34	34	1/4	1/4	4/4	2	1	1/8		1/8	1		11	53	394
34	34	1/4	1/4	4/4	1	2	1/8		1/8	1		7	61	390
34	34	1/4	1/4	4/4	1	1	1/4		1/4	1		8	68	385
34	34	7/16	7/16	4/4	2	1	1/16		1/16	1		5	47	395
34	34	7/16	7/16	4/4	2	1	1/16		1/16	1		11	53	395
34	34	7/16	7/16	4/4	1	2	1/16		1/16	1		2	62	391
34	34	1/2	1/2	4/4	2	2	1/4		1/4	1		3	45	400
34	34	1/2	1/2	4/4	2	1	1/8		1/8	1		11	53	396
34	34	1/2	1/2	4/4	1	2	1/2		1/2	1		7	61	392
34	34	1/2	1/2	4/4	1	1	1/8		1/8	1		8	68	386
34	34	5/8	5/8	4/4	2	1	1/8		1/8	1		8	56	397
34	34	5/8	5/8	4/4	1	1	1/8		1/8	1		11	65	387
34	34	3/4	3/4	4/4	2	1	1/8		1/8	1		3	57	398
34	34	3/4	3/4	4/4	1	1	1/4		1/4	1		6	66	388
34	34	7/8	7/8	4/4	2	1	1/8		1/8	1		6	54	399
35	35	0	0	4/4	1	1	1/4		1/4	1		7	73	401
35	35	3/16	3/16	4/4	2	1	1/16		1/16	1		3	45	410
35	35	3/16	3/16	4/4	2	1	1/16		1/16	1		6	54	410
35	35	3/16	3/16	4/4	1	2	1/16		1/16	1		7	61	406
35	35	1/4	1/4	4/4	2	1	1/8		1/8	1		8	44	411
35	35	1/4	1/4	4/4	2	1	1/8		1/8	1		6	54	411
35	35	1/4	1/4	4/4	1	2	1/8		1/8	1		2	62	407
35	35	1/4	1/4	4/4	1	1	1/8		1/8	1		5	71	402
35	35	7/16	7/16	4/4	2	1	1/16		1/16	1		3	45	412
35	35	7/16	7/16	4/4	2	1	1/16		1/16	1		6	54	412
35	35	7/16	7/16	4/4	1	2	1/16		1/16	1		2	62	408
35	35	7/16	7/16	4/4	1	1	1/16		1/16	1		3	69	403
35	35	1/2	1/2	4/4	2	1	1/2		1/2	1		5	47	413
35	35	1/2	1/2	4/4	2	1	1/2		1/2	1		6	54	413
35	35	1/2	1/2	4/4	1	2	1/2		1/2	1	1	2	62	409
35	35	1/2	1/2	4/4	1	1	3/8		1/4	3/2		3	69	404
35	35	7/8	7/8	4/4	1	1	1/8		1/8	1		8	68	405
36	36	0	0	4/4	1	2	1/4		1/4	1	-1	2	62	417
36	36	1/4	1/4	4/4	1	2	1/8		1/8	1		10	58	418
36	36	7/16	7/16	4/4	1	2	1/16		1/16	1		5	59	419
36	36	1/2	1/2	4/4	1	2	1/4		1/4	1		2	62	420
36	36	3/4	3/4	4/4	1	1	0	grace16	1/16	1		4	64	414
36	36	3/4	3/4	4/4	1	1	0	grace16	1/16	1		2	62	415
36	36	3/4	3/4	4/4	2	1	1/4		1/4	1		7	49	423
36	36	3/4	3/4	4/4	1	2	3/16		1/8	3/2		7	61	421
36	36	3/4	3/4	4/4	1	1	1/4		1/4	1		11	65	416
36	36	15/16	15/16	4/4	1	2	1/16		1/16	1		5	59	422
37	37	0	0	4/4	2	1	1/4		1/4	1		6	54	428
37	37	1/8	1/8	4/4	1	1	1/8		1/8	1		3	57	424
37	37	1/8	1/8	4/4	1	1	1/8		1/8	1		6	66	424
37	37	1/4	1/4	4/4	2	1	3/16		1/8	3/2		3	57	429
37	37	3/8	3/8	4/4	1	1	1/8		1/8	1		2	62	425
37	37	3/8	3/8	4/4	1	1	1/8		1/8	1		6	66	425
37	37	7/16	7/16	4/4	2	1	1/16		1/16	1		5	59	430
37	37	1/2	1/2	4/4	2	1	1/4		1/4	1		7	61	431
37	37	5/8	5/8	4/4	1	1	1/8		1/8	1		8	56	426
37	37	5/8	5/8	4/4	1	1	1/8		1/8	1		6	66	426
37	37	3/4	3/4	4/4	2	1	1/4		1/4	1		7	49	432
37	37	7/8	7/8	4/4	1	1	1/8		1/8	1		8	56	427
37	37	7/8	7/8	4/4	1	1	1/8		1/8	1		11	65	427
38	38	0	0	4/4	1	1	1/4		1/4	1		6	66	433
38	38	1/8	1/8	4/4	1	2	1/8		1/8	1		3	57	437
38	38	1/8	1/8	4/4	1	2	1/8		1/8	1		7	61	437
38	38	1/4	1/4	4/4	2	1	1/4		1/4	1		6	54	441
38	38	1/4	1/4	4/4	1	1	3/16		1/8	3/2		3	69	434
38	38	3/8	3/8	4/4	1	2	1/8		1/8	1		7	61	438
38	38	3/8	3/8	4/4	1	2	1/8		1/8	1		6	66	438
38	38	7/16	7/16	4/4	1	1	1/16		1/16	1		5	71	435
38	38	1/2	1/2	4/4	2	1	1/4		1/4	1		11	53	442
38	38	1/2	1/2	4/4	1	1	1/2		1/2	1	1	7	73	436
38	38	5/8	5/8	4/4	1	2	1/8		1/8	1		7	61	439
38	38	5/8	5/8	4/4	1	2	1/8		1/8	1		8	68	439
38	38	3/4	3/4	4/4	2	1	1/4		1/4	1		7	49	443
38	38	7/8	7/8	4/4	1	2	1/8		1/8	1		7	61	440
38	38	7/8	7/8	4/4	1	2	1/8		1/8	1		11	65	440
39	39	0	0	4/4	2	1	1/4		1/4	1		3	57	451
39	39	0	0	4/4	1	1	1/4		1/4	1	-1	7	73	444
39	39	1/8	1/8	4/4	1	2	1/8		1/8	1		7	61	447
39	39	1/8	1/8	4/4	1	2	1/8		1/8	1		6	66	447
39	39	1/4	1/4	4/4	2	1	1/8		1/8	1		5	59	452
39	39	1/4	1/4	4/4	1	1	1/2		1/2	1		7	73	445
39	39	3/8	3/8	4/4	2	1	1/8		1/8	1		7	61	453
39	39	3/8	3/8	4/4	1	2	1/8		1/8	1		6	66	448
39	39	3/8	3/8	4/4	1	2	1/8		1/8	1		3	69	448
39	39	1/2	1/2	4/4	2	1	1/4		1/4	1		6	54	454
39	39	5/8	5/8	4/4	1	2	1/8		1/8	1		7	61	449
39	39	5/8	5/8	4/4	1	2	1/8		1/8	1		6	66	449
39	39	5/8	5/8	4/4	1	2	1/8		1/8	1		3	69	449
39	39	3/4	3/4	4/4	2	1	1/8		1/8	1		8	56	455
39	39	3/4	3/4	4/4	1	1	1/4		1/4	1		7	73	446
39	39	7/8	7/8	4/4	2	1	1/8		1/8	1		3	57	456
39	39	7/8	7/8	4/4	1	2	1/8		1/8	1		7	61	450
39	39	7/8	7/8	4/4	1	2	1/8		1/8	1		6	66	450
39	39	7/8	7/8	4/4	1	2	1/8		1/8	1		3	69	450
40	40	0	0	4/4	2	1	1/2		1/2	1		9	51	466
40	40	0	0	4/4	1	1	1/4		1/4	1		7	73	457
40	40	1/8	1/8	4/4	1	2	1/8		1/8	1		7	61	462
40	40	1/8	1/8	4/4	1	2	1/8		1/8	1		6	66	462
40	40	1/4	1/4	4/4	1	1	3/16		1/8	3/2		5	71	458
40	40	3/8	3/8	4/4	1	2	1/8		1/8	1		5	59	463
40	40	3/8	3/8	4/4	1	2	1/8		1/8	1		6	66	463
40	40	7/16	7/16	4/4	1	1	1/16		1/16	1		3	69	459
40	40	1/2	1/2	4/4	2	1	1/4		1/4	1		11	53	467
40	40	1/2	1/2	4/4	1	1	1/4		1/4	1		8	68	460
40	40	5/8	5/8	4/4	1	2	1/8		1/8	1		5	59	464
40	40	5/8	5/8	4/4	1	2	1/8		1/8	1		2	62	464
40	40	3/4	3/4	4/4	2	1	1/4		1/4	1		6	54	468
40	40	3/4	3/4	4/4	1	1	1/4		1/4	1		3	69	461
40	40	7/8	7/8	4/4	1	2	1/8		1/8	1		3	57	465
40	40	7/8	7/8	4/4	1	2	1/8		1/8	1		7	61	465
41	41	0	0	4/4	2	1	1/2		1/2	1		7	49	476
41	41	0	0	4/4	1	1	1/4		1/4	1		6	66	469
41	41	1/8	1/8	4/4	1	2	1/8		1/8	1		3	57	472
41	41	1/8	1/8	4/4	1	2	1/8		1/8	1		7	61	472
41	41	1/4	1/4	4/4	1	1	1/4		1/4	1		11	65	470
41	41	3/8	3/8	4/4	1	2	1/8		1/8	1		5	59	473
41	41	3/8	3/8	4/4	1	2	1/8		1/8	1		7	61	473
41	41	1/2	1/2	4/4	2	1	1/4		1/4	1		3	45	477
41	41	1/2	1/2	4/4	1	1	1/2		1/2	1	1	6	66	471
41	41	5/8	5/8	4/4	1	2	1/8		1/8	1		3	57	474
41	41	5/8	5/8	4/4	1	2	1/8		1/8	1		7	61	474
41	41	3/4	3/4	4/4	2	1	1/8		1/8	1		5	47	478
41	41	7/8	7/8	4/4	2	1	1/8		1/8	1		7	49	479
41	41	7/8	7/8	4/4	1	2	1/8		1/8	1		3	57	475
41	41	7/8	7/8	4/4	1	2	1/8		1/8	1		7	61	475
42	42	0	0	4/4	2	1	1/4		1/4	1		6	42	488
42	42	0	0	4/4	1	1	1/4		1/4	1	-1	6	66	480
42	42	1/8	1/8	4/4	1	2	1/8		1/8	1		3	57	484
42	42	1/8	1/8	4/4	1	2	1/8		1/8	1		7	61	484
42	42	1/4	1/4	4/4	2	1	1/8		1/8	1		8	44	489
42	42	1/4	1/4	4/4	1	1	1/4		1/4	1		6	66	481
42	42	3/8	3/8	4/4	2	1	1/8		1/8	1		3	45	490
42	42	3/8	3/8	4/4	1	2	1/8		1/8	1		3	57	485
42	42	3/8	3/8	4/4	1	2	1/8		1/8	1		7	61	485
42	42	1/2	1/2	4/4	2	1	1/4		1/4	1		2	50	491
42	42	1/2	1/2	4/4	1	1	1/4		1/4	1		6	66	482
42	42	5/8	5/8	4/4	1	2	1/8		1/8	1		3	57	486
42	42	5/8	5/8	4/4	1	2	1/8		1/8	1		2	62	486
42	42	3/4	3/4	4/4	2	1	1/4		1/4	1		5	47	492
42	42	3/4	3/4	4/4	1	1	1/4		1/4	1		2	74	483
42	42	7/8	7/8	4/4	1	2	1/8		1/8	1		2	62	487
42	42	7/8	7/8	4/4	1	2	1/8		1/8	1		6	66	487
43	43	0	0	4/4	2	1	1/4		1/4	1		8	44	500
43	43	0	0	4/4	1	1	1/4		1/4	1		11	65	493
43	43	1/8	1/8	4/4	1	2	1/8		1/8	1		5	59	497
43	43	1/8	1/8	4/4	1	2	1/8		1/8	1		2	62	497
43	43	1/4	1/4	4/4	2	1	1/8		1/8	1		3	45	501
43	43	1/4	1/4	4/4	1	1	1/4		1/4	1		6	66	494
43	43	3/8	3/8	4/4	2	1	1/8		1/8	1		5	47	502
43	43	3/8	3/8	4/4	1	2	1/8		1/8	1		3	57	498
43	43	3/8	3/8	4/4	1	2	1/8		1/8	1		7	61	498
43	43	1/2	1/2	4/4	2	1	1/2		1/2	1		7	49	503
43	43	1/2	1/2	4/4	1	1	3/8		1/4	3/2		3	69	495
43	43	5/8	5/8	4/4	1	2	3/8		1/4	3/2		5	59	499
43	43	5/8	5/8	4/4	1	2	3/8		1/4	3/2		11	65	499
43	43	3/4	3/4	4/4	2	2	1/4		1/4	1		7	37	504
43	43	7/8	7/8	4/4	1	1	1/8		1/8	1		8	68	496
44	44	0	0	4/4	2	1	1/4		1/4	1		6	42	510
44	44	0	0	4/4	1	2	1/4		1/4	1		10	58	509
44	44	0	0	4/4	1	1	1/4		1/4	1		6	66	505
44	44	1/4	1/4	4/4	2	1	1/8		1/8	1		7	37	511
44	44	7/16	7/16	4/4	2	1	1/16		1/16	1		11	41	512
44	44	1/2	1/2	4/4	2	1	1/8		1/8	1		6	42	513
44	44	1/2	1/2	4/4	1	1	1/4		1/4	1		6	54	506
44	44	3/4	3/4	4/4	1	1	1/8		1/8	1		7	49	507
44	44	15/16	15/16	4/4	1	1	1/16		1/16	1		11	53	508
45	45	0	0	4/4	1	1	1/8		1/8	1		6	54	514
45	45	0	0	4/4	2	1	1/4		1/4	1		6	66	518
45	45	1/4	1/4	4/4	2	1	1/8		1/8	1		7	61	519
45	45	7/16	7/16	4/4	2	1	1/16		1/16	1		11	65	520
45	45	1/2	1/2	4/4	2	1	1/8		1/8	1		6	66	521
45	45	1/2	1/2	4/4	1	1	1/4		1/4	1		6	78	515
45	45	3/4	3/4	4/4	1	1	1/8		1/8	1		7	73	516
45	45	15/16	15/16	4/4	1	1	1/16		1/16	1		11	77	517
46	46	0	0	4/4	1	1	1/8		1/8	1		6	78	522
46	46	0	0	4/4	2	1	1/4		1/4	1		6	90	524
46	46	1/4	1/4	4/4	2	1	1/8		1/8	1		7	85	525
46	46	7/16	7/16	4/4	2	1	1/16		1/16	1		11	89	526
46	46	1/2	1/2	4/4	1	1	1/4		1/4	1		6	66	523
46	46	1/2	1/2	4/4	1	1	1/4		1/4	1		7	73	523
46	46	1/2	1/2	4/4	1	1	1/4		1/4	1		6	78	523
46	46	1/2	1/2	4/4	1	1	1/4		1/4	1		10	82	523
46	46	1/2	1/2	4/4	2	1	1/4		1/4	1		6	90	527
46	46	3/4	3/4	4/4	2	1	1/8		1/8	1		7	85	528
46	46	15/16	15/16	4/4	2	1	1/16		1/16	1		11	89	529
47	47	0	0	4/4	1	1	1/4		1/4	1		6	66	530
47	47	0	0	4/4	1	1	1/4		1/4	1		7	73	530
47	47	0	0	4/4	1	1	1/4		1/4	1		6	78	530
47	47	0	0	4/4	1	1	1/4		1/4	1		10	82	530
47	47	0	0	4/4	2	1	1/4		1/4	1		6	90	532
47	47	1/4	1/4	4/4	2	1	1/8		1/8	1		7	85	533
47	47	7/16	7/16	4/4	2	1	1/16		1/16	1		11	89	534
47	47	1/2	1/2	4/4	1	1	3/8		1/4	3/2		6	66	531
47	47	1/2	1/2	4/4	1	1	3/8		1/4	3/2		7	73	531
47	47	1/2	1/2	4/4	1	1	3/8		1/4	3/2		6	78	531
47	47	1/2	1/2	4/4	1	1	3/8		1/4	3/2		10	82	531
47	47	1/2	1/2	4/4	2	1	3/8		1/4	3/2		6	90	535
48	48	0	0	4/4	2	1	1/4		1/4	1		3	45	546
48	48	0	0	4/4	2	1	1/4		1/4	1		4	52	546
48	48	0	0	4/4	1	2	1/4		1/4	1		7	61	542
48	48	0	0	4/4	1	1	1/4		1/4	1		3	69	536
48	48	1/4	1/4	4/4	1	1	1/8		1/8	1		4	64	537
48	48	7/16	7/16	4/4	2	1	1/16		1/16	1		5	47	547
48	48	7/16	7/16	4/4	2	1	1/16		1/16	1		4	52	547
48	48	7/16	7/16	4/4	1	2	1/16		1/16	1		2	62	543
48	48	7/16	7/16	4/4	1	1	1/16		1/16	1		8	68	538
48	48	1/2	1/2	4/4	2	1	1/4		1/4	1		7	49	548
48	48	1/2	1/2	4/4	2	1	1/4		1/4	1		4	52	548
48	48	1/2	1/2	4/4	1	2	1/4		1/4	1		7	61	544
48	48	1/2	1/2	4/4	1	1	1/4		1/4	1		3	69	539
48	48	3/4	3/4	4/4	1	1	1/8		1/8	1		4	64	540
48	48	15/16	15/16	4/4	2	1	1/16		1/16	1		2	50	549
48	48	15/16	15/16	4/4	2	1	1/16		1/16	1		4	52	549
48	48	15/16	15/16	4/4	1	2	1/16		1/16	1		5	59	545
48	48	15/16	15/16	4/4	1	1	1/16		1/16	1		8	68	541
49	49	0	0	4/4	2	1	1/4		1/4	1		7	49	559
49	49	0	0	4/4	2	1	1/4		1/4	1		4	52	559
49	49	0	0	4/4	1	2	1/4		1/4	1		4	64	556
49	49	0	0	4/4	1	1	1/4		1/4	1		3	69	550
49	49	1/4	1/4	4/4	2	1	1/4		1/4	1		2	50	560
49	49	1/4	1/4	4/4	2	1	1/4		1/4	1		6	54	560
49	49	1/4	1/4	4/4	1	2	1/4		1/4	1		5	59	557
49	49	1/4	1/4	4/4	1	1	1/8		1/8	1		5	71	551
49	49	7/16	7/16	4/4	1	1	1/16		1/16	1		3	69	552
49	49	1/2	1/2	4/4	2	1	1/8		1/8	1		4	52	561
49	49	1/2	1/2	4/4	2	1	1/8		1/8	1		8	56	561
49	49	1/2	1/2	4/4	1	2	1/8		1/8	1		5	59	558
49	49	1/2	1/2	4/4	1	1	1/8		1/8	1		8	68	553
49	49	11/16	11/16	4/4	1	1	1/16		1/16	1		6	66	554
49	49	3/4	3/4	4/4	1	1	1/4		1/4	1		4	64	555
50	50	0	0	4/4	2	1	1/4		1/4	1		6	54	572
50	50	0	0	4/4	1	2	1/4		1/4	1		3	57	568
50	50	0	0	4/4	1	2	1/4		1/4	1		7	61	568
50	50	0	0	4/4	1	1	1/4		1/4	1		3	69	562
50	50	1/4	1/4	4/4	2	1	1/8		1/8	1		7	49	573
50	50	1/4	1/4	4/4	2	1	1/8		1/8	1		8	56	573
50	50	1/4	1/4	4/4	1	2	1/8		1/8	1		7	61	569
50	50	1/4	1/4	4/4	1	1	1/8		1/8	1		4	64	563
50	50	7/16	7/16	4/4	1	1	1/16		1/16	1		8	68	564
50	50	1/2	1/2	4/4	2	1	1/4		1/4	1		6	54	574
50	50	1/2	1/2	4/4	1	2	1/4		1/4	1		3	57	570
50	50	1/2	1/2	4/4	1	2	1/4		1/4	1		7	61	570
50	50	1/2	1/2	4/4	1	1	1/4		1/4	1		3	69	565
50	50	3/4	3/4	4/4	2	1	1/8		1/8	1		5	47	575
50	50	3/4	3/4	4/4	2	1	1/8		1/8	1		6	54	575
50	50	3/4	3/4	4/4	1	2	1/8		1/8	1		3	57	571
50	50	3/4	3/4	4/4	1	1	1/8		1/8	1		7	61	566
50	50	15/16	15/16	4/4	1	1	1/16		1/16	1		2	62	567
51	51	0	0	4/4	2	1	1/4		1/4	1		4	52	579
51	51	0	0	4/4	1	1	1/4		1/4	1		3	57	576
51	51	0	0	4/4	1	1	1/4		1/4	1		7	61	576
51	51	0	0	4/4	1	1	1/4		1/4	1		4	64	576
51	51	1/4	1/4	4/4	2	1	1/4		1/4	1		4	52	580
51	51	1/4	1/4	4/4	1	1	1/4		1/4	1		8	56	577
51	51	1/4	1/4	4/4	1	1	1/4		1/4	1		5	59	577
51	51	1/4	1/4	4/4	1	1	1/4		1/4	1		4	64	577
51	51	1/2	1/2	4/4	2	1	1/2		1/2	1		3	45	581
51	51	1/2	1/2	4/4	2	1	1/2		1/2	1		4	52	581
51	51	1/2	1/2	4/4	1	1	1/2		1/2	1		3	57	578
51	51	1/2	1/2	4/4	1	1	1/2		1/2	1		7	61	578
52	52	0	0	4/4	2	1	1/8		1/8	1		3	45	588
52	52	0	0	4/4	2	1	1/8		1/8	1		4	52	588
52	52	0	0	4/4	2	1	1/8		1/8	1		7	61	588
52	52	0	0	4/4	1	1	1/4		1/4	1		3	69	582
52	52	0	0	4/4	1	1	1/4		1/4	1		3	81	582
52	52	3/16	3/16	4/4	2	1	1/16		1/16	1		2	62	589
52	52	3/16	3/16	4/4	2	1	1/16		1/16	1		6	66	589
52	52	1/4	1/4	4/4	2	1	1/8		1/8	1		7	61	590
52	52	1/4	1/4	4/4	2	1	1/8		1/8	1		4	64	590
52	52	1/4	1/4	4/4	1	1	1/8		1/8	1		4	76	583
52	52	7/16	7/16	4/4	2	1	1/16		1/16	1		5	59	591
52	52	7/16	7/16	4/4	2	1	1/16		1/16	1		2	62	591
52	52	7/16	7/16	4/4	1	1	1/16		1/16	1		8	68	584
52	52	7/16	7/16	4/4	1	1	1/16		1/16	1		4	76	584
52	52	7/16	7/16	4/4	1	1	1/16		1/16	1		8	80	584
52	52	1/2	1/2	4/4	2	1	1/8		1/8	1		3	57	592
52	52	1/2	1/2	4/4	2	1	1/8		1/8	1		7	61	592
52	52	1/2	1/2	4/4	1	1	1/4		1/4	1		3	69	585
52	52	1/2	1/2	4/4	1	1	1/4		1/4	1		4	76	585
52	52	1/2	1/2	4/4	1	1	1/4		1/4	1		3	81	585
52	52	11/16	11/16	4/4	2	1	1/16		1/16	1		6	54	593
52	52	11/16	11/16	4/4	2	1	1/16		1/16	1		2	62	593
52	52	3/4	3/4	4/4	2	1	1/8		1/8	1		4	52	594
52	52	3/4	3/4	4/4	2	1	1/8		1/8	1		7	61	594
52	52	3/4	3/4	4/4	1	1	1/8		1/8	1		4	76	586
52	52	15/16	15/16	4/4	2	1	1/16		1/16	1		2	50	595
52	52	15/16	15/16	4/4	2	1	1/16		1/16	1		5	59	595
52	52	15/16	15/16	4/4	1	1	1/16		1/16	1		8	68	587
52	52	15/16	15/16	4/4	1	1	1/16		1/16	1		4	76	587
52	52	15/16	15/16	4/4	1	1	1/16		1/16	1		8	80	587
53	53	0	0	4/4	2	1	1/4		1/4	1		7	49	602
53	53	0	0	4/4	2	1	1/4		1/4	1		3	57	602
53	53	0	0	4/4	1	1	1/4		1/4	1		3	69	596
53	53	0	0	4/4	1	1	1/4		1/4	1		4	76	596
53	53	0	0	4/4	1	1	1/4		1/4	1		3	81	596
53	53	1/4	1/4	4/4	2	2	1/4		1/4	1		5	47	608
53	53	1/4	1/4	4/4	2	2	1/4		1/4	1		6	54	608
53	53	1/4	1/4	4/4	2	1	3/16		1/8	3/2		2	62	603
53	53	1/4	1/4	4/4	1	1	3/16		1/8	3/2		5	71	597
53	53	1/4	1/4	4/4	1	1	3/16		1/8	3/2		2	74	597
53	53	1/4	1/4	4/4	1	1	3/16		1/8	3/2		5	83	597
53	53	7/16	7/16	4/4	2	1	1/16		1/16	1		7	61	604
53	53	7/16	7/16	4/4	1	1	1/16		1/16	1		3	69	598
53	53	7/16	7/16	4/4	1	1	1/16		1/16	1		3	81	598
53	53	1/2	1/2	4/4	2	2	1/4		1/4	1		4	52	609
53	53	1/2	1/2	4/4	2	1	3/16		1/8	3/2		5	59	605
53	53	1/2	1/2	4/4	1	1	3/16		1/8	3/2		8	68	599
53	53	1/2	1/2	4/4	1	1	3/16		1/8	3/2		8	80	599
53	53	11/16	11/16	4/4	2	1	1/16		1/16	1		3	57	606
53	53	11/16	11/16	4/4	1	1	1/16		1/16	1		6	66	600
53	53	11/16	11/16	4/4	1	1	1/16		1/16	1		6	78	600
53	53	3/4	3/4	4/4	2	2	3/16		1/8	3/2		4	52	610
53	53	3/4	3/4	4/4	2	1	1/4		1/4	1		8	56	607
53	53	3/4	3/4	4/4	1	1	1/4		1/4	1		4	64	601
53	53	3/4	3/4	4/4	1	1	1/4		1/4	1		4	76	601
53	53	15/16	15/16	4/4	2	2	1/16		1/16	1		2	50	611
54	54	0	0	4/4	2	1	1/4		1/4	1		7	49	619
54	54	0	0	4/4	2	1	1/4		1/4	1		3	57	619
54	54	0	0	4/4	1	1	1/4		1/4	1		3	69	612
54	54	0	0	4/4	1	1	1/4		1/4	1		4	76	612
54	54	0	0	4/4	1	1	1/4		1/4	1		3	81	612
54	54	1/4	1/4	4/4	2	1	3/16		1/8	3/2		5	47	620
54	54	1/4	1/4	4/4	2	1	3/16		1/8	3/2		8	56	620
54	54	1/4	1/4	4/4	1	1	3/16		1/8	3/2		5	71	613
54	54	1/4	1/4	4/4	1	1	3/16		1/8	3/2		4	76	613
54	54	1/4	1/4	4/4	1	1	3/16		1/8	3/2		5	83	613
54	54	7/16	7/16	4/4	2	1	1/16		1/16	1		3	45	621
54	54	7/16	7/16	4/4	2	1	1/16		1/16	1		3	57	621
54	54	7/16	7/16	4/4	1	1	1/16		1/16	1		7	73	614
54	54	7/16	7/16	4/4	1	1	1/16		1/16	1		4	76	614
54	54	7/16	7/16	4/4	1	1	1/16		1/16	1		7	85	614
54	54	1/2	1/2	4/4	2	1	1/4		1/4	1		8	44	622
54	54	1/2	1/2	4/4	2	1	1/4		1/4	1		4	52	622
54	54	1/2	1/2	4/4	2	1	1/4		1/4	1		5	59	622
54	54	1/2	1/2	4/4	1	1	1/8		1/8	1		5	71	615
54	54	1/2	1/2	4/4	1	1	1/8		1/8	1		4	76	615
54	54	1/2	1/2	4/4	1	1	1/8		1/8	1		5	83	615
54	54	11/16	11/16	4/4	1	1	1/16		1/16	1		3	69	616
54	54	11/16	11/16	4/4	1	1	1/16		1/16	1		3	81	616
54	54	3/4	3/4	4/4	2	1	1/4		1/4	1		3	45	623
54	54	3/4	3/4	4/4	2	1	1/4		1/4	1		4	52	623
54	54	3/4	3/4	4/4	2	1	1/4		1/4	1		7	61	623
54	54	3/4	3/4	4/4	1	1	1/8		1/8	1		8	68	617
54	54	3/4	3/4	4/4	1	1	1/8		1/8	1		8	80	617
54	54	15/16	15/16	4/4	1	1	1/16		1/16	1		6	66	618
54	54	15/16	15/16	4/4	1	1	1/16		1/16	1		6	78	618
55	55	0	0	4/4	2	1	1/4		1/4	1		5	47	629
55	55	0	0	4/4	2	1	1/4		1/4	1		8	56	629
55	55	0	0	4/4	2	1	1/4		1/4	1		4	64	629
55	55	0	0	4/4	1	1	1/4		1/4	1		8	68	624
55	55	0	0	4/4	1	1	1/4		1/4	1		8	80	624
55	55	1/4	1/4	4/4	1	1	0	acciaccatura	1/8	1		8	80	625
55	55	1/4	1/4	4/4	2	1	1/4		1/4	1		5	47	630
55	55	1/4	1/4	4/4	2	1	1/4		1/4	1		3	57	630
55	55	1/4	1/4	4/4	2	1	1/4		1/4	1		9	63	630
55	55	1/4	1/4	4/4	1	1	1/8		1/8	1		6	66	626
55	55	1/4	1/4	4/4	1	1	1/8		1/8	1		6	78	626
55	55	7/16	7/16	4/4	1	1	1/16		1/16	1		4	64	627
55	55	7/16	7/16	4/4	1	1	1/16		1/16	1		4	76	627
55	55	1/2	1/2	4/4	2	1	1/2		1/2	1		4	40	631
55	55	1/2	1/2	4/4	2	1	1/2		1/2	1		8	56	631
55	55	1/2	1/2	4/4	1	1	1/2		1/2	1		4	64	628
55	55	1/2	1/2	4/4	1	1	1/2		1/2	1		4	76	628
56	56	0	0	4/4	2	1	1/4		1/4	1		4	64	632
56	56	1/4	1/4	4/4	2	1	1/8		1/8	1		5	59	633
56	56	7/16	7/16	4/4	2	1	1/16		1/16	1		9	63	634
56	56	1/2	1/2	4/4	2	1	1/4		1/4	1		4	64	635
56	56	3/4	3/4	4/4	2	1	1/8		1/8	1		1	55	636
56	56	15/16	15/16	4/4	2	1	1/16		1/16	1		5	59	637
57	57	0	0	4/4	2	1	1/4		1/4	1		0	60	638
57	57	1/8	1/8	4/4	2	2	1/8		1/8	1		4	52	644
57	57	1/4	1/4	4/4	2	2	1/8		1/8	1		-1	53	645
57	57	1/4	1/4	4/4	2	1	1/8		1/8	1		2	62	639
57	57	7/16	7/16	4/4	2	2	1/16		1/16	1		3	57	646
57	57	7/16	7/16	4/4	2	1	1/16		1/16	1		0	60	640
57	57	1/2	1/2	4/4	2	2	1/8		1/8	1		1	55	647
57	57	1/2	1/2	4/4	2	1	1/8		1/8	1		5	59	641
57	57	11/16	11/16	4/4	2	2	1/16		1/16	1		-1	53	648
57	57	11/16	11/16	4/4	2	1	1/16		1/16	1		3	57	642
57	57	3/4	3/4	4/4	2	2	3/16		1/8	3/2		4	52	649
57	57	3/4	3/4	4/4	2	1	1/4		1/4	1		8	56	643
57	57	15/16	15/16	4/4	2	2	1/16		1/16	1		2	50	650
58	58	0	0	4/4	2	2	1/2		1/2	1		7	49	666
58	58	0	0	4/4	2	1	1/2		1/2	1		3	57	663
58	58	0	0	4/4	1	2	1/2		1/2	1		4	64	660
58	58	0	0	4/4	1	1	1/4		1/4	1		3	69	651
58	58	1/4	1/4	4/4	1	1	0	grace16	1/16	1		5	71	652
58	58	1/4	1/4	4/4	1	1	0	grace16	1/16	1		3	69	653
58	58	1/4	1/4	4/4	1	1	0	grace16	1/16	1		8	68	654
58	58	1/4	1/4	4/4	1	1	0	grace16	1/16	1		3	69	655
58	58	1/4	1/4	4/4	1	1	3/16		1/8	3/2		5	71	656
58	58	7/16	7/16	4/4	1	1	1/16		1/16	1		7	73	657
58	58	1/2	1/2	4/4	2	2	1/4		1/4	1		2	50	667
58	58	1/2	1/2	4/4	2	1	1/4		1/4	1		3	57	664
58	58	1/2	1/2	4/4	1	2	1/4		1/4	1		2	62	661
58	58	1/2	1/2	4/4	1	1	1/4		1/4	1		6	66	658
58	58	3/4	3/4	4/4	2	2	3/16		1/8	3/2		4	52	668
58	58	3/4	3/4	4/4	2	1	1/4		1/4	1		3	57	665
58	58	3/4	3/4	4/4	1	2	1/4		1/4	1		2	62	662
58	58	3/4	3/4	4/4	1	1	1/4		1/4	1		6	66	659
58	58	15/16	15/16	4/4	2	2	1/16		1/16	1		6	54	669
59	59	0	0	4/4	2	2	1/2		1/2	1		5	47	686
59	59	0	0	4/4	2	2	1/2		1/2	1		6	54	686
59	59	0	0	4/4	2	1	1/2		1/2	1		5	59	682
59	59	0	0	4/4	1	2	1/2		1/2	1		2	62	680
59	59	0	0	4/4	1	1	1/4		1/4	1		5	71	670
59	59	1/4	1/4	4/4	1	1	0	grace16	1/16	1		7	73	671
59	59	1/4	1/4	4/4	1	1	0	grace16	1/16	1		5	71	672
59	59	1/4	1/4	4/4	1	1	0	grace16	1/16	1		10	70	673
59	59	1/4	1/4	4/4	1	1	0	grace16	1/16	1		5	71	674
59	59	1/4	1/4	4/4	1	1	3/16		1/8	3/2		7	73	675
59	59	7/16	7/16	4/4	1	1	1/16		1/16	1		2	74	676
59	59	1/2	1/2	4/4	2	2	1/4		1/4	1		4	52	687
59	59	1/2	1/2	4/4	2	1	3/16		1/8	3/2		5	59	683
59	59	1/2	1/2	4/4	1	2	1/4		1/4	1		4	64	681
59	59	1/2	1/2	4/4	1	1	3/16		1/8	3/2		8	68	677
59	59	11/16	11/16	4/4	2	1	1/16		1/16	1		3	57	684
59	59	11/16	11/16	4/4	1	1	1/16		1/16	1		6	66	678
59	59	3/4	3/4	4/4	2	2	3/16		1/8	3/2		4	52	688
59	59	3/4	3/4	4/4	2	1	1/4		1/4	1		8	56	685
59	59	3/4	3/4	4/4	1	1	1/4		1/4	1		4	64	679
59	59	15/16	15/16	4/4	2	2	1/16		1/16	1		2	50	689
60	60	0	0	4/4	2	2	1/4		1/4	1		7	49	694
60	60	0	0	4/4	2	1	1/4		1/4	1		3	57	692
60	60	0	0	4/4	1	1	1/4		1/4	1		4	64	690
60	60	0	0	4/4	1	1	1/4		1/4	1		3	69	690
60	60	1/4	1/4	4/4	2	2	1/8		1/8	1		2	50	695
60	60	7/16	7/16	4/4	2	2	1/16		1/16	1		9	51	696
60	60	1/2	1/2	4/4	2	2	1/4		1/4	1		4	52	697
60	60	1/2	1/2	4/4	2	1	1/4		1/4	1		8	56	693
60	60	1/2	1/2	4/4	1	1	1/4		1/4	1		5	59	691
60	60	1/2	1/2	4/4	1	1	1/4		1/4	1		4	64	691
60	60	1/2	1/2	4/4	1	1	1/4		1/4	1		5	71	691
60	60	3/4	3/4	4/4	2	2	1/8		1/8	1		2	50	698
60	60	15/16	15/16	4/4	2	2	1/16		1/16	1		5	47	699
61	61	0	0	4/4	2	1	1/4		1/4	1		3	45	703
61	61	0	0	4/4	2	1	1/4		1/4	1		4	52	703
61	61	0	0	4/4	2	1	1/4		1/4	1		3	57	703
61	61	0	0	4/4	1	1	1/4		1/4	1		7	61	700
61	61	0	0	4/4	1	1	1/4		1/4	1		4	64	700
61	61	0	0	4/4	1	1	1/4		1/4	1		7	73	700
61	61	1/4	1/4	4/4	2	1	1/8		1/8	1		5	47	704
61	61	1/4	1/4	4/4	2	1	1/8		1/8	1		5	59	704
61	61	7/16	7/16	4/4	2	1	1/16		1/16	1		3	45	705
61	61	7/16	7/16	4/4	2	1	1/16		1/16	1		3	57	705
61	61	1/2	1/2	4/4	2	1	1/8		1/8	1		8	44	706
61	61	1/2	1/2	4/4	2	1	1/8		1/8	1		8	56	706
61	61	1/2	1/2	4/4	1	1	1/4		1/4	1		4	64	701
61	61	1/2	1/2	4/4	1	1	1/4		1/4	1		5	71	701
61	61	1/2	1/2	4/4	1	1	1/4		1/4	1		4	76	701
61	61	11/16	11/16	4/4	2	1	1/16		1/16	1		6	42	707
61	61	11/16	11/16	4/4	2	1	1/16		1/16	1		6	54	707
61	61	3/4	3/4	4/4	2	1	1/8		1/8	1		4	40	708
61	61	3/4	3/4	4/4	2	1	1/8		1/8	1		4	52	708
61	61	3/4	3/4	4/4	1	1	1/4		1/4	1		8	68	702
61	61	3/4	3/4	4/4	1	1	1/4		1/4	1		5	71	702
61	61	3/4	3/4	4/4	1	1	1/4		1/4	1		4	76	702
61	61	3/4	3/4	4/4	1	1	1/4		1/4	1		8	80	702
61	61	15/16	15/16	4/4	2	1	1/16		1/16	1		2	38	709
61	61	15/16	15/16	4/4	2	1	1/16		1/16	1		2	50	709
62	62	0	0	4/4	2	1	1/4		1/4	1		7	37	717
62	62	0	0	4/4	2	1	1/4		1/4	1		7	49	717
62	62	0	0	4/4	1	1	1/4		1/4	1		3	69	710
62	62	0	0	4/4	1	1	1/4		1/4	1		4	76	710
62	62	0	0	4/4	1	1	1/4		1/4	1		3	81	710
62	62	1/4	1/4	4/4	1	1	1/8		1/8	1		5	71	711
62	62	1/4	1/4	4/4	1	1	1/8		1/8	1		5	83	711
62	62	7/16	7/16	4/4	1	1	1/16		1/16	1		7	73	712
62	62	7/16	7/16	4/4	1	1	1/16		1/16	1		7	85	712
62	62	1/2	1/2	4/4	2	1	1/4		1/4	1		2	50	718
62	62	1/2	1/2	4/4	2	1	1/4		1/4	1		2	62	718
62	62	1/2	1/2	4/4	1	2	1/4		1/4	1		6	66	714
62	62	1/2	1/2	4/4	1	1	1/2		1/2	1		2	74	713
62	62	1/2	1/2	4/4	1	1	1/2		1/2	1		6	78	713
62	62	3/4	3/4	4/4	2	1	1/8		1/8	1		4	52	719
62	62	3/4	3/4	4/4	2	1	1/8		1/8	1		4	64	719
62	62	3/4	3/4	4/4	1	2	1/8		1/8	1		8	68	715
62	62	15/16	15/16	4/4	2	1	1/16		1/16	1		6	54	720
62	62	15/16	15/16	4/4	2	1	1/16		1/16	1		6	66	720
62	62	15/16	15/16	4/4	1	2	1/16		1/16	1		3	69	716
63	63	0	0	4/4	2	1	1/4		1/4	1		5	47	727
63	63	0	0	4/4	2	1	1/4		1/4	1		5	59	727
63	63	0	0	4/4	1	1	1		1	1	1	2	74	721
63	63	0	0	4/4	1	1	1		1	1	1	6	78	721
63	63	0	0	4/4	1	1	1		1	1	1	2	86	721
63	63	1/4	1/4	4/4	2	1	1/8		1/8	1		7	49	728
63	63	1/4	1/4	4/4	2	1	1/8		1/8	1		7	61	728
63	63	1/4	1/4	4/4	1	2	1/8		1/8	1		4	64	722
63	63	7/16	7/16	4/4	2	1	1/16		1/16	1		2	50	729
63	63	7/16	7/16	4/4	2	1	1/16		1/16	1		2	62	729
63	63	7/16	7/16	4/4	1	2	1/16		1/16	1		6	66	723
63	63	1/2	1/2	4/4	2	1	1/4		1/4	1		8	44	730
63	63	1/2	1/2	4/4	2	1	1/4		1/4	1		8	56	730
63	63	1/2	1/2	4/4	1	2	1/4		1/4	1		5	59	724
63	63	3/4	3/4	4/4	2	1	1/8		1/8	1		3	45	731
63	63	3/4	3/4	4/4	2	1	1/8		1/8	1		3	57	731
63	63	3/4	3/4	4/4	1	2	1/8		1/8	1		7	61	725
63	63	15/16	15/16	4/4	2	1	1/16		1/16	1		5	47	732
63	63	15/16	15/16	4/4	2	1	1/16		1/16	1		5	59	732
63	63	15/16	15/16	4/4	1	2	1/16		1/16	1		2	62	726
64	64	0	0	4/4	2	1	1/4		1/4	1		4	40	741
64	64	0	0	4/4	2	1	1/4		1/4	1		4	52	741
64	64	0	0	4/4	1	2	1/4		1/4	1		8	56	740
64	64	0	0	4/4	1	1	1/4		1/4	1	-1	2	74	733
64	64	0	0	4/4	1	1	1/4		1/4	1	-1	6	78	733
64	64	0	0	4/4	1	1	1/4		1/4	1	-1	2	86	733
64	64	1/4	1/4	4/4	2	1	1/8		1/8	1		8	44	742
64	64	1/4	1/4	4/4	2	1	1/8		1/8	1		4	52	742
64	64	1/4	1/4	4/4	2	1	1/8		1/8	1		5	59	742
64	64	1/4	1/4	4/4	1	1	1/8		1/8	1		4	76	734
64	64	1/4	1/4	4/4	1	1	1/8		1/8	1		4	88	734
64	64	7/16	7/16	4/4	1	1	1/16		1/16	1		2	74	735
64	64	7/16	7/16	4/4	1	1	1/16		1/16	1		2	86	735
64	64	1/2	1/2	4/4	2	1	1/8		1/8	1		3	45	743
64	64	1/2	1/2	4/4	2	1	1/8		1/8	1		4	52	743
64	64	1/2	1/2	4/4	2	1	1/8		1/8	1		7	61	743
64	64	1/2	1/2	4/4	1	1	1/8		1/8	1		7	73	736
64	64	1/2	1/2	4/4	1	1	1/8		1/8	1		7	85	736
64	64	11/16	11/16	4/4	1	1	1/16		1/16	1		5	71	737
64	64	11/16	11/16	4/4	1	1	1/16		1/16	1		5	83	737
64	64	3/4	3/4	4/4	2	1	1/8		1/8	1		7	49	744
64	64	3/4	3/4	4/4	2	1	1/8		1/8	1		4	52	744
64	64	3/4	3/4	4/4	2	1	1/8		1/8	1		3	57	744
64	64	3/4	3/4	4/4	1	1	1/8		1/8	1		3	69	738
64	64	3/4	3/4	4/4	1	1	1/8		1/8	1		3	81	738
64	64	15/16	15/16	4/4	2	1	1/16		1/16	1		2	50	745
64	64	15/16	15/16	4/4	2	1	1/16		1/16	1		6	54	745
64	64	15/16	15/16	4/4	2	1	1/16		1/16	1		5	59	745
64	64	15/16	15/16	4/4	1	1	1/16		1/16	1		5	71	739
64	64	15/16	15/16	4/4	1	1	1/16		1/16	1		5	83	739
65	65	0	0	4/4	2	1	1/4		1/4	1		4	52	751
65	65	0	0	4/4	2	1	1/4		1/4	1		3	57	751
65	65	0	0	4/4	2	1	1/4		1/4	1		7	61	751
65	65	0	0	4/4	2	1	1/4		1/4	1		4	64	751
65	65	0	0	4/4	1	1	1/4		1/4	1		7	73	746
65	65	0	0	4/4	1	1	1/4		1/4	1		4	76	746
65	65	0	0	4/4	1	1	1/4		1/4	1		3	81	746
65	65	0	0	4/4	1	1	1/4		1/4	1		7	85	746
65	65	1/4	1/4	4/4	1	1	0	acciaccatura	1/8	1		7	73	747
65	65	1/4	1/4	4/4	1	1	1/8		1/8	1		7	85	748
65	65	1/2	1/2	4/4	2	1	1/8		1/8	1		4	40	752
65	65	1/2	1/2	4/4	2	1	1/8		1/8	1		8	44	752
65	65	1/2	1/2	4/4	2	1	1/8		1/8	1		5	47	752
65	65	1/2	1/2	4/4	2	1	1/8		1/8	1		4	52	752
65	65	1/2	1/2	4/4	1	1	1/8		1/8	1		5	71	749
65	65	1/2	1/2	4/4	1	1	1/8		1/8	1		2	74	749
65	65	1/2	1/2	4/4	1	1	1/8		1/8	1		8	80	749
65	65	1/2	1/2	4/4	1	1	1/8		1/8	1		5	83	749
65	65	15/16	15/16	4/4	2	1	1/16		1/16	1		3	45	753
65	65	15/16	15/16	4/4	2	1	1/16		1/16	1		7	49	753
65	65	15/16	15/16	4/4	2	1	1/16		1/16	1		4	52	753
65	65	15/16	15/16	4/4	2	1	1/16		1/16	1		3	57	753
65	65	15/16	15/16	4/4	1	1	1/16		1/16	1		3	69	750
65	65	15/16	15/16	4/4	1	1	1/16		1/16	1		7	73	750
65	65	15/16	15/16	4/4	1	1	1/16		1/16	1		4	76	750
65	65	15/16	15/16	4/4	1	1	1/16		1/16	1		3	81	750
66	66	0	0	4/4	2	1	1/4		1/4	1		3	45	761
66	66	0	0	4/4	2	1	1/4		1/4	1		7	49	761
66	66	0	0	4/4	2	1	1/4		1/4	1		4	52	761
66	66	0	0	4/4	2	1	1/4		1/4	1		3	57	761
66	66	0	0	4/4	1	1	1/4		1/4	1		3	69	754
66	66	0	0	4/4	1	1	1/4		1/4	1		7	73	754
66	66	0	0	4/4	1	1	1/4		1/4	1		4	76	754
66	66	0	0	4/4	1	1	1/4		1/4	1		3	81	754
66	66	1/4	1/4	4/4	1	1	1/8		1/8	1		4	64	755
66	66	7/16	7/16	4/4	1	1	1/16		1/16	1		8	68	756
66	66	1/2	1/2	4/4	1	1	1/4		1/4	1		3	69	757
66	66	3/4	3/4	4/4	2	1	1/8		1/8	1		6	54	762
66	66	3/4	3/4	4/4	1	2	1/4		1/4	1		3	57	760
66	66	3/4	3/4	4/4	1	1	1/8		1/8	1		7	61	758
66	66	15/16	15/16	4/4	2	1	1/16		1/16	1		-1	53	763
66	66	15/16	15/16	4/4	1	1	1/16		1/16	1		2	62	759
67	67	0	0	4/4	2	1	1/4		1/4	1		4	52	767
67	67	0	0	4/4	1	1	1/4		1/4	1		3	57	764
67	67	0	0	4/4	1	1	1/4		1/4	1		5	59	764
67	67	0	0	4/4	1	1	1/4		1/4	1		4	64	764
67	67	1/4	1/4	4/4	2	2	1/4		1/4	1		4	40	772
67	67	1/4	1/4	4/4	2	1	1/4		1/4	1		4	52	768
67	67	1/4	1/4	4/4	1	1	1/4		1/4	1		8	56	765
67	67	1/4	1/4	4/4	1	1	1/4		1/4	1		5	59	765
67	67	1/4	1/4	4/4	1	1	1/4		1/4	1		4	64	765
67	67	1/2	1/2	4/4	2	2	1/4		1/4	1		3	45	773
67	67	1/2	1/2	4/4	2	1	1/4		1/4	1		4	52	769
67	67	1/2	1/2	4/4	1	1	1/4		1/4	1		3	57	766
67	67	1/2	1/2	4/4	1	1	1/4		1/4	1		7	61	766
67	67	3/4	3/4	4/4	2	1	1/8		1/8	1		4	52	770
67	67	15/16	15/16	4/4	2	1	1/16		1/16	1		8	56	771
68	68	0	0	4/4	2	1	1/4		1/4	1		3	57	779
68	68	1/4	1/4	4/4	2	1	1/8		1/8	1		7	49	780
68	68	1/4	1/4	4/4	1	1	1/8		1/8	1		4	64	774
68	68	7/16	7/16	4/4	2	1	1/16		1/16	1		2	50	781
68	68	7/16	7/16	4/4	1	1	1/16		1/16	1		6	66	775
68	68	1/2	1/2	4/4	2	1	1/4		1/4	1		6	54	782
68	68	1/2	1/2	4/4	1	1	1/4		1/4	1		3	69	776
68	68	3/4	3/4	4/4	2	1	1/4		1/4	1		5	47	783
68	68	3/4	3/4	4/4	1	2	1/4		1/4	1	1	2	62	778
68	68	3/4	3/4	4/4	1	1	1/4		1/4	1	1	3	69	777
69	69	0	0	4/4	1	2	0	grace16	1/16	1		6	66	789
69	69	0	0	4/4	1	2	0	grace16	1/16	1		8	68	790
69	69	0	0	4/4	2	1	1		1	1		4	52	792
69	69	0	0	4/4	1	2	1		1	1		5	59	791
69	69	0	0	4/4	1	2	1		1	1	-1	2	62	791
69	69	0	0	4/4	1	1	1/2		1/2	1	-1	3	69	784
69	69	1/2	1/2	4/4	1	1	0	grace16	1/16	1		6	66	785
69	69	1/2	1/2	4/4	1	1	0	grace16	1/16	1		8	68	786
69	69	1/2	1/2	4/4	1	1	0	grace16	1/16	1		3	69	787
69	69	1/2	1/2	4/4	2	2	1/2		1/2	1		4	40	793
69	69	1/2	1/2	4/4	1	1	1/2		1/2	1		8	68	788
70	70	0	0	4/4	2	1	1/4		1/4	1		3	45	798
70	70	0	0	4/4	1	1	1/8		1/8	1		3	57	794
70	70	0	0	4/4	1	1	1/8		1/8	1		7	61	794
70	70	0	0	4/4	1	1	1/8		1/8	1		3	69	794
70	70	1/4	1/4	4/4	2	1	1/8		1/8	1		4	40	799
70	70	7/16	7/16	4/4	2	1	1/16		1/16	1		8	44	800
70	70	1/2	1/2	4/4	2	1	1/8		1/8	1		3	45	801
70	70	1/2	1/2	4/4	1	1	1/4		1/4	1		3	57	795
70	70	3/4	3/4	4/4	1	1	1/8		1/8	1		4	52	796
70	70	15/16	15/16	4/4	1	1	1/16		1/16	1		8	56	797
71	71	0	0	4/4	1	1	1/8		1/8	1		3	57	802
71	71	0	0	4/4	2	1	1/4		1/4	1		3	69	806
71	71	1/4	1/4	4/4	2	1	1/8		1/8	1		4	64	807
71	71	7/16	7/16	4/4	2	1	1/16		1/16	1		8	68	808
71	71	1/2	1/2	4/4	2	1	1/8		1/8	1		3	69	809
71	71	1/2	1/2	4/4	1	1	1/4		1/4	1		3	81	803
71	71	3/4	3/4	4/4	1	1	1/8		1/8	1		4	76	804
71	71	15/16	15/16	4/4	1	1	1/16		1/16	1		8	80	805
72	72	0	0	4/4	1	1	1/8		1/8	1		3	81	810
72	72	0	0	4/4	2	1	1/4		1/4	1		3	81	812
72	72	1/4	1/4	4/4	2	1	1/8		1/8	1		4	76	813
72	72	7/16	7/16	4/4	2	1	1/16		1/16	1		8	80	814
72	72	1/2	1/2	4/4	1	1	1/4		1/4	1		3	69	811
72	72	1/2	1/2	4/4	1	1	1/4		1/4	1		4	76	811
72	72	1/2	1/2	4/4	2	1	1/4		1/4	1		3	81	815
72	72	1/2	1/2	4/4	1	1	1/4		1/4	1		7	85	811
72	72	3/4	3/4	4/4	2	1	1/8		1/8	1		4	76	816
72	72	15/16	15/16	4/4	2	1	1/16		1/16	1		8	80	817
73	73	0	0	4/4	1	1	1/4		1/4	1		3	69	818
73	73	0	0	4/4	1	1	1/4		1/4	1		4	76	818
73	73	0	0	4/4	2	1	1/4		1/4	1		3	81	820
73	73	0	0	4/4	1	1	1/4		1/4	1		7	85	818
73	73	1/4	1/4	4/4	2	1	1/8		1/8	1		4	76	821
73	73	7/16	7/16	4/4	2	1	1/16		1/16	1		8	80	822
73	73	1/2	1/2	4/4	1	1	3/8		1/4	3/2		3	69	819
73	73	1/2	1/2	4/4	1	1	3/8		1/4	3/2		4	76	819
73	73	1/2	1/2	4/4	2	1	3/8		1/4	3/2		3	81	823
73	73	1/2	1/2	4/4	1	1	3/8		1/4	3/2		7	85	819
74	74	1/4	1/4	4/4	2	1	1/4		1/4	1		7	37	832
74	74	1/4	1/4	4/4	2	1	1/4		1/4	1		7	49	832
74	74	1/4	1/4	4/4	1	2	1/4		1/4	1		8	56	829
74	74	1/4	1/4	4/4	1	2	1/4		1/4	1		7	61	829
74	74	1/4	1/4	4/4	1	1	1/8		1/8	1		4	64	824
74	74	7/16	7/16	4/4	1	1	1/16		1/16	1		8	68	825
74	74	1/2	1/2	4/4	2	1	1/4		1/4	1		6	42	833
74	74	1/2	1/2	4/4	2	1	1/4		1/4	1		6	54	833
74	74	1/2	1/2	4/4	1	2	1/4		1/4	1		3	57	830
74	74	1/2	1/2	4/4	1	2	1/4		1/4	1		7	61	830
74	74	1/2	1/2	4/4	1	1	1/4		1/4	1		3	69	826
74	74	3/4	3/4	4/4	2	1	1/4		1/4	1		5	35	834
74	74	3/4	3/4	4/4	2	1	1/4		1/4	1		5	47	834
74	74	3/4	3/4	4/4	1	2	1/4		1/4	1		6	54	831
74	74	3/4	3/4	4/4	1	2	1/4		1/4	1		3	57	831
74	74	3/4	3/4	4/4	1	1	1/8		1/8	1		7	61	827
74	74	15/16	15/16	4/4	1	1	1/16		1/16	1		2	62	828
75	75	0	0	4/4	2	1	1/4		1/4	1		4	40	838
75	75	0	0	4/4	2	1	1/4		1/4	1		4	52	838
75	75	0	0	4/4	1	1	1/4		1/4	1		3	57	835
75	75	0	0	4/4	1	1	1/4		1/4	1		7	61	835
75	75	0	0	4/4	1	1	1/4		1/4	1		4	64	835
75	75	1/4	1/4	4/4	2	1	1/4		1/4	1		4	40	839
75	75	1/4	1/4	4/4	2	1	1/4		1/4	1		4	52	839
75	75	1/4	1/4	4/4	1	1	1/4		1/4	1		8	56	836
75	75	1/4	1/4	4/4	1	1	1/4		1/4	1		5	59	836
75	75	1/4	1/4	4/4	1	1	1/4		1/4	1		4	64	836
75	75	1/2	1/2	4/4	2	1	1/2		1/2	1		3	33	840
75	75	1/2	1/2	4/4	2	1	1/2		1/2	1		3	45	840
75	75	1/2	1/2	4/4	1	1	1/2		1/2	1		4	52	837
75	75	1/2	1/2	4/4	1	1	1/2		1/2	1		3	57	837
75	75	1/2	1/2	4/4	1	1	1/2		1/2	1		7	61	837
