mc	mn	quarterbeats	quarterbeats_all_endings	duration_qb	mc_onset	mn_onset	timesig	staff	voice	duration	gracenote	nominal_duration	scalar	tied	tpc	midi	name	octave	chord_id
1	1	0	0	1.0	0	0	4/4	2	1	1/4		1/4	1		3	57	A3	3	0
1	1	1	1	0.5	1/4	1/4	4/4	2	1	1/8		1/8	1		4	52	E3	3	1
1	1	7/4	7/4	0.25	7/16	7/16	4/4	2	1	1/16		1/16	1		8	56	G#3	3	2
1	1	2	2	1.0	1/2	1/2	4/4	2	1	1/4		1/4	1		3	57	A3	3	3
1	1	3	3	0.5	3/4	3/4	4/4	2	1	1/8		1/8	1		4	52	E3	3	4
1	1	15/4	15/4	0.25	15/16	15/16	4/4	2	1	1/16		1/16	1		8	56	G#3	3	5
2	2	4	4	1.0	0	0	4/4	2	1	1/4		1/4	1		3	57	A3	3	6
2	2	5	5	0.5	1/4	1/4	4/4	2	1	1/8		1/8	1		5	59	B3	3	7
2	2	23/4	23/4	0.25	7/16	7/16	4/4	2	1	1/16		1/16	1		3	57	A3	3	8
2	2	6	6	0.5	1/2	1/2	4/4	2	1	1/8		1/8	1		8	56	G#3	3	9
2	2	27/4	27/4	0.25	11/16	11/16	4/4	2	1	1/16		1/16	1		6	54	F#3	3	10
2	2	7	7	1.0	3/4	3/4	4/4	2	1	1/4		1/4	1		4	52	E3	3	11
3	3	8	8	1.0	0	0	4/4	2	2	1/4		1/4	1		7	49	C#3	3	23
3	3	8	8	1.0	0	0	4/4	2	2	1/4		1/4	1		4	52	E3	3	23
3	3	8	8	1.0	0	0	4/4	2	1	1/4		1/4	1		3	57	A3	3	12
3	3	9	9	0.0	1/4	1/4	4/4	2	1	0	grace16	1/16	1		5	59	B3	3	13
3	3	9	9	0.0	1/4	1/4	4/4	2	1	0	grace16	1/16	1		3	57	A3	3	14
3	3	9	9	0.0	1/4	1/4	4/4	2	1	0	grace16	1/16	1		8	56	G#3	3	15
3	3	9	9	0.0	1/4	1/4	4/4	2	1	0	grace16	1/16	1		3	57	A3	3	16
3	3	9	9	2.0	1/4	1/4	4/4	2	2	1/2		1/2	1		2	50	D3	3	24
3	3	9	9	2.0	1/4	1/4	4/4	2	2	1/2		1/2	1		6	54	F#3	3	24
3	3	9	9	0.75	1/4	1/4	4/4	2	1	3/16		1/8	3/2		5	59	B3	3	17
3	3	39/4	39/4	0.25	7/16	7/16	4/4	2	1	1/16		1/16	1		7	61	C#4	4	18
3	3	10	10	0.75	1/2	1/2	4/4	2	1	3/16		1/8	3/2		5	59	B3	3	19
3	3	43/4	43/4	0.25	11/16	11/16	4/4	2	1	1/16		1/16	1		3	57	A3	3	20
3	3	11	11	0.5	3/4	3/4	4/4	2	2	1/8		1/8	1		4	52	E3	3	25
3	3	11	11	0.5	3/4	3/4	4/4	2	1	1/8		1/8	1		8	56	G#3	3	21
3	3	47/4	47/4	0.25	15/16	15/16	4/4	2	2	1/16		1/16	1		3	45	A2	2	26
3	3	47/4	47/4	0.25	15/16	15/16	4/4	2	2	1/16		1/16	1		4	52	E3	3	26
3	3	47/4	47/4	0.25	15/16	15/16	4/4	2	1	1/16		1/16	1		6	54	F#3	3	22
4	4	12	12	0.5	0	0	4/4	2	2	1/8		1/8	1		5	47	B2	2	32
4	4	12	12	0.5	0	0	4/4	2	2	1/8		1/8	1		4	52	E3	3	32
4	4	12	12	1.0	0	0	4/4	2	1	1/4		1/4	1		8	56	G#3	3	27
4	4	13	13	0.5	1/4	1/4	4/4	2	2	1/8		1/8	1		5	47	B2	2	33
4	4	13	13	0.5	1/4	1/4	4/4	2	2	1/8		1/8	1		9	51	D#3	3	33
4	4	13	13	0.25	1/4	1/4	4/4	2	1	1/16		1/16	1		8	56	G#3	3	28
4	4	53/4	53/4	0.5	5/16	5/16	4/4	2	1	1/8		1/8	1		6	54	F#3	3	29
4	4	55/4	55/4	0.25	7/16	7/16	4/4	2	1	1/16		1/16	1		4	52	E3	3	30
4	4	14	14	1.0	1/2	1/2	4/4	2	2	1/4		1/4	1		4	52	E3	3	34
4	4	14	14	2.0	1/2	1/2	4/4	2	1	1/2		1/2	1		4	52	E3	3	31
4	4	15	15	0.5	3/4	3/4	4/4	2	2	1/8		1/8	1		4	40	E2	2	35
5	5	16	16	1.0	0	0	4/4	2	1	1/4		1/4	1		3	45	A2	2	46
5	5	16	16	1.0	0	0	4/4	2	1	1/4		1/4	1		4	52	E3	3	46
5	5	16	16	1.0	0	0	4/4	1	2	1/4		1/4	1		7	61	C#4	4	42
5	5	16	16	1.0	0	0	4/4	1	1	1/4		1/4	1		3	69	A4	4	36
5	5	17	17	0.5	1/4	1/4	4/4	1	1	1/8		1/8	1		4	64	E4	4	37
5	5	71/4	71/4	0.25	7/16	7/16	4/4	2	1	1/16		1/16	1		5	47	B2	2	47
5	5	71/4	71/4	0.25	7/16	7/16	4/4	2	1	1/16		1/16	1		4	52	E3	3	47
5	5	71/4	71/4	0.25	7/16	7/16	4/4	1	2	1/16		1/16	1		2	62	D4	4	43
5	5	71/4	71/4	0.25	7/16	7/16	4/4	1	1	1/16		1/16	1		8	68	G#4	4	38
5	5	18	18	1.0	1/2	1/2	4/4	2	1	1/4		1/4	1		7	49	C#3	3	48
5	5	18	18	1.0	1/2	1/2	4/4	2	1	1/4		1/4	1		4	52	E3	3	48
5	5	18	18	1.0	1/2	1/2	4/4	1	2	1/4		1/4	1		7	61	C#4	4	44
5	5	18	18	1.0	1/2	1/2	4/4	1	1	1/4		1/4	1		3	69	A4	4	39
5	5	19	19	0.5	3/4	3/4	4/4	1	1	1/8		1/8	1		4	64	E4	4	40
5	5	79/4	79/4	0.25	15/16	15/16	4/4	2	1	1/16		1/16	1		2	50	D3	3	49
5	5	79/4	79/4	0.25	15/16	15/16	4/4	2	1	1/16		1/16	1		4	52	E3	3	49
5	5	79/4	79/4	0.25	15/16	15/16	4/4	1	2	1/16		1/16	1		5	59	B3	3	45
5	5	79/4	79/4	0.25	15/16	15/16	4/4	1	1	1/16		1/16	1		8	68	G#4	4	41
6	6	20	20	1.0	0	0	4/4	2	1	1/4		1/4	1		7	49	C#3	3	59
6	6	20	20	1.0	0	0	4/4	2	1	1/4		1/4	1		4	52	E3	3	59
6	6	20	20	1.0	0	0	4/4	1	2	1/4		1/4	1		4	64	E4	4	56
6	6	20	20	1.0	0	0	4/4	1	1	1/4		1/4	1		3	69	A4	4	50
6	6	21	21	1.0	1/4	1/4	4/4	2	1	1/4		1/4	1		2	50	D3	3	60
6	6	21	21	1.0	1/4	1/4	4/4	2	1	1/4		1/4	1		6	54	F#3	3	60
6	6	21	21	1.0	1/4	1/4	4/4	1	2	1/4		1/4	1		5	59	B3	3	57
6	6	21	21	0.5	1/4	1/4	4/4	1	1	1/8		1/8	1		5	71	B4	4	51
6	6	87/4	87/4	0.25	7/16	7/16	4/4	1	1	1/16		1/16	1		3	69	A4	4	52
6	6	22	22	0.5	1/2	1/2	4/4	2	1	1/8		1/8	1		4	52	E3	3	61
6	6	22	22	0.5	1/2	1/2	4/4	2	1	1/8		1/8	1		8	56	G#3	3	61
6	6	22	22	0.5	1/2	1/2	4/4	1	2	1/8		1/8	1		5	59	B3	3	58
6	6	22	22	0.5	1/2	1/2	4/4	1	1	1/8		1/8	1		8	68	G#4	4	53
6	6	91/4	91/4	0.25	11/16	11/16	4/4	1	1	1/16		1/16	1		6	66	F#4	4	54
6	6	23	23	1.0	3/4	3/4	4/4	1	1	1/4		1/4	1		4	64	E4	4	55
7	7	24	24	1.0	0	0	4/4	2	1	1/4		1/4	1		6	54	F#3	3	72
7	7	24	24	1.0	0	0	4/4	1	2	1/4		1/4	1		3	57	A3	3	68
7	7	24	24	1.0	0	0	4/4	1	2	1/4		1/4	1		7	61	C#4	4	68
7	7	24	24	1.0	0	0	4/4	1	1	1/4		1/4	1		3	69	A4	4	62
7	7	25	25	0.5	1/4	1/4	4/4	2	1	1/8		1/8	1		7	49	C#3	3	73
7	7	25	25	0.5	1/4	1/4	4/4	2	1	1/8		1/8	1		8	56	G#3	3	73
7	7	25	25	0.5	1/4	1/4	4/4	1	2	1/8		1/8	1		7	61	C#4	4	69
7	7	25	25	0.5	1/4	1/4	4/4	1	1	1/8		1/8	1		4	64	E4	4	63
7	7	103/4	103/4	0.25	7/16	7/16	4/4	1	1	1/16		1/16	1		8	68	G#4	4	64
7	7	26	26	1.0	1/2	1/2	4/4	2	1	1/4		1/4	1		6	54	F#3	3	74
7	7	26	26	1.0	1/2	1/2	4/4	1	2	1/4		1/4	1		3	57	A3	3	70
7	7	26	26	1.0	1/2	1/2	4/4	1	2	1/4		1/4	1		7	61	C#4	4	70
7	7	26	26	1.0	1/2	1/2	4/4	1	1	1/4		1/4	1		3	69	A4	4	65
7	7	27	27	0.5	3/4	3/4	4/4	2	1	1/8		1/8	1		5	47	B2	2	75
7	7	27	27	0.5	3/4	3/4	4/4	2	1	1/8		1/8	1		6	54	F#3	3	75
7	7	27	27	0.5	3/4	3/4	4/4	1	2	1/8		1/8	1		3	57	A3	3	71
7	7	27	27	0.5	3/4	3/4	4/4	1	1	1/8		1/8	1		7	61	C#4	4	66
7	7	111/4	111/4	0.25	15/16	15/16	4/4	1	1	1/16		1/16	1		2	62	D4	4	67
8	8	28	28	1.0	0	0	4/4	2	1	1/4		1/4	1		4	52	E3	3	79
8	8	28	28	1.0	0	0	4/4	1	1	1/4		1/4	1		3	57	A3	3	76
8	8	28	28	1.0	0	0	4/4	1	1	1/4		1/4	1		7	61	C#4	4	76
8	8	28	28	1.0	0	0	4/4	1	1	1/4		1/4	1		4	64	E4	4	76
8	8	29	29	1.0	1/4	1/4	4/4	2	1	1/4		1/4	1		4	52	E3	3	80
8	8	29	29	1.0	1/4	1/4	4/4	1	1	1/4		1/4	1		8	56	G#3	3	77
8	8	29	29	1.0	1/4	1/4	4/4	1	1	1/4		1/4	1		5	59	B3	3	77
8	8	29	29	1.0	1/4	1/4	4/4	1	1	1/4		1/4	1		4	64	E4	4	77
8	8	30	30	2.0	1/2	1/2	4/4	2	1	1/2		1/2	1		3	45	A2	2	81
8	8	30	30	2.0	1/2	1/2	4/4	2	1	1/2		1/2	1		4	52	E3	3	81
8	8	30	30	2.0	1/2	1/2	4/4	1	1	1/2		1/2	1		3	57	A3	3	78
8	8	30	30	2.0	1/2	1/2	4/4	1	1	1/2		1/2	1		7	61	C#4	4	78
9	9	32	32	0.5	0	0	4/4	2	1	1/8		1/8	1		3	45	A2	2	88
9	9	32	32	0.5	0	0	4/4	2	1	1/8		1/8	1		4	52	E3	3	88
9	9	32	32	0.5	0	0	4/4	2	1	1/8		1/8	1		7	61	C#4	4	88
9	9	32	32	1.0	0	0	4/4	1	1	1/4		1/4	1		3	69	A4	4	82
9	9	32	32	1.0	0	0	4/4	1	1	1/4		1/4	1		3	81	A5	5	82
9	9	131/4	131/4	0.25	3/16	3/16	4/4	2	1	1/16		1/16	1		2	62	D4	4	89
9	9	131/4	131/4	0.25	3/16	3/16	4/4	2	1	1/16		1/16	1		6	66	F#4	4	89
9	9	33	33	0.5	1/4	1/4	4/4	2	1	1/8		1/8	1		7	61	C#4	4	90
9	9	33	33	0.5	1/4	1/4	4/4	2	1	1/8		1/8	1		4	64	E4	4	90
9	9	33	33	0.5	1/4	1/4	4/4	1	1	1/8		1/8	1		4	76	E5	5	83
9	9	135/4	135/4	0.25	7/16	7/16	4/4	2	1	1/16		1/16	1		5	59	B3	3	91
9	9	135/4	135/4	0.25	7/16	7/16	4/4	2	1	1/16		1/16	1		2	62	D4	4	91
9	9	135/4	135/4	0.25	7/16	7/16	4/4	1	1	1/16		1/16	1		8	68	G#4	4	84
9	9	135/4	135/4	0.25	7/16	7/16	4/4	1	1	1/16		1/16	1		4	76	E5	5	84
9	9	135/4	135/4	0.25	7/16	7/16	4/4	1	1	1/16		1/16	1		8	80	G#5	5	84
9	9	34	34	0.5	1/2	1/2	4/4	2	1	1/8		1/8	1		3	57	A3	3	92
9	9	34	34	0.5	1/2	1/2	4/4	2	1	1/8		1/8	1		7	61	C#4	4	92
9	9	34	34	1.0	1/2	1/2	4/4	1	1	1/4		1/4	1		3	69	A4	4	85
9	9	34	34	1.0	1/2	1/2	4/4	1	1	1/4		1/4	1		4	76	E5	5	85
9	9	34	34	1.0	1/2	1/2	4/4	1	1	1/4		1/4	1		3	81	A5	5	85
9	9	139/4	139/4	0.25	11/16	11/16	4/4	2	1	1/16		1/16	1		6	54	F#3	3	93
9	9	139/4	139/4	0.25	11/16	11/16	4/4	2	1	1/16		1/16	1		2	62	D4	4	93
9	9	35	35	0.5	3/4	3/4	4/4	2	1	1/8		1/8	1		4	52	E3	3	94
9	9	35	35	0.5	3/4	3/4	4/4	2	1	1/8		1/8	1		7	61	C#4	4	94
9	9	35	35	0.5	3/4	3/4	4/4	1	1	1/8		1/8	1		4	76	E5	5	86
9	9	143/4	143/4	0.25	15/16	15/16	4/4	2	1	1/16		1/16	1		2	50	D3	3	95
9	9	143/4	143/4	0.25	15/16	15/16	4/4	2	1	1/16		1/16	1		5	59	B3	3	95
9	9	143/4	143/4	0.25	15/16	15/16	4/4	1	1	1/16		1/16	1		8	68	G#4	4	87
9	9	143/4	143/4	0.25	15/16	15/16	4/4	1	1	1/16		1/16	1		4	76	E5	5	87
9	9	143/4	143/4	0.25	15/16	15/16	4/4	1	1	1/16		1/16	1		8	80	G#5	5	87
10	10	36	36	1.0	0	0	4/4	2	1	1/4		1/4	1		7	49	C#3	3	102
10	10	36	36	1.0	0	0	4/4	2	1	1/4		1/4	1		3	57	A3	3	102
10	10	36	36	1.0	0	0	4/4	1	1	1/4		1/4	1		3	69	A4	4	96
10	10	36	36	1.0	0	0	4/4	1	1	1/4		1/4	1		4	76	E5	5	96
10	10	36	36	1.0	0	0	4/4	1	1	1/4		1/4	1		3	81	A5	5	96
10	10	37	37	1.0	1/4	1/4	4/4	2	2	1/4		1/4	1		5	47	B2	2	108
10	10	37	37	1.0	1/4	1/4	4/4	2	2	1/4		1/4	1		6	54	F#3	3	108
10	10	37	37	0.75	1/4	1/4	4/4	2	1	3/16		1/8	3/2		2	62	D4	4	103
10	10	37	37	0.75	1/4	1/4	4/4	1	1	3/16		1/8	3/2		5	71	B4	4	97
10	10	37	37	0.75	1/4	1/4	4/4	1	1	3/16		1/8	3/2		2	74	D5	5	97
10	10	37	37	0.75	1/4	1/4	4/4	1	1	3/16		1/8	3/2		5	83	B5	5	97
10	10	151/4	151/4	0.25	7/16	7/16	4/4	2	1	1/16		1/16	1		7	61	C#4	4	104
10	10	151/4	151/4	0.25	7/16	7/16	4/4	1	1	1/16		1/16	1		3	69	A4	4	98
10	10	151/4	151/4	0.25	7/16	7/16	4/4	1	1	1/16		1/16	1		3	81	A5	5	98
10	10	38	38	1.0	1/2	1/2	4/4	2	2	1/4		1/4	1		4	52	E3	3	109
10	10	38	38	0.75	1/2	1/2	4/4	2	1	3/16		1/8	3/2		5	59	B3	3	105
10	10	38	38	0.75	1/2	1/2	4/4	1	1	3/16		1/8	3/2		8	68	G#4	4	99
10	10	38	38	0.75	1/2	1/2	4/4	1	1	3/16		1/8	3/2		8	80	G#5	5	99
10	10	155/4	155/4	0.25	11/16	11/16	4/4	2	1	1/16		1/16	1		3	57	A3	3	106
10	10	155/4	155/4	0.25	11/16	11/16	4/4	1	1	1/16		1/16	1		6	66	F#4	4	100
10	10	155/4	155/4	0.25	11/16	11/16	4/4	1	1	1/16		1/16	1		6	78	F#5	5	100
10	10	39	39	0.75	3/4	3/4	4/4	2	2	3/16		1/8	3/2		4	52	E3	3	110
10	10	39	39	1.0	3/4	3/4	4/4	2	1	1/4		1/4	1		8	56	G#3	3	107
10	10	39	39	1.0	3/4	3/4	4/4	1	1	1/4		1/4	1		4	64	E4	4	101
10	10	39	39	1.0	3/4	3/4	4/4	1	1	1/4		1/4	1		4	76	E5	5	101
10	10	159/4	159/4	0.25	15/16	15/16	4/4	2	2	1/16		1/16	1		2	50	D3	3	111
11	11	40	40	1.0	0	0	4/4	2	1	1/4		1/4	1		7	49	C#3	3	119
11	11	40	40	1.0	0	0	4/4	2	1	1/4		1/4	1		3	57	A3	3	119
11	11	40	40	1.0	0	0	4/4	1	1	1/4		1/4	1		3	69	A4	4	112
11	11	40	40	1.0	0	0	4/4	1	1	1/4		1/4	1		4	76	E5	5	112
11	11	40	40	1.0	0	0	4/4	1	1	1/4		1/4	1		3	81	A5	5	112
11	11	41	41	0.75	1/4	1/4	4/4	2	1	3/16		1/8	3/2		5	47	B2	2	120
11	11	41	41	0.75	1/4	1/4	4/4	2	1	3/16		1/8	3/2		8	56	G#3	3	120
11	11	41	41	0.75	1/4	1/4	4/4	1	1	3/16		1/8	3/2		5	71	B4	4	113
11	11	41	41	0.75	1/4	1/4	4/4	1	1	3/16		1/8	3/2		4	76	E5	5	113
11	11	41	41	0.75	1/4	1/4	4/4	1	1	3/16		1/8	3/2		5	83	B5	5	113
11	11	167/4	167/4	0.25	7/16	7/16	4/4	2	1	1/16		1/16	1		3	45	A2	2	121
11	11	167/4	167/4	0.25	7/16	7/16	4/4	2	1	1/16		1/16	1		3	57	A3	3	121
11	11	167/4	167/4	0.25	7/16	7/16	4/4	1	1	1/16		1/16	1		7	73	C#5	5	114
11	11	167/4	167/4	0.25	7/16	7/16	4/4	1	1	1/16		1/16	1		4	76	E5	5	114
11	11	167/4	167/4	0.25	7/16	7/16	4/4	1	1	1/16		1/16	1		7	85	C#6	6	114
11	11	42	42	1.0	1/2	1/2	4/4	2	1	1/4		1/4	1		8	44	G#2	2	122
11	11	42	42	1.0	1/2	1/2	4/4	2	1	1/4		1/4	1		4	52	E3	3	122
11	11	42	42	1.0	1/2	1/2	4/4	2	1	1/4		1/4	1		5	59	B3	3	122
11	11	42	42	0.5	1/2	1/2	4/4	1	1	1/8		1/8	1		5	71	B4	4	115
11	11	42	42	0.5	1/2	1/2	4/4	1	1	1/8		1/8	1		4	76	E5	5	115
11	11	42	42	0.5	1/2	1/2	4/4	1	1	1/8		1/8	1		5	83	B5	5	115
11	11	171/4	171/4	0.25	11/16	11/16	4/4	1	1	1/16		1/16	1		3	69	A4	4	116
11	11	171/4	171/4	0.25	11/16	11/16	4/4	1	1	1/16		1/16	1		3	81	A5	5	116
11	11	43	43	1.0	3/4	3/4	4/4	2	1	1/4		1/4	1		3	45	A2	2	123
11	11	43	43	1.0	3/4	3/4	4/4	2	1	1/4		1/4	1		4	52	E3	3	123
11	11	43	43	1.0	3/4	3/4	4/4	2	1	1/4		1/4	1		7	61	C#4	4	123
11	11	43	43	0.5	3/4	3/4	4/4	1	1	1/8		1/8	1		8	68	G#4	4	117
11	11	43	43	0.5	3/4	3/4	4/4	1	1	1/8		1/8	1		8	80	G#5	5	117
11	11	175/4	175/4	0.25	15/16	15/16	4/4	1	1	1/16		1/16	1		6	66	F#4	4	118
11	11	175/4	175/4	0.25	15/16	15/16	4/4	1	1	1/16		1/16	1		6	78	F#5	5	118
12	12	44	44	1.0	0	0	4/4	2	1	1/4		1/4	1		5	47	B2	2	129
12	12	44	44	1.0	0	0	4/4	2	1	1/4		1/4	1		8	56	G#3	3	129
12	12	44	44	1.0	0	0	4/4	2	1	1/4		1/4	1		4	64	E4	4	129
12	12	44	44	1.0	0	0	4/4	1	1	1/4		1/4	1		8	68	G#4	4	124
12	12	44	44	1.0	0	0	4/4	1	1	1/4		1/4	1		8	80	G#5	5	124
12	12	45	45	0.0	1/4	1/4	4/4	1	1	0	acciaccatura	1/8	1		8	80	G#5	5	125
12	12	45	45	1.0	1/4	1/4	4/4	2	1	1/4		1/4	1		5	47	B2	2	130
12	12	45	45	1.0	1/4	1/4	4/4	2	1	1/4		1/4	1		3	57	A3	3	130
12	12	45	45	1.0	1/4	1/4	4/4	2	1	1/4		1/4	1		9	63	D#4	4	130
12	12	45	45	0.5	1/4	1/4	4/4	1	1	1/8		1/8	1		6	66	F#4	4	126
12	12	45	45	0.5	1/4	1/4	4/4	1	1	1/8		1/8	1		6	78	F#5	5	126
12	12	183/4	183/4	0.25	7/16	7/16	4/4	1	1	1/16		1/16	1		4	64	E4	4	127
12	12	183/4	183/4	0.25	7/16	7/16	4/4	1	1	1/16		1/16	1		4	76	E5	5	127
12	12	46	46	2.0	1/2	1/2	4/4	2	1	1/2		1/2	1		4	40	E2	2	131
12	12	46	46	2.0	1/2	1/2	4/4	2	1	1/2		1/2	1		8	56	G#3	3	131
12	12	46	46	2.0	1/2	1/2	4/4	1	1	1/2		1/2	1		4	64	E4	4	128
12	12	46	46	2.0	1/2	1/2	4/4	1	1	1/2		1/2	1		4	76	E5	5	128
13	13	48	48	1.0	0	0	4/4	2	1	1/4		1/4	1		4	64	E4	4	132
13	13	49	49	0.5	1/4	1/4	4/4	2	1	1/8		1/8	1		5	59	B3	3	133
13	13	199/4	199/4	0.25	7/16	7/16	4/4	2	1	1/16		1/16	1		9	63	D#4	4	134
13	13	50	50	1.0	1/2	1/2	4/4	2	1	1/4		1/4	1		4	64	E4	4	135
13	13	51	51	0.5	3/4	3/4	4/4	2	1	1/8		1/8	1		1	55	G3	3	136
13	13	207/4	207/4	0.25	15/16	15/16	4/4	2	1	1/16		1/16	1		5	59	B3	3	137
14	14	52	52	1.0	0	0	4/4	2	1	1/4		1/4	1		0	60	C4	4	138
14	14	105/2	105/2	0.5	1/8	1/8	4/4	2	2	1/8		1/8	1		4	52	E3	3	144
14	14	53	53	0.5	1/4	1/4	4/4	2	2	1/8		1/8	1		-1	53	F3	3	145
14	14	53	53	0.5	1/4	1/4	4/4	2	1	1/8		1/8	1		2	62	D4	4	139
14	14	215/4	215/4	0.25	7/16	7/16	4/4	2	2	1/16		1/16	1		3	57	A3	3	146
14	14	215/4	215/4	0.25	7/16	7/16	4/4	2	1	1/16		1/16	1		0	60	C4	4	140
14	14	54	54	0.5	1/2	1/2	4/4	2	2	1/8		1/8	1		1	55	G3	3	147
14	14	54	54	0.5	1/2	1/2	4/4	2	1	1/8		1/8	1		5	59	B3	3	141
14	14	219/4	219/4	0.25	11/16	11/16	4/4	2	2	1/16		1/16	1		-1	53	F3	3	148
14	14	219/4	219/4	0.25	11/16	11/16	4/4	2	1	1/16		1/16	1		3	57	A3	3	142
14	14	55	55	0.75	3/4	3/4	4/4	2	2	3/16		1/8	3/2		4	52	E3	3	149
14	14	55	55	1.0	3/4	3/4	4/4	2	1	1/4		1/4	1		8	56	G#3	3	143
14	14	223/4	223/4	0.25	15/16	15/16	4/4	2	2	1/16		1/16	1		2	50	D3	3	150
15	15	56	56	2.0	0	0	4/4	2	2	1/2		1/2	1		7	49	C#3	3	166
15	15	56	56	2.0	0	0	4/4	2	1	1/2		1/2	1		3	57	A3	3	163
15	15	56	56	2.0	0	0	4/4	1	2	1/2		1/2	1		4	64	E4	4	160
15	15	56	56	1.0	0	0	4/4	1	1	1/4		1/4	1		3	69	A4	4	151
15	15	57	57	0.0	1/4	1/4	4/4	1	1	0	grace16	1/16	1		5	71	B4	4	152
15	15	57	57	0.0	1/4	1/4	4/4	1	1	0	grace16	1/16	1		3	69	A4	4	153
15	15	57	57	0.0	1/4	1/4	4/4	1	1	0	grace16	1/16	1		8	68	G#4	4	154
15	15	57	57	0.0	1/4	1/4	4/4	1	1	0	grace16	1/16	1		3	69	A4	4	155
15	15	57	57	0.75	1/4	1/4	4/4	1	1	3/16		1/8	3/2		5	71	B4	4	156
15	15	231/4	231/4	0.25	7/16	7/16	4/4	1	1	1/16		1/16	1		7	73	C#5	5	157
15	15	58	58	1.0	1/2	1/2	4/4	2	2	1/4		1/4	1		2	50	D3	3	167
15	15	58	58	1.0	1/2	1/2	4/4	2	1	1/4		1/4	1		3	57	A3	3	164
15	15	58	58	1.0	1/2	1/2	4/4	1	2	1/4		1/4	1		2	62	D4	4	161
15	15	58	58	1.0	1/2	1/2	4/4	1	1	1/4		1/4	1		6	66	F#4	4	158
15	15	59	59	0.75	3/4	3/4	4/4	2	2	3/16		1/8	3/2		4	52	E3	3	168
15	15	59	59	1.0	3/4	3/4	4/4	2	1	1/4		1/4	1		3	57	A3	3	165
15	15	59	59	1.0	3/4	3/4	4/4	1	2	1/4		1/4	1		2	62	D4	4	162
15	15	59	59	1.0	3/4	3/4	4/4	1	1	1/4		1/4	1		6	66	F#4	4	159
15	15	239/4	239/4	0.25	15/16	15/16	4/4	2	2	1/16		1/16	1		6	54	F#3	3	169
16	16	60	60	2.0	0	0	4/4	2	2	1/2		1/2	1		5	47	B2	2	186
16	16	60	60	2.0	0	0	4/4	2	2	1/2		1/2	1		6	54	F#3	3	186
16	16	60	60	2.0	0	0	4/4	2	1	1/2		1/2	1		5	59	B3	3	182
16	16	60	60	2.0	0	0	4/4	1	2	1/2		1/2	1		2	62	D4	4	180
16	16	60	60	1.0	0	0	4/4	1	1	1/4		1/4	1		5	71	B4	4	170
16	16	61	61	0.0	1/4	1/4	4/4	1	1	0	grace16	1/16	1		7	73	C#5	5	171
16	16	61	61	0.0	1/4	1/4	4/4	1	1	0	grace16	1/16	1		5	71	B4	4	172
16	16	61	61	0.0	1/4	1/4	4/4	1	1	0	grace16	1/16	1		10	70	A#4	4	173
16	16	61	61	0.0	1/4	1/4	4/4	1	1	0	grace16	1/16	1		5	71	B4	4	174
16	16	61	61	0.75	1/4	1/4	4/4	1	1	3/16		1/8	3/2		7	73	C#5	5	175
16	16	247/4	247/4	0.25	7/16	7/16	4/4	1	1	1/16		1/16	1		2	74	D5	5	176
16	16	62	62	1.0	1/2	1/2	4/4	2	2	1/4		1/4	1		4	52	E3	3	187
16	16	62	62	0.75	1/2	1/2	4/4	2	1	3/16		1/8	3/2		5	59	B3	3	183
16	16	62	62	1.0	1/2	1/2	4/4	1	2	1/4		1/4	1		4	64	E4	4	181
16	16	62	62	0.75	1/2	1/2	4/4	1	1	3/16		1/8	3/2		8	68	G#4	4	177
16	16	251/4	251/4	0.25	11/16	11/16	4/4	2	1	1/16		1/16	1		3	57	A3	3	184
16	16	251/4	251/4	0.25	11/16	11/16	4/4	1	1	1/16		1/16	1		6	66	F#4	4	178
16	16	63	63	0.75	3/4	3/4	4/4	2	2	3/16		1/8	3/2		4	52	E3	3	188
16	16	63	63	1.0	3/4	3/4	4/4	2	1	1/4		1/4	1		8	56	G#3	3	185
16	16	63	63	1.0	3/4	3/4	4/4	1	1	1/4		1/4	1		4	64	E4	4	179
16	16	255/4	255/4	0.25	15/16	15/16	4/4	2	2	1/16		1/16	1		2	50	D3	3	189
17	17	64	64	1.0	0	0	4/4	2	2	1/4		1/4	1		7	49	C#3	3	194
17	17	64	64	1.0	0	0	4/4	2	1	1/4		1/4	1		3	57	A3	3	192
17	17	64	64	1.0	0	0	4/4	1	1	1/4		1/4	1		4	64	E4	4	190
17	17	64	64	1.0	0	0	4/4	1	1	1/4		1/4	1		3	69	A4	4	190
17	17	65	65	0.5	1/4	1/4	4/4	2	2	1/8		1/8	1		2	50	D3	3	195
17	17	263/4	263/4	0.25	7/16	7/16	4/4	2	2	1/16		1/16	1		9	51	D#3	3	196
17	17	66	66	1.0	1/2	1/2	4/4	2	2	1/4		1/4	1		4	52	E3	3	197
17	17	66	66	1.0	1/2	1/2	4/4	2	1	1/4		1/4	1		8	56	G#3	3	193
17	17	66	66	1.0	1/2	1/2	4/4	1	1	1/4		1/4	1		5	59	B3	3	191
17	17	66	66	1.0	1/2	1/2	4/4	1	1	1/4		1/4	1		4	64	E4	4	191
17	17	66	66	1.0	1/2	1/2	4/4	1	1	1/4		1/4	1		5	71	B4	4	191
17	17	67	67	0.5	3/4	3/4	4/4	2	2	1/8		1/8	1		2	50	D3	3	198
17	17	271/4	271/4	0.25	15/16	15/16	4/4	2	2	1/16		1/16	1		5	47	B2	2	199
18	18	68	68	1.0	0	0	4/4	2	1	1/4		1/4	1		3	45	A2	2	203
18	18	68	68	1.0	0	0	4/4	2	1	1/4		1/4	1		4	52	E3	3	203
18	18	68	68	1.0	0	0	4/4	2	1	1/4		1/4	1		3	57	A3	3	203
18	18	68	68	1.0	0	0	4/4	1	1	1/4		1/4	1		7	61	C#4	4	200
18	18	68	68	1.0	0	0	4/4	1	1	1/4		1/4	1		4	64	E4	4	200
18	18	68	68	1.0	0	0	4/4	1	1	1/4		1/4	1		7	73	C#5	5	200
18	18	69	69	0.5	1/4	1/4	4/4	2	1	1/8		1/8	1		5	47	B2	2	204
18	18	69	69	0.5	1/4	1/4	4/4	2	1	1/8		1/8	1		5	59	B3	3	204
18	18	279/4	279/4	0.25	7/16	7/16	4/4	2	1	1/16		1/16	1		3	45	A2	2	205
18	18	279/4	279/4	0.25	7/16	7/16	4/4	2	1	1/16		1/16	1		3	57	A3	3	205
18	18	70	70	0.5	1/2	1/2	4/4	2	1	1/8		1/8	1		8	44	G#2	2	206
18	18	70	70	0.5	1/2	1/2	4/4	2	1	1/8		1/8	1		8	56	G#3	3	206
18	18	70	70	1.0	1/2	1/2	4/4	1	1	1/4		1/4	1		4	64	E4	4	201
18	18	70	70	1.0	1/2	1/2	4/4	1	1	1/4		1/4	1		5	71	B4	4	201
18	18	70	70	1.0	1/2	1/2	4/4	1	1	1/4		1/4	1		4	76	E5	5	201
18	18	283/4	283/4	0.25	11/16	11/16	4/4	2	1	1/16		1/16	1		6	42	F#2	2	207
18	18	283/4	283/4	0.25	11/16	11/16	4/4	2	1	1/16		1/16	1		6	54	F#3	3	207
18	18	71	71	0.5	3/4	3/4	4/4	2	1	1/8		1/8	1		4	40	E2	2	208
18	18	71	71	0.5	3/4	3/4	4/4	2	1	1/8		1/8	1		4	52	E3	3	208
18	18	71	71	1.0	3/4	3/4	4/4	1	1	1/4		1/4	1		8	68	G#4	4	202
18	18	71	71	1.0	3/4	3/4	4/4	1	1	1/4		1/4	1		5	71	B4	4	202
18	18	71	71	1.0	3/4	3/4	4/4	1	1	1/4		1/4	1		4	76	E5	5	202
18	18	71	71	1.0	3/4	3/4	4/4	1	1	1/4		1/4	1		8	80	G#5	5	202
18	18	287/4	287/4	0.25	15/16	15/16	4/4	2	1	1/16		1/16	1		2	38	D2	2	209
18	18	287/4	287/4	0.25	15/16	15/16	4/4	2	1	1/16		1/16	1		2	50	D3	3	209
19	19	72	72	1.0	0	0	4/4	2	1	1/4		1/4	1		7	37	C#2	2	217
19	19	72	72	1.0	0	0	4/4	2	1	1/4		1/4	1		7	49	C#3	3	217
19	19	72	72	1.0	0	0	4/4	1	1	1/4		1/4	1		3	69	A4	4	210
19	19	72	72	1.0	0	0	4/4	1	1	1/4		1/4	1		4	76	E5	5	210
19	19	72	72	1.0	0	0	4/4	1	1	1/4		1/4	1		3	81	A5	5	210
19	19	73	73	0.5	1/4	1/4	4/4	1	1	1/8		1/8	1		5	71	B4	4	211
19	19	73	73	0.5	1/4	1/4	4/4	1	1	1/8		1/8	1		5	83	B5	5	211
19	19	295/4	295/4	0.25	7/16	7/16	4/4	1	1	1/16		1/16	1		7	73	C#5	5	212
19	19	295/4	295/4	0.25	7/16	7/16	4/4	1	1	1/16		1/16	1		7	85	C#6	6	212
19	19	74	74	1.0	1/2	1/2	4/4	2	1	1/4		1/4	1		2	50	D3	3	218
19	19	74	74	1.0	1/2	1/2	4/4	2	1	1/4		1/4	1		2	62	D4	4	218
19	19	74	74	1.0	1/2	1/2	4/4	1	2	1/4		1/4	1		6	66	F#4	4	214
19	19	74	74	2.0	1/2	1/2	4/4	1	1	1/2		1/2	1		2	74	D5	5	213
19	19	74	74	2.0	1/2	1/2	4/4	1	1	1/2		1/2	1		6	78	F#5	5	213
19	19	75	75	0.5	3/4	3/4	4/4	2	1	1/8		1/8	1		4	52	E3	3	219
19	19	75	75	0.5	3/4	3/4	4/4	2	1	1/8		1/8	1		4	64	E4	4	219
19	19	75	75	0.5	3/4	3/4	4/4	1	2	1/8		1/8	1		8	68	G#4	4	215
19	19	303/4	303/4	0.25	15/16	15/16	4/4	2	1	1/16		1/16	1		6	54	F#3	3	220
19	19	303/4	303/4	0.25	15/16	15/16	4/4	2	1	1/16		1/16	1		6	66	F#4	4	220
19	19	303/4	303/4	0.25	15/16	15/16	4/4	1	2	1/16		1/16	1		3	69	A4	4	216
20	20	76	76	1.0	0	0	4/4	2	1	1/4		1/4	1		5	47	B2	2	227
20	20	76	76	1.0	0	0	4/4	2	1	1/4		1/4	1		5	59	B3	3	227
20	20	76	76	4.0	0	0	4/4	1	1	1		1	1	1	2	74	D5	5	221
20	20	76	76	4.0	0	0	4/4	1	1	1		1	1	1	6	78	F#5	5	221
20	20	76	76	4.0	0	0	4/4	1	1	1		1	1	1	2	86	D6	6	221
20	20	77	77	0.5	1/4	1/4	4/4	2	1	1/8		1/8	1		7	49	C#3	3	228
20	20	77	77	0.5	1/4	1/4	4/4	2	1	1/8		1/8	1		7	61	C#4	4	228
20	20	77	77	0.5	1/4	1/4	4/4	1	2	1/8		1/8	1		4	64	E4	4	222
20	20	311/4	311/4	0.25	7/16	7/16	4/4	2	1	1/16		1/16	1		2	50	D3	3	229
20	20	311/4	311/4	0.25	7/16	7/16	4/4	2	1	1/16		1/16	1		2	62	D4	4	229
20	20	311/4	311/4	0.25	7/16	7/16	4/4	1	2	1/16		1/16	1		6	66	F#4	4	223
20	20	78	78	1.0	1/2	1/2	4/4	2	1	1/4		1/4	1		8	44	G#2	2	230
20	20	78	78	1.0	1/2	1/2	4/4	2	1	1/4		1/4	1		8	56	G#3	3	230
20	20	78	78	1.0	1/2	1/2	4/4	1	2	1/4		1/4	1		5	59	B3	3	224
20	20	79	79	0.5	3/4	3/4	4/4	2	1	1/8		1/8	1		3	45	A2	2	231
20	20	79	79	0.5	3/4	3/4	4/4	2	1	1/8		1/8	1		3	57	A3	3	231
20	20	79	79	0.5	3/4	3/4	4/4	1	2	1/8		1/8	1		7	61	C#4	4	225
20	20	319/4	319/4	0.25	15/16	15/16	4/4	2	1	1/16		1/16	1		5	47	B2	2	232
20	20	319/4	319/4	0.25	15/16	15/16	4/4	2	1	1/16		1/16	1		5	59	B3	3	232
20	20	319/4	319/4	0.25	15/16	15/16	4/4	1	2	1/16		1/16	1		2	62	D4	4	226
21	21	80	80	1.0	0	0	4/4	2	1	1/4		1/4	1		4	40	E2	2	241
21	21	80	80	1.0	0	0	4/4	2	1	1/4		1/4	1		4	52	E3	3	241
21	21	80	80	1.0	0	0	4/4	1	2	1/4		1/4	1		8	56	G#3	3	240
21	21	80	80	1.0	0	0	4/4	1	1	1/4		1/4	1	-1	2	74	D5	5	233
21	21	80	80	1.0	0	0	4/4	1	1	1/4		1/4	1	-1	6	78	F#5	5	233
21	21	80	80	1.0	0	0	4/4	1	1	1/4		1/4	1	-1	2	86	D6	6	233
21	21	81	81	0.5	1/4	1/4	4/4	2	1	1/8		1/8	1		8	44	G#2	2	242
21	21	81	81	0.5	1/4	1/4	4/4	2	1	1/8		1/8	1		4	52	E3	3	242
21	21	81	81	0.5	1/4	1/4	4/4	2	1	1/8		1/8	1		5	59	B3	3	242
21	21	81	81	0.5	1/4	1/4	4/4	1	1	1/8		1/8	1		4	76	E5	5	234
21	21	81	81	0.5	1/4	1/4	4/4	1	1	1/8		1/8	1		4	88	E6	6	234
21	21	327/4	327/4	0.25	7/16	7/16	4/4	1	1	1/16		1/16	1		2	74	D5	5	235
21	21	327/4	327/4	0.25	7/16	7/16	4/4	1	1	1/16		1/16	1		2	86	D6	6	235
21	21	82	82	0.5	1/2	1/2	4/4	2	1	1/8		1/8	1		3	45	A2	2	243
21	21	82	82	0.5	1/2	1/2	4/4	2	1	1/8		1/8	1		4	52	E3	3	243
21	21	82	82	0.5	1/2	1/2	4/4	2	1	1/8		1/8	1		7	61	C#4	4	243
21	21	82	82	0.5	1/2	1/2	4/4	1	1	1/8		1/8	1		7	73	C#5	5	236
21	21	82	82	0.5	1/2	1/2	4/4	1	1	1/8		1/8	1		7	85	C#6	6	236
21	21	331/4	331/4	0.25	11/16	11/16	4/4	1	1	1/16		1/16	1		5	71	B4	4	237
21	21	331/4	331/4	0.25	11/16	11/16	4/4	1	1	1/16		1/16	1		5	83	B5	5	237
21	21	83	83	0.5	3/4	3/4	4/4	2	1	1/8		1/8	1		7	49	C#3	3	244
21	21	83	83	0.5	3/4	3/4	4/4	2	1	1/8		1/8	1		4	52	E3	3	244
21	21	83	83	0.5	3/4	3/4	4/4	2	1	1/8		1/8	1		3	57	A3	3	244
21	21	83	83	0.5	3/4	3/4	4/4	1	1	1/8		1/8	1		3	69	A4	4	238
21	21	83	83	0.5	3/4	3/4	4/4	1	1	1/8		1/8	1		3	81	A5	5	238
21	21	335/4	335/4	0.25	15/16	15/16	4/4	2	1	1/16		1/16	1		2	50	D3	3	245
21	21	335/4	335/4	0.25	15/16	15/16	4/4	2	1	1/16		1/16	1		6	54	F#3	3	245
21	21	335/4	335/4	0.25	15/16	15/16	4/4	2	1	1/16		1/16	1		5	59	B3	3	245
21	21	335/4	335/4	0.25	15/16	15/16	4/4	1	1	1/16		1/16	1		5	71	B4	4	239
21	21	335/4	335/4	0.25	15/16	15/16	4/4	1	1	1/16		1/16	1		5	83	B5	5	239
22	22	84	84	1.0	0	0	4/4	2	1	1/4		1/4	1		4	52	E3	3	251
22	22	84	84	1.0	0	0	4/4	2	1	1/4		1/4	1		3	57	A3	3	251
22	22	84	84	1.0	0	0	4/4	2	1	1/4		1/4	1		7	61	C#4	4	251
22	22	84	84	1.0	0	0	4/4	2	1	1/4		1/4	1		4	64	E4	4	251
22	22	84	84	1.0	0	0	4/4	1	1	1/4		1/4	1		7	73	C#5	5	246
22	22	84	84	1.0	0	0	4/4	1	1	1/4		1/4	1		4	76	E5	5	246
22	22	84	84	1.0	0	0	4/4	1	1	1/4		1/4	1		3	81	A5	5	246
22	22	84	84	1.0	0	0	4/4	1	1	1/4		1/4	1		7	85	C#6	6	246
22	22	85	85	0.0	1/4	1/4	4/4	1	1	0	acciaccatura	1/8	1		7	73	C#5	5	247
22	22	85	85	0.5	1/4	1/4	4/4	1	1	1/8		1/8	1		7	85	C#6	6	248
22	22	86	86	0.5	1/2	1/2	4/4	2	1	1/8		1/8	1		4	40	E2	2	252
22	22	86	86	0.5	1/2	1/2	4/4	2	1	1/8		1/8	1		8	44	G#2	2	252
22	22	86	86	0.5	1/2	1/2	4/4	2	1	1/8		1/8	1		5	47	B2	2	252
22	22	86	86	0.5	1/2	1/2	4/4	2	1	1/8		1/8	1		4	52	E3	3	252
22	22	86	86	0.5	1/2	1/2	4/4	1	1	1/8		1/8	1		5	71	B4	4	249
22	22	86	86	0.5	1/2	1/2	4/4	1	1	1/8		1/8	1		2	74	D5	5	249
22	22	86	86	0.5	1/2	1/2	4/4	1	1	1/8		1/8	1		8	80	G#5	5	249
22	22	86	86	0.5	1/2	1/2	4/4	1	1	1/8		1/8	1		5	83	B5	5	249
22	22	351/4	351/4	0.25	15/16	15/16	4/4	2	1	1/16		1/16	1		3	45	A2	2	253
22	22	351/4	351/4	0.25	15/16	15/16	4/4	2	1	1/16		1/16	1		7	49	C#3	3	253
22	22	351/4	351/4	0.25	15/16	15/16	4/4	2	1	1/16		1/16	1		4	52	E3	3	253
22	22	351/4	351/4	0.25	15/16	15/16	4/4	2	1	1/16		1/16	1		3	57	A3	3	253
22	22	351/4	351/4	0.25	15/16	15/16	4/4	1	1	1/16		1/16	1		3	69	A4	4	250
22	22	351/4	351/4	0.25	15/16	15/16	4/4	1	1	1/16		1/16	1		7	73	C#5	5	250
22	22	351/4	351/4	0.25	15/16	15/16	4/4	1	1	1/16		1/16	1		4	76	E5	5	250
22	22	351/4	351/4	0.25	15/16	15/16	4/4	1	1	1/16		1/16	1		3	81	A5	5	250
23	23	88	88	1.0	0	0	4/4	2	1	1/4		1/4	1		3	45	A2	2	261
23	23	88	88	1.0	0	0	4/4	2	1	1/4		1/4	1		7	49	C#3	3	261
23	23	88	88	1.0	0	0	4/4	2	1	1/4		1/4	1		4	52	E3	3	261
23	23	88	88	1.0	0	0	4/4	2	1	1/4		1/4	1		3	57	A3	3	261
23	23	88	88	1.0	0	0	4/4	1	1	1/4		1/4	1		3	69	A4	4	254
23	23	88	88	1.0	0	0	4/4	1	1	1/4		1/4	1		7	73	C#5	5	254
23	23	88	88	1.0	0	0	4/4	1	1	1/4		1/4	1		4	76	E5	5	254
23	23	88	88	1.0	0	0	4/4	1	1	1/4		1/4	1		3	81	A5	5	254
23	23	89	89	0.5	1/4	1/4	4/4	1	1	1/8		1/8	1		4	64	E4	4	255
23	23	359/4	359/4	0.25	7/16	7/16	4/4	1	1	1/16		1/16	1		8	68	G#4	4	256
23	23	90	90	1.0	1/2	1/2	4/4	1	1	1/4		1/4	1		3	69	A4	4	257
23	23	91	91	0.5	3/4	3/4	4/4	2	1	1/8		1/8	1		6	54	F#3	3	262
23	23	91	91	1.0	3/4	3/4	4/4	1	2	1/4		1/4	1		3	57	A3	3	260
23	23	91	91	0.5	3/4	3/4	4/4	1	1	1/8		1/8	1		7	61	C#4	4	258
23	23	367/4	367/4	0.25	15/16	15/16	4/4	2	1	1/16		1/16	1		-1	53	F3	3	263
23	23	367/4	367/4	0.25	15/16	15/16	4/4	1	1	1/16		1/16	1		2	62	D4	4	259
24	24	92	92	1.0	0	0	4/4	2	1	1/4		1/4	1		4	52	E3	3	267
24	24	92	92	1.0	0	0	4/4	1	1	1/4		1/4	1		3	57	A3	3	264
24	24	92	92	1.0	0	0	4/4	1	1	1/4		1/4	1		5	59	B3	3	264
24	24	92	92	1.0	0	0	4/4	1	1	1/4		1/4	1		4	64	E4	4	264
24	24	93	93	1.0	1/4	1/4	4/4	2	2	1/4		1/4	1		4	40	E2	2	272
24	24	93	93	1.0	1/4	1/4	4/4	2	1	1/4		1/4	1		4	52	E3	3	268
24	24	93	93	1.0	1/4	1/4	4/4	1	1	1/4		1/4	1		8	56	G#3	3	265
24	24	93	93	1.0	1/4	1/4	4/4	1	1	1/4		1/4	1		5	59	B3	3	265
24	24	93	93	1.0	1/4	1/4	4/4	1	1	1/4		1/4	1		4	64	E4	4	265
24	24	94	94	1.0	1/2	1/2	4/4	2	2	1/4		1/4	1		3	45	A2	2	273
24	24	94	94	1.0	1/2	1/2	4/4	2	1	1/4		1/4	1		4	52	E3	3	269
24	24	94	94	1.0	1/2	1/2	4/4	1	1	1/4		1/4	1		3	57	A3	3	266
24	24	94	94	1.0	1/2	1/2	4/4	1	1	1/4		1/4	1		7	61	C#4	4	266
24	24	95	95	0.5	3/4	3/4	4/4	2	1	1/8		1/8	1		4	52	E3	3	270
24	24	383/4	383/4	0.25	15/16	15/16	4/4	2	1	1/16		1/16	1		8	56	G#3	3	271
25	25	96	96	1.0	0	0	4/4	2	1	1/4		1/4	1		3	57	A3	3	279
25	25	97	97	0.5	1/4	1/4	4/4	2	1	1/8		1/8	1		7	49	C#3	3	280
25	25	97	97	0.5	1/4	1/4	4/4	1	1	1/8		1/8	1		4	64	E4	4	274
25	25	391/4	391/4	0.25	7/16	7/16	4/4	2	1	1/16		1/16	1		2	50	D3	3	281
25	25	391/4	391/4	0.25	7/16	7/16	4/4	1	1	1/16		1/16	1		6	66	F#4	4	275
25	25	98	98	1.0	1/2	1/2	4/4	2	1	1/4		1/4	1		6	54	F#3	3	282
25	25	98	98	1.0	1/2	1/2	4/4	1	1	1/4		1/4	1		3	69	A4	4	276
25	25	99	99	1.0	3/4	3/4	4/4	2	1	1/4		1/4	1		5	47	B2	2	283
25	25	99	99	1.0	3/4	3/4	4/4	1	2	1/4		1/4	1	1	2	62	D4	4	278
25	25	99	99	1.0	3/4	3/4	4/4	1	1	1/4		1/4	1	1	3	69	A4	4	277
26	26	100	100	2.0	0	0	4/4	2	1	1/2		1/2	1		4	52	E3	3	294
26	26	100	100	2.0	0	0	4/4	1	2	1/2		1/2	1		5	59	B3	3	292
26	26	100	100	2.0	0	0	4/4	1	2	1/2		1/2	1	-1	2	62	D4	4	292
26	26	100	100	1.0	0	0	4/4	1	1	1/4		1/4	1	-1	3	69	A4	4	284
26	26	101	101	1.0	1/4	1/4	4/4	2	2	1/4		1/4	1		4	40	E2	2	296
26	26	101	101	0.16666666666666666	1/4	1/4	4/4	1	1	1/24		1/16	2/3		6	66	F#4	4	285
26	26	607/6	607/6	0.16666666666666666	7/24	7/24	4/4	1	1	1/24		1/16	2/3		8	68	G#4	4	286
26	26	304/3	304/3	0.16666666666666666	1/3	1/3	4/4	1	1	1/24		1/16	2/3		3	69	A4	4	287
26	26	203/2	203/2	0.16666666666666666	3/8	3/8	4/4	1	1	1/24		1/16	2/3		8	68	G#4	4	288
26	26	305/3	305/3	0.16666666666666666	5/12	5/12	4/4	1	1	1/24		1/16	2/3		6	66	F#4	4	289
26	26	611/6	611/6	0.16666666666666666	11/24	11/24	4/4	1	1	1/24		1/16	2/3		8	68	G#4	4	290
26	26	102	102	1.0	1/2	1/2	4/4	2	2	1/4		1/4	1		3	45	A2	2	297
26	26	102	102	1.0	1/2	1/2	4/4	2	1	1/4		1/4	1		4	52	E3	3	295
26	26	102	102	1.0	1/2	1/2	4/4	1	2	1/4		1/4	1		3	57	A3	3	293
26	26	102	102	1.0	1/2	1/2	4/4	1	2	1/4		1/4	1		7	61	C#4	4	293
26	26	102	102	1.0	1/2	1/2	4/4	1	1	1/4		1/4	1		3	69	A4	4	291
27	27	104	104	1.0	0	0	4/4	2	1	1/4		1/4	1		6	42	F#2	2	305
27	27	104	104	1.0	0	0	4/4	2	1	1/4		1/4	1		6	54	F#3	3	305
27	27	419/4	419/4	0.25	3/16	3/16	4/4	1	1	1/16		1/16	1		7	73	C#5	5	298
27	27	419/4	419/4	0.25	3/16	3/16	4/4	1	1	1/16		1/16	1		3	81	A5	5	298
27	27	419/4	419/4	0.25	3/16	3/16	4/4	1	1	1/16		1/16	1		7	85	C#6	6	298
27	27	105	105	0.5	1/4	1/4	4/4	2	1	1/8		1/8	1		7	37	C#2	2	306
27	27	105	105	0.5	1/4	1/4	4/4	2	1	1/8		1/8	1		7	49	C#3	3	306
27	27	105	105	0.5	1/4	1/4	4/4	1	1	1/8		1/8	1		7	73	C#5	5	299
27	27	105	105	0.5	1/4	1/4	4/4	1	1	1/8		1/8	1		3	81	A5	5	299
27	27	423/4	423/4	0.25	7/16	7/16	4/4	2	1	1/16		1/16	1		11	41	E#2	2	307
27	27	423/4	423/4	0.25	7/16	7/16	4/4	2	1	1/16		1/16	1		11	53	E#3	3	307
27	27	423/4	423/4	0.25	7/16	7/16	4/4	1	1	1/16		1/16	1		5	71	B4	4	300
27	27	423/4	423/4	0.25	7/16	7/16	4/4	1	1	1/16		1/16	1		7	73	C#5	5	300
27	27	423/4	423/4	0.25	7/16	7/16	4/4	1	1	1/16		1/16	1		8	80	G#5	5	300
27	27	106	106	1.0	1/2	1/2	4/4	2	1	1/4		1/4	1		6	42	F#2	2	308
27	27	106	106	1.0	1/2	1/2	4/4	2	1	1/4		1/4	1		6	54	F#3	3	308
27	27	106	106	0.5	1/2	1/2	4/4	1	1	1/8		1/8	1		3	69	A4	4	301
27	27	106	106	0.5	1/2	1/2	4/4	1	1	1/8		1/8	1		7	73	C#5	5	301
27	27	106	106	0.5	1/2	1/2	4/4	1	1	1/8		1/8	1		6	78	F#5	5	301
27	27	427/4	427/4	0.25	11/16	11/16	4/4	1	1	1/16		1/16	1		7	61	C#4	4	302
27	27	427/4	427/4	0.25	11/16	11/16	4/4	1	1	1/16		1/16	1		3	69	A4	4	302
27	27	427/4	427/4	0.25	11/16	11/16	4/4	1	1	1/16		1/16	1		7	73	C#5	5	302
27	27	107	107	0.5	3/4	3/4	4/4	2	1	1/8		1/8	1		7	37	C#2	2	309
27	27	107	107	0.5	3/4	3/4	4/4	2	1	1/8		1/8	1		7	49	C#3	3	309
27	27	107	107	0.5	3/4	3/4	4/4	1	1	1/8		1/8	1		7	61	C#4	4	303
27	27	107	107	0.5	3/4	3/4	4/4	1	1	1/8		1/8	1		3	69	A4	4	303
27	27	431/4	431/4	0.25	15/16	15/16	4/4	2	1	1/16		1/16	1		11	41	E#2	2	310
27	27	431/4	431/4	0.25	15/16	15/16	4/4	2	1	1/16		1/16	1		11	53	E#3	3	310
27	27	431/4	431/4	0.25	15/16	15/16	4/4	1	1	1/16		1/16	1		5	59	B3	3	304
27	27	431/4	431/4	0.25	15/16	15/16	4/4	1	1	1/16		1/16	1		7	61	C#4	4	304
27	27	431/4	431/4	0.25	15/16	15/16	4/4	1	1	1/16		1/16	1		8	68	G#4	4	304
28	28	108	108	1.0	0	0	4/4	2	1	1/4		1/4	1		6	42	F#2	2	318
28	28	108	108	1.0	0	0	4/4	2	1	1/4		1/4	1		6	54	F#3	3	318
28	28	108	108	0.5	0	0	4/4	1	1	1/8		1/8	1		3	57	A3	3	311
28	28	108	108	0.5	0	0	4/4	1	1	1/8		1/8	1		7	61	C#4	4	311
28	28	108	108	0.5	0	0	4/4	1	1	1/8		1/8	1		6	66	F#4	4	311
28	28	435/4	435/4	0.25	3/16	3/16	4/4	1	1	1/16		1/16	1		3	57	A3	3	312
28	28	435/4	435/4	0.25	3/16	3/16	4/4	1	1	1/16		1/16	1		7	61	C#4	4	312
28	28	109	109	0.5	1/4	1/4	4/4	2	1	1/8		1/8	1		8	44	G#2	2	319
28	28	109	109	0.5	1/4	1/4	4/4	2	1	1/8		1/8	1		8	56	G#3	3	319
28	28	109	109	0.5	1/4	1/4	4/4	1	1	1/8		1/8	1		5	59	B3	3	313
28	28	109	109	0.5	1/4	1/4	4/4	1	1	1/8		1/8	1		2	62	D4	4	313
28	28	439/4	439/4	0.25	7/16	7/16	4/4	2	1	1/16		1/16	1		6	42	F#2	2	320
28	28	439/4	439/4	0.25	7/16	7/16	4/4	2	1	1/16		1/16	1		6	54	F#3	3	320
28	28	439/4	439/4	0.25	7/16	7/16	4/4	1	1	1/16		1/16	1		5	59	B3	3	314
28	28	439/4	439/4	0.25	7/16	7/16	4/4	1	1	1/16		1/16	1		2	62	D4	4	314
28	28	439/4	439/4	0.25	7/16	7/16	4/4	1	1	1/16		1/16	1		8	68	G#4	4	314
28	28	110	110	0.5	1/2	1/2	4/4	2	1	1/8		1/8	1		11	41	E#2	2	321
28	28	110	110	0.5	1/2	1/2	4/4	2	1	1/8		1/8	1		11	53	E#3	3	321
28	28	110	110	0.5	1/2	1/2	4/4	1	1	1/8		1/8	1		8	56	G#3	3	315
28	28	110	110	0.5	1/2	1/2	4/4	1	1	1/8		1/8	1		7	61	C#4	4	315
28	28	110	110	0.5	1/2	1/2	4/4	1	1	1/8		1/8	1		8	68	G#4	4	315
28	28	443/4	443/4	0.25	11/16	11/16	4/4	2	1	1/16		1/16	1		2	38	D2	2	322
28	28	443/4	443/4	0.25	11/16	11/16	4/4	2	1	1/16		1/16	1		2	50	D3	3	322
28	28	443/4	443/4	0.25	11/16	11/16	4/4	1	1	1/16		1/16	1		8	56	G#3	3	316
28	28	443/4	443/4	0.25	11/16	11/16	4/4	1	1	1/16		1/16	1		11	65	E#4	4	316
28	28	111	111	0.5	3/4	3/4	4/4	2	1	1/8		1/8	1		7	37	C#2	2	323
28	28	111	111	0.5	3/4	3/4	4/4	2	1	1/8		1/8	1		7	49	C#3	3	323
28	28	111	111	0.5	3/4	3/4	4/4	1	1	1/8		1/8	1		7	61	C#4	4	317
28	28	111	111	0.5	3/4	3/4	4/4	1	1	1/8		1/8	1		11	65	E#4	4	317
28	28	111	111	0.5	3/4	3/4	4/4	1	1	1/8		1/8	1		7	73	C#5	5	317
29	29	112	112	1.0	0	0	4/4	1	1	1/4		1/4	1		6	66	F#4	4	324
29	29	112	112	1.0	0	0	4/4	1	1	1/4		1/4	1		6	78	F#5	5	324
29	29	451/4	451/4	0.25	3/16	3/16	4/4	2	1	1/16		1/16	1		5	59	B3	3	330
29	29	451/4	451/4	0.25	3/16	3/16	4/4	2	1	1/16		1/16	1		2	62	D4	4	330
29	29	113	113	0.5	1/4	1/4	4/4	2	1	1/8		1/8	1		3	57	A3	3	331
29	29	113	113	0.5	1/4	1/4	4/4	2	1	1/8		1/8	1		7	61	C#4	4	331
29	29	113	113	0.5	1/4	1/4	4/4	1	1	1/8		1/8	1		7	73	C#5	5	325
29	29	455/4	455/4	0.25	7/16	7/16	4/4	2	1	1/16		1/16	1		8	56	G#3	3	332
29	29	455/4	455/4	0.25	7/16	7/16	4/4	2	1	1/16		1/16	1		5	59	B3	3	332
29	29	455/4	455/4	0.25	7/16	7/16	4/4	1	1	1/16		1/16	1		11	65	E#4	4	326
29	29	455/4	455/4	0.25	7/16	7/16	4/4	1	1	1/16		1/16	1		7	73	C#5	5	326
29	29	455/4	455/4	0.25	7/16	7/16	4/4	1	1	1/16		1/16	1		11	77	E#5	5	326
29	29	114	114	0.5	1/2	1/2	4/4	2	1	1/8		1/8	1		6	54	F#3	3	333
29	29	114	114	0.5	1/2	1/2	4/4	2	1	1/8		1/8	1		3	57	A3	3	333
29	29	114	114	1.0	1/2	1/2	4/4	1	1	1/4		1/4	1		6	66	F#4	4	327
29	29	114	114	1.0	1/2	1/2	4/4	1	1	1/4		1/4	1		7	73	C#5	5	327
29	29	114	114	1.0	1/2	1/2	4/4	1	1	1/4		1/4	1		6	78	F#5	5	327
29	29	459/4	459/4	0.25	11/16	11/16	4/4	2	1	1/16		1/16	1		4	52	E3	3	334
29	29	459/4	459/4	0.25	11/16	11/16	4/4	2	1	1/16		1/16	1		8	56	G#3	3	334
29	29	115	115	0.5	3/4	3/4	4/4	2	1	1/8		1/8	1		2	50	D3	3	335
29	29	115	115	0.5	3/4	3/4	4/4	2	1	1/8		1/8	1		3	57	A3	3	335
29	29	115	115	0.5	3/4	3/4	4/4	1	1	1/8		1/8	1		6	66	F#4	4	328
29	29	115	115	0.5	3/4	3/4	4/4	1	1	1/8		1/8	1		3	69	A4	4	328
29	29	463/4	463/4	0.25	15/16	15/16	4/4	2	1	1/16		1/16	1		2	50	D3	3	336
29	29	463/4	463/4	0.25	15/16	15/16	4/4	2	1	1/16		1/16	1		5	59	B3	3	336
29	29	463/4	463/4	0.25	15/16	15/16	4/4	1	1	1/16		1/16	1		6	66	F#4	4	329
29	29	463/4	463/4	0.25	15/16	15/16	4/4	1	1	1/16		1/16	1		5	71	B4	4	329
30	30	116	116	1.0	0	0	4/4	2	1	1/4		1/4	1		7	49	C#3	3	340
30	30	116	116	1.0	0	0	4/4	2	1	1/4		1/4	1		8	56	G#3	3	340
30	30	116	116	1.0	0	0	4/4	2	1	1/4		1/4	1		7	61	C#4	4	340
30	30	116	116	1.0	0	0	4/4	1	1	1/4		1/4	1		6	66	F#4	4	337
30	30	116	116	1.0	0	0	4/4	1	1	1/4		1/4	1		8	68	G#4	4	337
30	30	116	116	1.0	0	0	4/4	1	1	1/4		1/4	1		7	73	C#5	5	337
30	30	117	117	1.0	1/4	1/4	4/4	2	1	1/4		1/4	1		7	49	C#3	3	341
30	30	117	117	1.0	1/4	1/4	4/4	2	1	1/4		1/4	1		8	56	G#3	3	341
30	30	117	117	1.0	1/4	1/4	4/4	2	1	1/4		1/4	1		7	61	C#4	4	341
30	30	117	117	1.0	1/4	1/4	4/4	1	1	1/4		1/4	1		11	65	E#4	4	338
30	30	117	117	1.0	1/4	1/4	4/4	1	1	1/4		1/4	1		8	68	G#4	4	338
30	30	117	117	1.0	1/4	1/4	4/4	1	1	1/4		1/4	1		7	73	C#5	5	338
30	30	118	118	2.0	1/2	1/2	4/4	2	1	1/2		1/2	1		6	42	F#2	2	342
30	30	118	118	2.0	1/2	1/2	4/4	2	1	1/2		1/2	1		7	49	C#3	3	342
30	30	118	118	2.0	1/2	1/2	4/4	2	1	1/2		1/2	1		6	54	F#3	3	342
30	30	118	118	2.0	1/2	1/2	4/4	1	1	1/2		1/2	1		3	57	A3	3	339
30	30	118	118	2.0	1/2	1/2	4/4	1	1	1/2		1/2	1		7	61	C#4	4	339
30	30	118	118	2.0	1/2	1/2	4/4	1	1	1/2		1/2	1		6	66	F#4	4	339
31	31	120	120	1.0	0	0	4/4	2	1	1/4		1/4	1		6	54	F#3	3	350
31	31	120	120	1.0	0	0	4/4	2	1	1/4		1/4	1		6	66	F#4	4	350
31	31	483/4	483/4	0.25	3/16	3/16	4/4	1	1	1/16		1/16	1		3	69	A4	4	343
31	31	483/4	483/4	0.25	3/16	3/16	4/4	1	1	1/16		1/16	1		7	73	C#5	5	343
31	31	121	121	0.5	1/4	1/4	4/4	2	1	1/8		1/8	1		7	49	C#3	3	351
31	31	121	121	0.5	1/4	1/4	4/4	2	1	1/8		1/8	1		7	61	C#4	4	351
31	31	121	121	0.5	1/4	1/4	4/4	1	1	1/8		1/8	1		3	69	A4	4	344
31	31	121	121	0.5	1/4	1/4	4/4	1	1	1/8		1/8	1		7	73	C#5	5	344
31	31	121	121	0.5	1/4	1/4	4/4	1	1	1/8		1/8	1		3	81	A5	5	344
31	31	487/4	487/4	0.25	7/16	7/16	4/4	2	1	1/16		1/16	1		11	53	E#3	3	352
31	31	487/4	487/4	0.25	7/16	7/16	4/4	2	1	1/16		1/16	1		11	65	E#4	4	352
31	31	487/4	487/4	0.25	7/16	7/16	4/4	1	1	1/16		1/16	1		5	71	B4	4	345
31	31	487/4	487/4	0.25	7/16	7/16	4/4	1	1	1/16		1/16	1		7	73	C#5	5	345
31	31	487/4	487/4	0.25	7/16	7/16	4/4	1	1	1/16		1/16	1		8	80	G#5	5	345
31	31	122	122	1.0	1/2	1/2	4/4	2	1	1/4		1/4	1		6	54	F#3	3	353
31	31	122	122	1.0	1/2	1/2	4/4	2	1	1/4		1/4	1		6	66	F#4	4	353
31	31	122	122	0.5	1/2	1/2	4/4	1	1	1/8		1/8	1		3	69	A4	4	346
31	31	122	122	0.5	1/2	1/2	4/4	1	1	1/8		1/8	1		7	73	C#5	5	346
31	31	122	122	0.5	1/2	1/2	4/4	1	1	1/8		1/8	1		6	78	F#5	5	346
31	31	491/4	491/4	0.25	11/16	11/16	4/4	1	1	1/16		1/16	1		7	73	C#5	5	347
31	31	491/4	491/4	0.25	11/16	11/16	4/4	1	1	1/16		1/16	1		3	81	A5	5	347
31	31	491/4	491/4	0.25	11/16	11/16	4/4	1	1	1/16		1/16	1		7	85	C#6	6	347
31	31	123	123	0.5	3/4	3/4	4/4	2	1	1/8		1/8	1		7	49	C#3	3	354
31	31	123	123	0.5	3/4	3/4	4/4	2	1	1/8		1/8	1		7	61	C#4	4	354
31	31	123	123	0.5	3/4	3/4	4/4	1	1	1/8		1/8	1		7	73	C#5	5	348
31	31	123	123	0.5	3/4	3/4	4/4	1	1	1/8		1/8	1		3	81	A5	5	348
31	31	495/4	495/4	0.25	15/16	15/16	4/4	2	1	1/16		1/16	1		11	53	E#3	3	355
31	31	495/4	495/4	0.25	15/16	15/16	4/4	2	1	1/16		1/16	1		11	65	E#4	4	355
31	31	495/4	495/4	0.25	15/16	15/16	4/4	1	1	1/16		1/16	1		5	71	B4	4	349
31	31	495/4	495/4	0.25	15/16	15/16	4/4	1	1	1/16		1/16	1		7	73	C#5	5	349
31	31	495/4	495/4	0.25	15/16	15/16	4/4	1	1	1/16		1/16	1		8	80	G#5	5	349
32	32	124	124	1.0	0	0	4/4	2	1	1/4		1/4	1		6	54	F#3	3	363
32	32	124	124	1.0	0	0	4/4	2	1	1/4		1/4	1		6	66	F#4	4	363
32	32	124	124	0.5	0	0	4/4	1	1	1/8		1/8	1		3	69	A4	4	356
32	32	124	124	0.5	0	0	4/4	1	1	1/8		1/8	1		7	73	C#5	5	356
32	32	124	124	0.5	0	0	4/4	1	1	1/8		1/8	1		6	78	F#5	5	356
32	32	499/4	499/4	0.25	3/16	3/16	4/4	1	1	1/16		1/16	1		3	69	A4	4	357
32	32	499/4	499/4	0.25	3/16	3/16	4/4	1	1	1/16		1/16	1		2	74	D5	5	357
32	32	125	125	0.5	1/4	1/4	4/4	2	1	1/8		1/8	1		8	56	G#3	3	364
32	32	125	125	0.5	1/4	1/4	4/4	2	1	1/8		1/8	1		8	68	G#4	4	364
32	32	125	125	0.5	1/4	1/4	4/4	1	1	1/8		1/8	1		5	71	B4	4	358
32	32	125	125	0.5	1/4	1/4	4/4	1	1	1/8		1/8	1		2	74	D5	5	358
32	32	503/4	503/4	0.25	7/16	7/16	4/4	2	1	1/16		1/16	1		6	54	F#3	3	365
32	32	503/4	503/4	0.25	7/16	7/16	4/4	2	1	1/16		1/16	1		6	66	F#4	4	365
32	32	503/4	503/4	0.25	7/16	7/16	4/4	1	1	1/16		1/16	1		5	71	B4	4	359
32	32	503/4	503/4	0.25	7/16	7/16	4/4	1	1	1/16		1/16	1		2	74	D5	5	359
32	32	503/4	503/4	0.25	7/16	7/16	4/4	1	1	1/16		1/16	1		8	80	G#5	5	359
32	32	126	126	0.5	1/2	1/2	4/4	2	1	1/8		1/8	1		11	53	E#3	3	366
32	32	126	126	0.5	1/2	1/2	4/4	2	1	1/8		1/8	1		11	65	E#4	4	366
32	32	126	126	0.5	1/2	1/2	4/4	1	1	1/8		1/8	1		8	68	G#4	4	360
32	32	126	126	0.5	1/2	1/2	4/4	1	1	1/8		1/8	1		7	73	C#5	5	360
32	32	126	126	0.5	1/2	1/2	4/4	1	1	1/8		1/8	1		8	80	G#5	5	360
32	32	507/4	507/4	0.25	11/16	11/16	4/4	2	1	1/16		1/16	1		2	50	D3	3	367
32	32	507/4	507/4	0.25	11/16	11/16	4/4	2	1	1/16		1/16	1		2	62	D4	4	367
32	32	507/4	507/4	0.25	11/16	11/16	4/4	1	1	1/16		1/16	1		8	68	G#4	4	361
32	32	507/4	507/4	0.25	11/16	11/16	4/4	1	1	1/16		1/16	1		11	77	E#5	5	361
32	32	127	127	0.5	3/4	3/4	4/4	2	1	1/8		1/8	1		7	49	C#3	3	368
32	32	127	127	0.5	3/4	3/4	4/4	2	1	1/8		1/8	1		7	61	C#4	4	368
32	32	127	127	0.5	3/4	3/4	4/4	1	1	1/8		1/8	1		7	73	C#5	5	362
32	32	127	127	0.5	3/4	3/4	4/4	1	1	1/8		1/8	1		11	77	E#5	5	362
32	32	127	127	0.5	3/4	3/4	4/4	1	1	1/8		1/8	1		7	85	C#6	6	362
33	33	128	128	1.0	0	0	4/4	1	1	1/4		1/4	1		3	69	A4	4	369
33	33	515/4	515/4	0.25	3/16	3/16	4/4	2	1	1/16		1/16	1		6	54	F#3	3	380
33	33	515/4	515/4	0.25	3/16	3/16	4/4	1	2	1/16		1/16	1		3	57	A3	3	376
33	33	129	129	0.5	1/4	1/4	4/4	2	1	1/8		1/8	1		11	53	E#3	3	381
33	33	129	129	0.5	1/4	1/4	4/4	2	1	1/8		1/8	1		8	56	G#3	3	381
33	33	129	129	0.75	1/4	1/4	4/4	1	2	3/16		1/8	3/2		5	59	B3	3	377
33	33	129	129	0.5	1/4	1/4	4/4	1	1	1/8		1/8	1		3	69	A4	4	370
33	33	519/4	519/4	0.25	7/16	7/16	4/4	2	1	1/16		1/16	1		4	52	E3	3	382
33	33	519/4	519/4	0.25	7/16	7/16	4/4	2	1	1/16		1/16	1		1	55	G3	3	382
33	33	519/4	519/4	0.25	7/16	7/16	4/4	1	2	1/16		1/16	1		7	61	C#4	4	378
33	33	519/4	519/4	0.25	7/16	7/16	4/4	1	1	1/16		1/16	1		3	69	A4	4	371
33	33	130	130	1.0	1/2	1/2	4/4	2	1	1/4		1/4	1		2	50	D3	3	383
33	33	130	130	1.0	1/2	1/2	4/4	2	1	1/4		1/4	1		6	54	F#3	3	383
33	33	130	130	1.0	1/2	1/2	4/4	1	2	1/4		1/4	1		2	62	D4	4	379
33	33	130	130	0.5	1/2	1/2	4/4	1	1	1/8		1/8	1		3	69	A4	4	372
33	33	261/2	261/2	0.5	5/8	5/8	4/4	1	1	1/8		1/8	1		6	66	F#4	4	373
33	33	131	131	0.5	3/4	3/4	4/4	1	1	1/8		1/8	1		8	68	G#4	4	374
33	33	527/4	527/4	0.25	15/16	15/16	4/4	1	1	1/16		1/16	1		3	69	A4	4	375
34	34	132	132	1.0	0	0	4/4	1	1	1/4		1/4	1		8	68	G#4	4	384
34	34	531/4	531/4	0.25	3/16	3/16	4/4	2	1	1/16		1/16	1		2	50	D3	3	393
34	34	531/4	531/4	0.25	3/16	3/16	4/4	2	1	1/16		1/16	1		6	54	F#3	3	393
34	34	531/4	531/4	0.25	3/16	3/16	4/4	1	2	1/16		1/16	1		5	59	B3	3	389
34	34	133	133	0.5	1/4	1/4	4/4	2	1	1/8		1/8	1		7	49	C#3	3	394
34	34	133	133	0.5	1/4	1/4	4/4	2	1	1/8		1/8	1		11	53	E#3	3	394
34	34	133	133	0.5	1/4	1/4	4/4	1	2	1/8		1/8	1		7	61	C#4	4	390
34	34	133	133	1.0	1/4	1/4	4/4	1	1	1/4		1/4	1		8	68	G#4	4	385
34	34	535/4	535/4	0.25	7/16	7/16	4/4	2	1	1/16		1/16	1		5	47	B2	2	395
34	34	535/4	535/4	0.25	7/16	7/16	4/4	2	1	1/16		1/16	1		11	53	E#3	3	395
34	34	535/4	535/4	0.25	7/16	7/16	4/4	1	2	1/16		1/16	1		2	62	D4	4	391
34	34	134	134	1.0	1/2	1/2	4/4	2	2	1/4		1/4	1		3	45	A2	2	400
34	34	134	134	0.5	1/2	1/2	4/4	2	1	1/8		1/8	1		11	53	E#3	3	396
34	34	134	134	2.0	1/2	1/2	4/4	1	2	1/2		1/2	1		7	61	C#4	4	392
34	34	134	134	0.5	1/2	1/2	4/4	1	1	1/8		1/8	1		8	68	G#4	4	386
34	34	269/2	269/2	0.5	5/8	5/8	4/4	2	1	1/8		1/8	1		8	56	G#3	3	397
34	34	269/2	269/2	0.5	5/8	5/8	4/4	1	1	1/8		1/8	1		11	65	E#4	4	387
34	34	135	135	0.5	3/4	3/4	4/4	2	1	1/8		1/8	1		3	57	A3	3	398
34	34	135	135	1.0	3/4	3/4	4/4	1	1	1/4		1/4	1		6	66	F#4	4	388
34	34	271/2	271/2	0.5	7/8	7/8	4/4	2	1	1/8		1/8	1		6	54	F#3	3	399
35	35	136	136	1.0	0	0	4/4	1	1	1/4		1/4	1		7	73	C#5	5	401
35	35	547/4	547/4	0.25	3/16	3/16	4/4	2	1	1/16		1/16	1		3	45	A2	2	410
35	35	547/4	547/4	0.25	3/16	3/16	4/4	2	1	1/16		1/16	1		6	54	F#3	3	410
35	35	547/4	547/4	0.25	3/16	3/16	4/4	1	2	1/16		1/16	1		7	61	C#4	4	406
35	35	137	137	0.5	1/4	1/4	4/4	2	1	1/8		1/8	1		8	44	G#2	2	411
35	35	137	137	0.5	1/4	1/4	4/4	2	1	1/8		1/8	1		6	54	F#3	3	411
35	35	137	137	0.5	1/4	1/4	4/4	1	2	1/8		1/8	1		2	62	D4	4	407
35	35	137	137	0.5	1/4	1/4	4/4	1	1	1/8		1/8	1		5	71	B4	4	402
35	35	551/4	551/4	0.25	7/16	7/16	4/4	2	1	1/16		1/16	1		3	45	A2	2	412
35	35	551/4	551/4	0.25	7/16	7/16	4/4	2	1	1/16		1/16	1		6	54	F#3	3	412
35	35	551/4	551/4	0.25	7/16	7/16	4/4	1	2	1/16		1/16	1		2	62	D4	4	408
35	35	551/4	551/4	0.25	7/16	7/16	4/4	1	1	1/16		1/16	1		3	69	A4	4	403
35	35	138	138	2.0	1/2	1/2	4/4	2	1	1/2		1/2	1		5	47	B2	2	413
35	35	138	138	2.0	1/2	1/2	4/4	2	1	1/2		1/2	1		6	54	F#3	3	413
35	35	138	138	2.0	1/2	1/2	4/4	1	2	1/2		1/2	1	1	2	62	D4	4	409
35	35	138	138	1.5	1/2	1/2	4/4	1	1	3/8		1/4	3/2		3	69	A4	4	404
35	35	279/2	279/2	0.5	7/8	7/8	4/4	1	1	1/8		1/8	1		8	68	G#4	4	405
36	36	140	140	1.0	0	0	4/4	1	2	1/4		1/4	1	-1	2	62	D4	4	417
36	36	141	141	0.5	1/4	1/4	4/4	1	2	1/8		1/8	1		10	58	A#3	3	418
36	36	567/4	567/4	0.25	7/16	7/16	4/4	1	2	1/16		1/16	1		5	59	B3	3	419
36	36	142	142	1.0	1/2	1/2	4/4	1	2	1/4		1/4	1		2	62	D4	4	420
36	36	143	143	0.0	3/4	3/4	4/4	1	1	0	grace16	1/16	1		4	64	E4	4	414
36	36	143	143	0.0	3/4	3/4	4/4	1	1	0	grace16	1/16	1		2	62	D4	4	415
36	36	143	143	1.0	3/4	3/4	4/4	2	1	1/4		1/4	1		7	49	C#3	3	423
36	36	143	143	0.75	3/4	3/4	4/4	1	2	3/16		1/8	3/2		7	61	C#4	4	421
36	36	143	143	1.0	3/4	3/4	4/4	1	1	1/4		1/4	1		11	65	E#4	4	416
36	36	575/4	575/4	0.25	15/16	15/16	4/4	1	2	1/16		1/16	1		5	59	B3	3	422
37	37	144	144	1.0	0	0	4/4	2	1	1/4		1/4	1		6	54	F#3	3	428
37	37	289/2	289/2	0.5	1/8	1/8	4/4	1	1	1/8		1/8	1		3	57	A3	3	424
37	37	289/2	289/2	0.5	1/8	1/8	4/4	1	1	1/8		1/8	1		6	66	F#4	4	424
37	37	145	145	0.75	1/4	1/4	4/4	2	1	3/16		1/8	3/2		3	57	A3	3	429
37	37	291/2	291/2	0.5	3/8	3/8	4/4	1	1	1/8		1/8	1		2	62	D4	4	425
37	37	291/2	291/2	0.5	3/8	3/8	4/4	1	1	1/8		1/8	1		6	66	F#4	4	425
37	37	583/4	583/4	0.25	7/16	7/16	4/4	2	1	1/16		1/16	1		5	59	B3	3	430
37	37	146	146	1.0	1/2	1/2	4/4	2	1	1/4		1/4	1		7	61	C#4	4	431
37	37	293/2	293/2	0.5	5/8	5/8	4/4	1	1	1/8		1/8	1		8	56	G#3	3	426
37	37	293/2	293/2	0.5	5/8	5/8	4/4	1	1	1/8		1/8	1		6	66	F#4	4	426
37	37	147	147	1.0	3/4	3/4	4/4	2	1	1/4		1/4	1		7	49	C#3	3	432
37	37	295/2	295/2	0.5	7/8	7/8	4/4	1	1	1/8		1/8	1		8	56	G#3	3	427
37	37	295/2	295/2	0.5	7/8	7/8	4/4	1	1	1/8		1/8	1		11	65	E#4	4	427
38	38	148	148	1.0	0	0	4/4	1	1	1/4		1/4	1		6	66	F#4	4	433
38	38	297/2	297/2	0.5	1/8	1/8	4/4	1	2	1/8		1/8	1		3	57	A3	3	437
38	38	297/2	297/2	0.5	1/8	1/8	4/4	1	2	1/8		1/8	1		7	61	C#4	4	437
38	38	149	149	1.0	1/4	1/4	4/4	2	1	1/4		1/4	1		6	54	F#3	3	441
38	38	149	149	0.75	1/4	1/4	4/4	1	1	3/16		1/8	3/2		3	69	A4	4	434
38	38	299/2	299/2	0.5	3/8	3/8	4/4	1	2	1/8		1/8	1		7	61	C#4	4	438
38	38	299/2	299/2	0.5	3/8	3/8	4/4	1	2	1/8		1/8	1		6	66	F#4	4	438
38	38	599/4	599/4	0.25	7/16	7/16	4/4	1	1	1/16		1/16	1		5	71	B4	4	435
38	38	150	150	1.0	1/2	1/2	4/4	2	1	1/4		1/4	1		11	53	E#3	3	442
38	38	150	150	2.0	1/2	1/2	4/4	1	1	1/2		1/2	1	1	7	73	C#5	5	436
38	38	301/2	301/2	0.5	5/8	5/8	4/4	1	2	1/8		1/8	1		7	61	C#4	4	439
38	38	301/2	301/2	0.5	5/8	5/8	4/4	1	2	1/8		1/8	1		8	68	G#4	4	439
38	38	151	151	1.0	3/4	3/4	4/4	2	1	1/4		1/4	1		7	49	C#3	3	443
38	38	303/2	303/2	0.5	7/8	7/8	4/4	1	2	1/8		1/8	1		7	61	C#4	4	440
38	38	303/2	303/2	0.5	7/8	7/8	4/4	1	2	1/8		1/8	1		11	65	E#4	4	440
39	39	152	152	1.0	0	0	4/4	2	1	1/4		1/4	1		3	57	A3	3	451
39	39	152	152	1.0	0	0	4/4	1	1	1/4		1/4	1	-1	7	73	C#5	5	444
39	39	305/2	305/2	0.5	1/8	1/8	4/4	1	2	1/8		1/8	1		7	61	C#4	4	447
39	39	305/2	305/2	0.5	1/8	1/8	4/4	1	2	1/8		1/8	1		6	66	F#4	4	447
39	39	153	153	0.5	1/4	1/4	4/4	2	1	1/8		1/8	1		5	59	B3	3	452
39	39	153	153	2.0	1/4	1/4	4/4	1	1	1/2		1/2	1		7	73	C#5	5	445
39	39	307/2	307/2	0.5	3/8	3/8	4/4	2	1	1/8		1/8	1		7	61	C#4	4	453
39	39	307/2	307/2	0.5	3/8	3/8	4/4	1	2	1/8		1/8	1		6	66	F#4	4	448
39	39	307/2	307/2	0.5	3/8	3/8	4/4	1	2	1/8		1/8	1		3	69	A4	4	448
39	39	154	154	1.0	1/2	1/2	4/4	2	1	1/4		1/4	1		6	54	F#3	3	454
39	39	309/2	309/2	0.5	5/8	5/8	4/4	1	2	1/8		1/8	1		7	61	C#4	4	449
39	39	309/2	309/2	0.5	5/8	5/8	4/4	1	2	1/8		1/8	1		6	66	F#4	4	449
39	39	309/2	309/2	0.5	5/8	5/8	4/4	1	2	1/8		1/8	1		3	69	A4	4	449
39	39	155	155	0.5	3/4	3/4	4/4	2	1	1/8		1/8	1		8	56	G#3	3	455
39	39	155	155	1.0	3/4	3/4	4/4	1	1	1/4		1/4	1		7	73	C#5	5	446
39	39	311/2	311/2	0.5	7/8	7/8	4/4	2	1	1/8		1/8	1		3	57	A3	3	456
39	39	311/2	311/2	0.5	7/8	7/8	4/4	1	2	1/8		1/8	1		7	61	C#4	4	450
39	39	311/2	311/2	0.5	7/8	7/8	4/4	1	2	1/8		1/8	1		6	66	F#4	4	450
39	39	311/2	311/2	0.5	7/8	7/8	4/4	1	2	1/8		1/8	1		3	69	A4	4	450
40	40	156	156	2.0	0	0	4/4	2	1	1/2		1/2	1		9	51	D#3	3	466
40	40	156	156	1.0	0	0	4/4	1	1	1/4		1/4	1		7	73	C#5	5	457
40	40	313/2	313/2	0.5	1/8	1/8	4/4	1	2	1/8		1/8	1		7	61	C#4	4	462
40	40	313/2	313/2	0.5	1/8	1/8	4/4	1	2	1/8		1/8	1		6	66	F#4	4	462
40	40	157	157	0.75	1/4	1/4	4/4	1	1	3/16		1/8	3/2		5	71	B4	4	458
40	40	315/2	315/2	0.5	3/8	3/8	4/4	1	2	1/8		1/8	1		5	59	B3	3	463
40	40	315/2	315/2	0.5	3/8	3/8	4/4	1	2	1/8		1/8	1		6	66	F#4	4	463
40	40	631/4	631/4	0.25	7/16	7/16	4/4	1	1	1/16		1/16	1		3	69	A4	4	459
40	40	158	158	1.0	1/2	1/2	4/4	2	1	1/4		1/4	1		11	53	E#3	3	467
40	40	158	158	1.0	1/2	1/2	4/4	1	1	1/4		1/4	1		8	68	G#4	4	460
40	40	317/2	317/2	0.5	5/8	5/8	4/4	1	2	1/8		1/8	1		5	59	B3	3	464
40	40	317/2	317/2	0.5	5/8	5/8	4/4	1	2	1/8		1/8	1		2	62	D4	4	464
40	40	159	159	1.0	3/4	3/4	4/4	2	1	1/4		1/4	1		6	54	F#3	3	468
40	40	159	159	1.0	3/4	3/4	4/4	1	1	1/4		1/4	1		3	69	A4	4	461
40	40	319/2	319/2	0.5	7/8	7/8	4/4	1	2	1/8		1/8	1		3	57	A3	3	465
40	40	319/2	319/2	0.5	7/8	7/8	4/4	1	2	1/8		1/8	1		7	61	C#4	4	465
41	41	160	160	2.0	0	0	4/4	2	1	1/2		1/2	1		7	49	C#3	3	476
41	41	160	160	1.0	0	0	4/4	1	1	1/4		1/4	1		6	66	F#4	4	469
41	41	321/2	321/2	0.5	1/8	1/8	4/4	1	2	1/8		1/8	1		3	57	A3	3	472
41	41	321/2	321/2	0.5	1/8	1/8	4/4	1	2	1/8		1/8	1		7	61	C#4	4	472
41	41	161	161	1.0	1/4	1/4	4/4	1	1	1/4		1/4	1		11	65	E#4	4	470
41	41	323/2	323/2	0.5	3/8	3/8	4/4	1	2	1/8		1/8	1		5	59	B3	3	473
41	41	323/2	323/2	0.5	3/8	3/8	4/4	1	2	1/8		1/8	1		7	61	C#4	4	473
41	41	162	162	1.0	1/2	1/2	4/4	2	1	1/4		1/4	1		3	45	A2	2	477
41	41	162	162	2.0	1/2	1/2	4/4	1	1	1/2		1/2	1	1	6	66	F#4	4	471
41	41	325/2	325/2	0.5	5/8	5/8	4/4	1	2	1/8		1/8	1		3	57	A3	3	474
41	41	325/2	325/2	0.5	5/8	5/8	4/4	1	2	1/8		1/8	1		7	61	C#4	4	474
41	41	163	163	0.5	3/4	3/4	4/4	2	1	1/8		1/8	1		5	47	B2	2	478
41	41	327/2	327/2	0.5	7/8	7/8	4/4	2	1	1/8		1/8	1		7	49	C#3	3	479
41	41	327/2	327/2	0.5	7/8	7/8	4/4	1	2	1/8		1/8	1		3	57	A3	3	475
41	41	327/2	327/2	0.5	7/8	7/8	4/4	1	2	1/8		1/8	1		7	61	C#4	4	475
42	42	164	164	1.0	0	0	4/4	2	1	1/4		1/4	1		6	42	F#2	2	488
42	42	164	164	1.0	0	0	4/4	1	1	1/4		1/4	1	-1	6	66	F#4	4	480
42	42	329/2	329/2	0.5	1/8	1/8	4/4	1	2	1/8		1/8	1		3	57	A3	3	484
42	42	329/2	329/2	0.5	1/8	1/8	4/4	1	2	1/8		1/8	1		7	61	C#4	4	484
42	42	165	165	0.5	1/4	1/4	4/4	2	1	1/8		1/8	1		8	44	G#2	2	489
42	42	165	165	1.0	1/4	1/4	4/4	1	1	1/4		1/4	1		6	66	F#4	4	481
42	42	331/2	331/2	0.5	3/8	3/8	4/4	2	1	1/8		1/8	1		3	45	A2	2	490
42	42	331/2	331/2	0.5	3/8	3/8	4/4	1	2	1/8		1/8	1		3	57	A3	3	485
42	42	331/2	331/2	0.5	3/8	3/8	4/4	1	2	1/8		1/8	1		7	61	C#4	4	485
42	42	166	166	1.0	1/2	1/2	4/4	2	1	1/4		1/4	1		2	50	D3	3	491
42	42	166	166	1.0	1/2	1/2	4/4	1	1	1/4		1/4	1		6	66	F#4	4	482
42	42	333/2	333/2	0.5	5/8	5/8	4/4	1	2	1/8		1/8	1		3	57	A3	3	486
42	42	333/2	333/2	0.5	5/8	5/8	4/4	1	2	1/8		1/8	1		2	62	D4	4	486
42	42	167	167	1.0	3/4	3/4	4/4	2	1	1/4		1/4	1		5	47	B2	2	492
42	42	167	167	1.0	3/4	3/4	4/4	1	1	1/4		1/4	1		2	74	D5	5	483
42	42	335/2	335/2	0.5	7/8	7/8	4/4	1	2	1/8		1/8	1		2	62	D4	4	487
42	42	335/2	335/2	0.5	7/8	7/8	4/4	1	2	1/8		1/8	1		6	66	F#4	4	487
43	43	168	168	1.0	0	0	4/4	2	1	1/4		1/4	1		8	44	G#2	2	500
43	43	168	168	1.0	0	0	4/4	1	1	1/4		1/4	1		11	65	E#4	4	493
43	43	337/2	337/2	0.5	1/8	1/8	4/4	1	2	1/8		1/8	1		5	59	B3	3	497
43	43	337/2	337/2	0.5	1/8	1/8	4/4	1	2	1/8		1/8	1		2	62	D4	4	497
43	43	169	169	0.5	1/4	1/4	4/4	2	1	1/8		1/8	1		3	45	A2	2	501
43	43	169	169	1.0	1/4	1/4	4/4	1	1	1/4		1/4	1		6	66	F#4	4	494
43	43	339/2	339/2	0.5	3/8	3/8	4/4	2	1	1/8		1/8	1		5	47	B2	2	502
43	43	339/2	339/2	0.5	3/8	3/8	4/4	1	2	1/8		1/8	1		3	57	A3	3	498
43	43	339/2	339/2	0.5	3/8	3/8	4/4	1	2	1/8		1/8	1		7	61	C#4	4	498
43	43	170	170	2.0	1/2	1/2	4/4	2	1	1/2		1/2	1		7	49	C#3	3	503
43	43	170	170	1.5	1/2	1/2	4/4	1	1	3/8		1/4	3/2		3	69	A4	4	495
43	43	341/2	341/2	1.5	5/8	5/8	4/4	1	2	3/8		1/4	3/2		5	59	B3	3	499
43	43	341/2	341/2	1.5	5/8	5/8	4/4	1	2	3/8		1/4	3/2		11	65	E#4	4	499
43	43	171	171	1.0	3/4	3/4	4/4	2	2	1/4		1/4	1		7	37	C#2	2	504
43	43	343/2	343/2	0.5	7/8	7/8	4/4	1	1	1/8		1/8	1		8	68	G#4	4	496
44	44	172	172	1.0	0	0	4/4	2	1	1/4		1/4	1		6	42	F#2	2	510
44	44	172	172	1.0	0	0	4/4	1	2	1/4		1/4	1		10	58	A#3	3	509
44	44	172	172	1.0	0	0	4/4	1	1	1/4		1/4	1		6	66	F#4	4	505
44	44	173	173	0.5	1/4	1/4	4/4	2	1	1/8		1/8	1		7	37	C#2	2	511
44	44	695/4	695/4	0.25	7/16	7/16	4/4	2	1	1/16		1/16	1		11	41	E#2	2	512
44	44	174	174	0.5	1/2	1/2	4/4	2	1	1/8		1/8	1		6	42	F#2	2	513
44	44	174	174	1.0	1/2	1/2	4/4	1	1	1/4		1/4	1		6	54	F#3	3	506
44	44	175	175	0.5	3/4	3/4	4/4	1	1	1/8		1/8	1		7	49	C#3	3	507
44	44	703/4	703/4	0.25	15/16	15/16	4/4	1	1	1/16		1/16	1		11	53	E#3	3	508
45	45	176	176	0.5	0	0	4/4	1	1	1/8		1/8	1		6	54	F#3	3	514
45	45	176	176	1.0	0	0	4/4	2	1	1/4		1/4	1		6	66	F#4	4	518
45	45	177	177	0.5	1/4	1/4	4/4	2	1	1/8		1/8	1		7	61	C#4	4	519
45	45	711/4	711/4	0.25	7/16	7/16	4/4	2	1	1/16		1/16	1		11	65	E#4	4	520
45	45	178	178	0.5	1/2	1/2	4/4	2	1	1/8		1/8	1		6	66	F#4	4	521
45	45	178	178	1.0	1/2	1/2	4/4	1	1	1/4		1/4	1		6	78	F#5	5	515
45	45	179	179	0.5	3/4	3/4	4/4	1	1	1/8		1/8	1		7	73	C#5	5	516
45	45	719/4	719/4	0.25	15/16	15/16	4/4	1	1	1/16		1/16	1		11	77	E#5	5	517
46	46	180	180	0.5	0	0	4/4	1	1	1/8		1/8	1		6	78	F#5	5	522
46	46	180	180	1.0	0	0	4/4	2	1	1/4		1/4	1		6	90	F#6	6	524
46	46	181	181	0.5	1/4	1/4	4/4	2	1	1/8		1/8	1		7	85	C#6	6	525
46	46	727/4	727/4	0.25	7/16	7/16	4/4	2	1	1/16		1/16	1		11	89	E#6	6	526
46	46	182	182	1.0	1/2	1/2	4/4	1	1	1/4		1/4	1		6	66	F#4	4	523
46	46	182	182	1.0	1/2	1/2	4/4	1	1	1/4		1/4	1		7	73	C#5	5	523
46	46	182	182	1.0	1/2	1/2	4/4	1	1	1/4		1/4	1		6	78	F#5	5	523
46	46	182	182	1.0	1/2	1/2	4/4	1	1	1/4		1/4	1		10	82	A#5	5	523
46	46	182	182	1.0	1/2	1/2	4/4	2	1	1/4		1/4	1		6	90	F#6	6	527
46	46	183	183	0.5	3/4	3/4	4/4	2	1	1/8		1/8	1		7	85	C#6	6	528
46	46	735/4	735/4	0.25	15/16	15/16	4/4	2	1	1/16		1/16	1		11	89	E#6	6	529
47	47	184	184	1.0	0	0	4/4	1	1	1/4		1/4	1		6	66	F#4	4	530
47	47	184	184	1.0	0	0	4/4	1	1	1/4		1/4	1		7	73	C#5	5	530
47	47	184	184	1.0	0	0	4/4	1	1	1/4		1/4	1		6	78	F#5	5	530
47	47	184	184	1.0	0	0	4/4	1	1	1/4		1/4	1		10	82	A#5	5	530
47	47	184	184	1.0	0	0	4/4	2	1	1/4		1/4	1		6	90	F#6	6	532
47	47	185	185	0.5	1/4	1/4	4/4	2	1	1/8		1/8	1		7	85	C#6	6	533
47	47	743/4	743/4	0.25	7/16	7/16	4/4	2	1	1/16		1/16	1		11	89	E#6	6	534
47	47	186	186	1.5	1/2	1/2	4/4	1	1	3/8		1/4	3/2		6	66	F#4	4	531
47	47	186	186	1.5	1/2	1/2	4/4	1	1	3/8		1/4	3/2		7	73	C#5	5	531
47	47	186	186	1.5	1/2	1/2	4/4	1	1	3/8		1/4	3/2		6	78	F#5	5	531
47	47	186	186	1.5	1/2	1/2	4/4	1	1	3/8		1/4	3/2		10	82	A#5	5	531
47	47	186	186	1.5	1/2	1/2	4/4	2	1	3/8		1/4	3/2		6	90	F#6	6	535
48	48	188	188	1.0	0	0	4/4	2	1	1/4		1/4	1		3	45	A2	2	546
48	48	188	188	1.0	0	0	4/4	2	1	1/4		1/4	1		4	52	E3	3	546
48	48	188	188	1.0	0	0	4/4	1	2	1/4		1/4	1		7	61	C#4	4	542
48	48	188	188	1.0	0	0	4/4	1	1	1/4		1/4	1		3	69	A4	4	536
48	48	189	189	0.5	1/4	1/4	4/4	1	1	1/8		1/8	1		4	64	E4	4	537
48	48	759/4	759/4	0.25	7/16	7/16	4/4	2	1	1/16		1/16	1		5	47	B2	2	547
48	48	759/4	759/4	0.25	7/16	7/16	4/4	2	1	1/16		1/16	1		4	52	E3	3	547
48	48	759/4	759/4	0.25	7/16	7/16	4/4	1	2	1/16		1/16	1		2	62	D4	4	543
48	48	759/4	759/4	0.25	7/16	7/16	4/4	1	1	1/16		1/16	1		8	68	G#4	4	538
48	48	190	190	1.0	1/2	1/2	4/4	2	1	1/4		1/4	1		7	49	C#3	3	548
48	48	190	190	1.0	1/2	1/2	4/4	2	1	1/4		1/4	1		4	52	E3	3	548
48	48	190	190	1.0	1/2	1/2	4/4	1	2	1/4		1/4	1		7	61	C#4	4	544
48	48	190	190	1.0	1/2	1/2	4/4	1	1	1/4		1/4	1		3	69	A4	4	539
48	48	191	191	0.5	3/4	3/4	4/4	1	1	1/8		1/8	1		4	64	E4	4	540
48	48	767/4	767/4	0.25	15/16	15/16	4/4	2	1	1/16		1/16	1		2	50	D3	3	549
48	48	767/4	767/4	0.25	15/16	15/16	4/4	2	1	1/16		1/16	1		4	52	E3	3	549
48	48	767/4	767/4	0.25	15/16	15/16	4/4	1	2	1/16		1/16	1		5	59	B3	3	545
48	48	767/4	767/4	0.25	15/16	15/16	4/4	1	1	1/16		1/16	1		8	68	G#4	4	541
49	49	192	192	1.0	0	0	4/4	2	1	1/4		1/4	1		7	49	C#3	3	559
49	49	192	192	1.0	0	0	4/4	2	1	1/4		1/4	1		4	52	E3	3	559
49	49	192	192	1.0	0	0	4/4	1	2	1/4		1/4	1		4	64	E4	4	556
49	49	192	192	1.0	0	0	4/4	1	1	1/4		1/4	1		3	69	A4	4	550
49	49	193	193	1.0	1/4	1/4	4/4	2	1	1/4		1/4	1		2	50	D3	3	560
49	49	193	193	1.0	1/4	1/4	4/4	2	1	1/4		1/4	1		6	54	F#3	3	560
49	49	193	193	1.0	1/4	1/4	4/4	1	2	1/4		1/4	1		5	59	B3	3	557
49	49	193	193	0.5	1/4	1/4	4/4	1	1	1/8		1/8	1		5	71	B4	4	551
49	49	775/4	775/4	0.25	7/16	7/16	4/4	1	1	1/16		1/16	1		3	69	A4	4	552
49	49	194	194	0.5	1/2	1/2	4/4	2	1	1/8		1/8	1		4	52	E3	3	561
49	49	194	194	0.5	1/2	1/2	4/4	2	1	1/8		1/8	1		8	56	G#3	3	561
49	49	194	194	0.5	1/2	1/2	4/4	1	2	1/8		1/8	1		5	59	B3	3	558
49	49	194	194	0.5	1/2	1/2	4/4	1	1	1/8		1/8	1		8	68	G#4	4	553
49	49	779/4	779/4	0.25	11/16	11/16	4/4	1	1	1/16		1/16	1		6	66	F#4	4	554
49	49	195	195	1.0	3/4	3/4	4/4	1	1	1/4		1/4	1		4	64	E4	4	555
50	50	196	196	1.0	0	0	4/4	2	1	1/4		1/4	1		6	54	F#3	3	572
50	50	196	196	1.0	0	0	4/4	1	2	1/4		1/4	1		3	57	A3	3	568
50	50	196	196	1.0	0	0	4/4	1	2	1/4		1/4	1		7	61	C#4	4	568
50	50	196	196	1.0	0	0	4/4	1	1	1/4		1/4	1		3	69	A4	4	562
50	50	197	197	0.5	1/4	1/4	4/4	2	1	1/8		1/8	1		7	49	C#3	3	573
50	50	197	197	0.5	1/4	1/4	4/4	2	1	1/8		1/8	1		8	56	G#3	3	573
50	50	197	197	0.5	1/4	1/4	4/4	1	2	1/8		1/8	1		7	61	C#4	4	569
50	50	197	197	0.5	1/4	1/4	4/4	1	1	1/8		1/8	1		4	64	E4	4	563
50	50	791/4	791/4	0.25	7/16	7/16	4/4	1	1	1/16		1/16	1		8	68	G#4	4	564
50	50	198	198	1.0	1/2	1/2	4/4	2	1	1/4		1/4	1		6	54	F#3	3	574
50	50	198	198	1.0	1/2	1/2	4/4	1	2	1/4		1/4	1		3	57	A3	3	570
50	50	198	198	1.0	1/2	1/2	4/4	1	2	1/4		1/4	1		7	61	C#4	4	570
50	50	198	198	1.0	1/2	1/2	4/4	1	1	1/4		1/4	1		3	69	A4	4	565
50	50	199	199	0.5	3/4	3/4	4/4	2	1	1/8		1/8	1		5	47	B2	2	575
50	50	199	199	0.5	3/4	3/4	4/4	2	1	1/8		1/8	1		6	54	F#3	3	575
50	50	199	199	0.5	3/4	3/4	4/4	1	2	1/8		1/8	1		3	57	A3	3	571
50	50	199	199	0.5	3/4	3/4	4/4	1	1	1/8		1/8	1		7	61	C#4	4	566
50	50	799/4	799/4	0.25	15/16	15/16	4/4	1	1	1/16		1/16	1		2	62	D4	4	567
51	51	200	200	1.0	0	0	4/4	2	1	1/4		1/4	1		4	52	E3	3	579
51	51	200	200	1.0	0	0	4/4	1	1	1/4		1/4	1		3	57	A3	3	576
51	51	200	200	1.0	0	0	4/4	1	1	1/4		1/4	1		7	61	C#4	4	576
51	51	200	200	1.0	0	0	4/4	1	1	1/4		1/4	1		4	64	E4	4	576
51	51	201	201	1.0	1/4	1/4	4/4	2	1	1/4		1/4	1		4	52	E3	3	580
51	51	201	201	1.0	1/4	1/4	4/4	1	1	1/4		1/4	1		8	56	G#3	3	577
51	51	201	201	1.0	1/4	1/4	4/4	1	1	1/4		1/4	1		5	59	B3	3	577
51	51	201	201	1.0	1/4	1/4	4/4	1	1	1/4		1/4	1		4	64	E4	4	577
51	51	202	202	2.0	1/2	1/2	4/4	2	1	1/2		1/2	1		3	45	A2	2	581
51	51	202	202	2.0	1/2	1/2	4/4	2	1	1/2		1/2	1		4	52	E3	3	581
51	51	202	202	2.0	1/2	1/2	4/4	1	1	1/2		1/2	1		3	57	A3	3	578
51	51	202	202	2.0	1/2	1/2	4/4	1	1	1/2		1/2	1		7	61	C#4	4	578
52	52	204	204	0.5	0	0	4/4	2	1	1/8		1/8	1		3	45	A2	2	588
52	52	204	204	0.5	0	0	4/4	2	1	1/8		1/8	1		4	52	E3	3	588
52	52	204	204	0.5	0	0	4/4	2	1	1/8		1/8	1		7	61	C#4	4	588
52	52	204	204	1.0	0	0	4/4	1	1	1/4		1/4	1		3	69	A4	4	582
52	52	204	204	1.0	0	0	4/4	1	1	1/4		1/4	1		3	81	A5	5	582
52	52	819/4	819/4	0.25	3/16	3/16	4/4	2	1	1/16		1/16	1		2	62	D4	4	589
52	52	819/4	819/4	0.25	3/16	3/16	4/4	2	1	1/16		1/16	1		6	66	F#4	4	589
52	52	205	205	0.5	1/4	1/4	4/4	2	1	1/8		1/8	1		7	61	C#4	4	590
52	52	205	205	0.5	1/4	1/4	4/4	2	1	1/8		1/8	1		4	64	E4	4	590
52	52	205	205	0.5	1/4	1/4	4/4	1	1	1/8		1/8	1		4	76	E5	5	583
52	52	823/4	823/4	0.25	7/16	7/16	4/4	2	1	1/16		1/16	1		5	59	B3	3	591
52	52	823/4	823/4	0.25	7/16	7/16	4/4	2	1	1/16		1/16	1		2	62	D4	4	591
52	52	823/4	823/4	0.25	7/16	7/16	4/4	1	1	1/16		1/16	1		8	68	G#4	4	584
52	52	823/4	823/4	0.25	7/16	7/16	4/4	1	1	1/16		1/16	1		4	76	E5	5	584
52	52	823/4	823/4	0.25	7/16	7/16	4/4	1	1	1/16		1/16	1		8	80	G#5	5	584
52	52	206	206	0.5	1/2	1/2	4/4	2	1	1/8		1/8	1		3	57	A3	3	592
52	52	206	206	0.5	1/2	1/2	4/4	2	1	1/8		1/8	1		7	61	C#4	4	592
52	52	206	206	1.0	1/2	1/2	4/4	1	1	1/4		1/4	1		3	69	A4	4	585
52	52	206	206	1.0	1/2	1/2	4/4	1	1	1/4		1/4	1		4	76	E5	5	585
52	52	206	206	1.0	1/2	1/2	4/4	1	1	1/4		1/4	1		3	81	A5	5	585
52	52	827/4	827/4	0.25	11/16	11/16	4/4	2	1	1/16		1/16	1		6	54	F#3	3	593
52	52	827/4	827/4	0.25	11/16	11/16	4/4	2	1	1/16		1/16	1		2	62	D4	4	593
52	52	207	207	0.5	3/4	3/4	4/4	2	1	1/8		1/8	1		4	52	E3	3	594
52	52	207	207	0.5	3/4	3/4	4/4	2	1	1/8		1/8	1		7	61	C#4	4	594
52	52	207	207	0.5	3/4	3/4	4/4	1	1	1/8		1/8	1		4	76	E5	5	586
52	52	831/4	831/4	0.25	15/16	15/16	4/4	2	1	1/16		1/16	1		2	50	D3	3	595
52	52	831/4	831/4	0.25	15/16	15/16	4/4	2	1	1/16		1/16	1		5	59	B3	3	595
52	52	831/4	831/4	0.25	15/16	15/16	4/4	1	1	1/16		1/16	1		8	68	G#4	4	587
52	52	831/4	831/4	0.25	15/16	15/16	4/4	1	1	1/16		1/16	1		4	76	E5	5	587
52	52	831/4	831/4	0.25	15/16	15/16	4/4	1	1	1/16		1/16	1		8	80	G#5	5	587
53	53	208	208	1.0	0	0	4/4	2	1	1/4		1/4	1		7	49	C#3	3	602
53	53	208	208	1.0	0	0	4/4	2	1	1/4		1/4	1		3	57	A3	3	602
53	53	208	208	1.0	0	0	4/4	1	1	1/4		1/4	1		3	69	A4	4	596
53	53	208	208	1.0	0	0	4/4	1	1	1/4		1/4	1		4	76	E5	5	596
53	53	208	208	1.0	0	0	4/4	1	1	1/4		1/4	1		3	81	A5	5	596
53	53	209	209	1.0	1/4	1/4	4/4	2	2	1/4		1/4	1		5	47	B2	2	608
53	53	209	209	1.0	1/4	1/4	4/4	2	2	1/4		1/4	1		6	54	F#3	3	608
53	53	209	209	0.75	1/4	1/4	4/4	2	1	3/16		1/8	3/2		2	62	D4	4	603
53	53	209	209	0.75	1/4	1/4	4/4	1	1	3/16		1/8	3/2		5	71	B4	4	597
53	53	209	209	0.75	1/4	1/4	4/4	1	1	3/16		1/8	3/2		2	74	D5	5	597
53	53	209	209	0.75	1/4	1/4	4/4	1	1	3/16		1/8	3/2		5	83	B5	5	597
53	53	839/4	839/4	0.25	7/16	7/16	4/4	2	1	1/16		1/16	1		7	61	C#4	4	604
53	53	839/4	839/4	0.25	7/16	7/16	4/4	1	1	1/16		1/16	1		3	69	A4	4	598
53	53	839/4	839/4	0.25	7/16	7/16	4/4	1	1	1/16		1/16	1		3	81	A5	5	598
53	53	210	210	1.0	1/2	1/2	4/4	2	2	1/4		1/4	1		4	52	E3	3	609
53	53	210	210	0.75	1/2	1/2	4/4	2	1	3/16		1/8	3/2		5	59	B3	3	605
53	53	210	210	0.75	1/2	1/2	4/4	1	1	3/16		1/8	3/2		8	68	G#4	4	599
53	53	210	210	0.75	1/2	1/2	4/4	1	1	3/16		1/8	3/2		8	80	G#5	5	599
53	53	843/4	843/4	0.25	11/16	11/16	4/4	2	1	1/16		1/16	1		3	57	A3	3	606
53	53	843/4	843/4	0.25	11/16	11/16	4/4	1	1	1/16		1/16	1		6	66	F#4	4	600
53	53	843/4	843/4	0.25	11/16	11/16	4/4	1	1	1/16		1/16	1		6	78	F#5	5	600
53	53	211	211	0.75	3/4	3/4	4/4	2	2	3/16		1/8	3/2		4	52	E3	3	610
53	53	211	211	1.0	3/4	3/4	4/4	2	1	1/4		1/4	1		8	56	G#3	3	607
53	53	211	211	1.0	3/4	3/4	4/4	1	1	1/4		1/4	1		4	64	E4	4	601
53	53	211	211	1.0	3/4	3/4	4/4	1	1	1/4		1/4	1		4	76	E5	5	601
53	53	847/4	847/4	0.25	15/16	15/16	4/4	2	2	1/16		1/16	1		2	50	D3	3	611
54	54	212	212	1.0	0	0	4/4	2	1	1/4		1/4	1		7	49	C#3	3	619
54	54	212	212	1.0	0	0	4/4	2	1	1/4		1/4	1		3	57	A3	3	619
54	54	212	212	1.0	0	0	4/4	1	1	1/4		1/4	1		3	69	A4	4	612
54	54	212	212	1.0	0	0	4/4	1	1	1/4		1/4	1		4	76	E5	5	612
54	54	212	212	1.0	0	0	4/4	1	1	1/4		1/4	1		3	81	A5	5	612
54	54	213	213	0.75	1/4	1/4	4/4	2	1	3/16		1/8	3/2		5	47	B2	2	620
54	54	213	213	0.75	1/4	1/4	4/4	2	1	3/16		1/8	3/2		8	56	G#3	3	620
54	54	213	213	0.75	1/4	1/4	4/4	1	1	3/16		1/8	3/2		5	71	B4	4	613
54	54	213	213	0.75	1/4	1/4	4/4	1	1	3/16		1/8	3/2		4	76	E5	5	613
54	54	213	213	0.75	1/4	1/4	4/4	1	1	3/16		1/8	3/2		5	83	B5	5	613
54	54	855/4	855/4	0.25	7/16	7/16	4/4	2	1	1/16		1/16	1		3	45	A2	2	621
54	54	855/4	855/4	0.25	7/16	7/16	4/4	2	1	1/16		1/16	1		3	57	A3	3	621
54	54	855/4	855/4	0.25	7/16	7/16	4/4	1	1	1/16		1/16	1		7	73	C#5	5	614
54	54	855/4	855/4	0.25	7/16	7/16	4/4	1	1	1/16		1/16	1		4	76	E5	5	614
54	54	855/4	855/4	0.25	7/16	7/16	4/4	1	1	1/16		1/16	1		7	85	C#6	6	614
54	54	214	214	1.0	1/2	1/2	4/4	2	1	1/4		1/4	1		8	44	G#2	2	622
54	54	214	214	1.0	1/2	1/2	4/4	2	1	1/4		1/4	1		4	52	E3	3	622
54	54	214	214	1.0	1/2	1/2	4/4	2	1	1/4		1/4	1		5	59	B3	3	622
54	54	214	214	0.5	1/2	1/2	4/4	1	1	1/8		1/8	1		5	71	B4	4	615
54	54	214	214	0.5	1/2	1/2	4/4	1	1	1/8		1/8	1		4	76	E5	5	615
54	54	214	214	0.5	1/2	1/2	4/4	1	1	1/8		1/8	1		5	83	B5	5	615
54	54	859/4	859/4	0.25	11/16	11/16	4/4	1	1	1/16		1/16	1		3	69	A4	4	616
54	54	859/4	859/4	0.25	11/16	11/16	4/4	1	1	1/16		1/16	1		3	81	A5	5	616
54	54	215	215	1.0	3/4	3/4	4/4	2	1	1/4		1/4	1		3	45	A2	2	623
54	54	215	215	1.0	3/4	3/4	4/4	2	1	1/4		1/4	1		4	52	E3	3	623
54	54	215	215	1.0	3/4	3/4	4/4	2	1	1/4		1/4	1		7	61	C#4	4	623
54	54	215	215	0.5	3/4	3/4	4/4	1	1	1/8		1/8	1		8	68	G#4	4	617
54	54	215	215	0.5	3/4	3/4	4/4	1	1	1/8		1/8	1		8	80	G#5	5	617
54	54	863/4	863/4	0.25	15/16	15/16	4/4	1	1	1/16		1/16	1		6	66	F#4	4	618
54	54	863/4	863/4	0.25	15/16	15/16	4/4	1	1	1/16		1/16	1		6	78	F#5	5	618
55	55	216	216	1.0	0	0	4/4	2	1	1/4		1/4	1		5	47	B2	2	629
55	55	216	216	1.0	0	0	4/4	2	1	1/4		1/4	1		8	56	G#3	3	629
55	55	216	216	1.0	0	0	4/4	2	1	1/4		1/4	1		4	64	E4	4	629
55	55	216	216	1.0	0	0	4/4	1	1	1/4		1/4	1		8	68	G#4	4	624
55	55	216	216	1.0	0	0	4/4	1	1	1/4		1/4	1		8	80	G#5	5	624
55	55	217	217	0.0	1/4	1/4	4/4	1	1	0	acciaccatura	1/8	1		8	80	G#5	5	625
55	55	217	217	1.0	1/4	1/4	4/4	2	1	1/4		1/4	1		5	47	B2	2	630
55	55	217	217	1.0	1/4	1/4	4/4	2	1	1/4		1/4	1		3	57	A3	3	630
55	55	217	217	1.0	1/4	1/4	4/4	2	1	1/4		1/4	1		9	63	D#4	4	630
55	55	217	217	0.5	1/4	1/4	4/4	1	1	1/8		1/8	1		6	66	F#4	4	626
55	55	217	217	0.5	1/4	1/4	4/4	1	1	1/8		1/8	1		6	78	F#5	5	626
55	55	871/4	871/4	0.25	7/16	7/16	4/4	1	1	1/16		1/16	1		4	64	E4	4	627
55	55	871/4	871/4	0.25	7/16	7/16	4/4	1	1	1/16		1/16	1		4	76	E5	5	627
55	55	218	218	2.0	1/2	1/2	4/4	2	1	1/2		1/2	1		4	40	E2	2	631
55	55	218	218	2.0	1/2	1/2	4/4	2	1	1/2		1/2	1		8	56	G#3	3	631
55	55	218	218	2.0	1/2	1/2	4/4	1	1	1/2		1/2	1		4	64	E4	4	628
55	55	218	218	2.0	1/2	1/2	4/4	1	1	1/2		1/2	1		4	76	E5	5	628
56	56	220	220	1.0	0	0	4/4	2	1	1/4		1/4	1		4	64	E4	4	632
56	56	221	221	0.5	1/4	1/4	4/4	2	1	1/8		1/8	1		5	59	B3	3	633
56	56	887/4	887/4	0.25	7/16	7/16	4/4	2	1	1/16		1/16	1		9	63	D#4	4	634
56	56	222	222	1.0	1/2	1/2	4/4	2	1	1/4		1/4	1		4	64	E4	4	635
56	56	223	223	0.5	3/4	3/4	4/4	2	1	1/8		1/8	1		1	55	G3	3	636
56	56	895/4	895/4	0.25	15/16	15/16	4/4	2	1	1/16		1/16	1		5	59	B3	3	637
57	57	224	224	1.0	0	0	4/4	2	1	1/4		1/4	1		0	60	C4	4	638
57	57	449/2	449/2	0.5	1/8	1/8	4/4	2	2	1/8		1/8	1		4	52	E3	3	644
57	57	225	225	0.5	1/4	1/4	4/4	2	2	1/8		1/8	1		-1	53	F3	3	645
57	57	225	225	0.5	1/4	1/4	4/4	2	1	1/8		1/8	1		2	62	D4	4	639
57	57	903/4	903/4	0.25	7/16	7/16	4/4	2	2	1/16		1/16	1		3	57	A3	3	646
57	57	903/4	903/4	0.25	7/16	7/16	4/4	2	1	1/16		1/16	1		0	60	C4	4	640
57	57	226	226	0.5	1/2	1/2	4/4	2	2	1/8		1/8	1		1	55	G3	3	647
57	57	226	226	0.5	1/2	1/2	4/4	2	1	1/8		1/8	1		5	59	B3	3	641
57	57	907/4	907/4	0.25	11/16	11/16	4/4	2	2	1/16		1/16	1		-1	53	F3	3	648
57	57	907/4	907/4	0.25	11/16	11/16	4/4	2	1	1/16		1/16	1		3	57	A3	3	642
57	57	227	227	0.75	3/4	3/4	4/4	2	2	3/16		1/8	3/2		4	52	E3	3	649
57	57	227	227	1.0	3/4	3/4	4/4	2	1	1/4		1/4	1		8	56	G#3	3	643
57	57	911/4	911/4	0.25	15/16	15/16	4/4	2	2	1/16		1/16	1		2	50	D3	3	650
58	58	228	228	2.0	0	0	4/4	2	2	1/2		1/2	1		7	49	C#3	3	666
58	58	228	228	2.0	0	0	4/4	2	1	1/2		1/2	1		3	57	A3	3	663
58	58	228	228	2.0	0	0	4/4	1	2	1/2		1/2	1		4	64	E4	4	660
58	58	228	228	1.0	0	0	4/4	1	1	1/4		1/4	1		3	69	A4	4	651
58	58	229	229	0.0	1/4	1/4	4/4	1	1	0	grace16	1/16	1		5	71	B4	4	652
58	58	229	229	0.0	1/4	1/4	4/4	1	1	0	grace16	1/16	1		3	69	A4	4	653
58	58	229	229	0.0	1/4	1/4	4/4	1	1	0	grace16	1/16	1		8	68	G#4	4	654
58	58	229	229	0.0	1/4	1/4	4/4	1	1	0	grace16	1/16	1		3	69	A4	4	655
58	58	229	229	0.75	1/4	1/4	4/4	1	1	3/16		1/8	3/2		5	71	B4	4	656
58	58	919/4	919/4	0.25	7/16	7/16	4/4	1	1	1/16		1/16	1		7	73	C#5	5	657
58	58	230	230	1.0	1/2	1/2	4/4	2	2	1/4		1/4	1		2	50	D3	3	667
58	58	230	230	1.0	1/2	1/2	4/4	2	1	1/4		1/4	1		3	57	A3	3	664
58	58	230	230	1.0	1/2	1/2	4/4	1	2	1/4		1/4	1		2	62	D4	4	661
58	58	230	230	1.0	1/2	1/2	4/4	1	1	1/4		1/4	1		6	66	F#4	4	658
58	58	231	231	0.75	3/4	3/4	4/4	2	2	3/16		1/8	3/2		4	52	E3	3	668
58	58	231	231	1.0	3/4	3/4	4/4	2	1	1/4		1/4	1		3	57	A3	3	665
58	58	231	231	1.0	3/4	3/4	4/4	1	2	1/4		1/4	1		2	62	D4	4	662
58	58	231	231	1.0	3/4	3/4	4/4	1	1	1/4		1/4	1		6	66	F#4	4	659
58	58	927/4	927/4	0.25	15/16	15/16	4/4	2	2	1/16		1/16	1		6	54	F#3	3	669
59	59	232	232	2.0	0	0	4/4	2	2	1/2		1/2	1		5	47	B2	2	686
59	59	232	232	2.0	0	0	4/4	2	2	1/2		1/2	1		6	54	F#3	3	686
59	59	232	232	2.0	0	0	4/4	2	1	1/2		1/2	1		5	59	B3	3	682
59	59	232	232	2.0	0	0	4/4	1	2	1/2		1/2	1		2	62	D4	4	680
59	59	232	232	1.0	0	0	4/4	1	1	1/4		1/4	1		5	71	B4	4	670
59	59	233	233	0.0	1/4	1/4	4/4	1	1	0	grace16	1/16	1		7	73	C#5	5	671
59	59	233	233	0.0	1/4	1/4	4/4	1	1	0	grace16	1/16	1		5	71	B4	4	672
59	59	233	233	0.0	1/4	1/4	4/4	1	1	0	grace16	1/16	1		10	70	A#4	4	673
59	59	233	233	0.0	1/4	1/4	4/4	1	1	0	grace16	1/16	1		5	71	B4	4	674
59	59	233	233	0.75	1/4	1/4	4/4	1	1	3/16		1/8	3/2		7	73	C#5	5	675
59	59	935/4	935/4	0.25	7/16	7/16	4/4	1	1	1/16		1/16	1		2	74	D5	5	676
59	59	234	234	1.0	1/2	1/2	4/4	2	2	1/4		1/4	1		4	52	E3	3	687
59	59	234	234	0.75	1/2	1/2	4/4	2	1	3/16		1/8	3/2		5	59	B3	3	683
59	59	234	234	1.0	1/2	1/2	4/4	1	2	1/4		1/4	1		4	64	E4	4	681
59	59	234	234	0.75	1/2	1/2	4/4	1	1	3/16		1/8	3/2		8	68	G#4	4	677
59	59	939/4	939/4	0.25	11/16	11/16	4/4	2	1	1/16		1/16	1		3	57	A3	3	684
59	59	939/4	939/4	0.25	11/16	11/16	4/4	1	1	1/16		1/16	1		6	66	F#4	4	678
59	59	235	235	0.75	3/4	3/4	4/4	2	2	3/16		1/8	3/2		4	52	E3	3	688
59	59	235	235	1.0	3/4	3/4	4/4	2	1	1/4		1/4	1		8	56	G#3	3	685
59	59	235	235	1.0	3/4	3/4	4/4	1	1	1/4		1/4	1		4	64	E4	4	679
59	59	943/4	943/4	0.25	15/16	15/16	4/4	2	2	1/16		1/16	1		2	50	D3	3	689
60	60	236	236	1.0	0	0	4/4	2	2	1/4		1/4	1		7	49	C#3	3	694
60	60	236	236	1.0	0	0	4/4	2	1	1/4		1/4	1		3	57	A3	3	692
60	60	236	236	1.0	0	0	4/4	1	1	1/4		1/4	1		4	64	E4	4	690
60	60	236	236	1.0	0	0	4/4	1	1	1/4		1/4	1		3	69	A4	4	690
60	60	237	237	0.5	1/4	1/4	4/4	2	2	1/8		1/8	1		2	50	D3	3	695
60	60	951/4	951/4	0.25	7/16	7/16	4/4	2	2	1/16		1/16	1		9	51	D#3	3	696
60	60	238	238	1.0	1/2	1/2	4/4	2	2	1/4		1/4	1		4	52	E3	3	697
60	60	238	238	1.0	1/2	1/2	4/4	2	1	1/4		1/4	1		8	56	G#3	3	693
60	60	238	238	1.0	1/2	1/2	4/4	1	1	1/4		1/4	1		5	59	B3	3	691
60	60	238	238	1.0	1/2	1/2	4/4	1	1	1/4		1/4	1		4	64	E4	4	691
60	60	238	238	1.0	1/2	1/2	4/4	1	1	1/4		1/4	1		5	71	B4	4	691
60	60	239	239	0.5	3/4	3/4	4/4	2	2	1/8		1/8	1		2	50	D3	3	698
60	60	959/4	959/4	0.25	15/16	15/16	4/4	2	2	1/16		1/16	1		5	47	B2	2	699
61	61	240	240	1.0	0	0	4/4	2	1	1/4		1/4	1		3	45	A2	2	703
61	61	240	240	1.0	0	0	4/4	2	1	1/4		1/4	1		4	52	E3	3	703
61	61	240	240	1.0	0	0	4/4	2	1	1/4		1/4	1		3	57	A3	3	703
61	61	240	240	1.0	0	0	4/4	1	1	1/4		1/4	1		7	61	C#4	4	700
61	61	240	240	1.0	0	0	4/4	1	1	1/4		1/4	1		4	64	E4	4	700
61	61	240	240	1.0	0	0	4/4	1	1	1/4		1/4	1		7	73	C#5	5	700
61	61	241	241	0.5	1/4	1/4	4/4	2	1	1/8		1/8	1		5	47	B2	2	704
61	61	241	241	0.5	1/4	1/4	4/4	2	1	1/8		1/8	1		5	59	B3	3	704
61	61	967/4	967/4	0.25	7/16	7/16	4/4	2	1	1/16		1/16	1		3	45	A2	2	705
61	61	967/4	967/4	0.25	7/16	7/16	4/4	2	1	1/16		1/16	1		3	57	A3	3	705
61	61	242	242	0.5	1/2	1/2	4/4	2	1	1/8		1/8	1		8	44	G#2	2	706
61	61	242	242	0.5	1/2	1/2	4/4	2	1	1/8		1/8	1		8	56	G#3	3	706
61	61	242	242	1.0	1/2	1/2	4/4	1	1	1/4		1/4	1		4	64	E4	4	701
61	61	242	242	1.0	1/2	1/2	4/4	1	1	1/4		1/4	1		5	71	B4	4	701
61	61	242	242	1.0	1/2	1/2	4/4	1	1	1/4		1/4	1		4	76	E5	5	701
61	61	971/4	971/4	0.25	11/16	11/16	4/4	2	1	1/16		1/16	1		6	42	F#2	2	707
61	61	971/4	971/4	0.25	11/16	11/16	4/4	2	1	1/16		1/16	1		6	54	F#3	3	707
61	61	243	243	0.5	3/4	3/4	4/4	2	1	1/8		1/8	1		4	40	E2	2	708
61	61	243	243	0.5	3/4	3/4	4/4	2	1	1/8		1/8	1		4	52	E3	3	708
61	61	243	243	1.0	3/4	3/4	4/4	1	1	1/4		1/4	1		8	68	G#4	4	702
61	61	243	243	1.0	3/4	3/4	4/4	1	1	1/4		1/4	1		5	71	B4	4	702
61	61	243	243	1.0	3/4	3/4	4/4	1	1	1/4		1/4	1		4	76	E5	5	702
61	61	243	243	1.0	3/4	3/4	4/4	1	1	1/4		1/4	1		8	80	G#5	5	702
61	61	975/4	975/4	0.25	15/16	15/16	4/4	2	1	1/16		1/16	1		2	38	D2	2	709
61	61	975/4	975/4	0.25	15/16	15/16	4/4	2	1	1/16		1/16	1		2	50	D3	3	709
62	62	244	244	1.0	0	0	4/4	2	1	1/4		1/4	1		7	37	C#2	2	717
62	62	244	244	1.0	0	0	4/4	2	1	1/4		1/4	1		7	49	C#3	3	717
62	62	244	244	1.0	0	0	4/4	1	1	1/4		1/4	1		3	69	A4	4	710
62	62	244	244	1.0	0	0	4/4	1	1	1/4		1/4	1		4	76	E5	5	710
62	62	244	244	1.0	0	0	4/4	1	1	1/4		1/4	1		3	81	A5	5	710
62	62	245	245	0.5	1/4	1/4	4/4	1	1	1/8		1/8	1		5	71	B4	4	711
62	62	245	245	0.5	1/4	1/4	4/4	1	1	1/8		1/8	1		5	83	B5	5	711
62	62	983/4	983/4	0.25	7/16	7/16	4/4	1	1	1/16		1/16	1		7	73	C#5	5	712
62	62	983/4	983/4	0.25	7/16	7/16	4/4	1	1	1/16		1/16	1		7	85	C#6	6	712
62	62	246	246	1.0	1/2	1/2	4/4	2	1	1/4		1/4	1		2	50	D3	3	718
62	62	246	246	1.0	1/2	1/2	4/4	2	1	1/4		1/4	1		2	62	D4	4	718
62	62	246	246	1.0	1/2	1/2	4/4	1	2	1/4		1/4	1		6	66	F#4	4	714
62	62	246	246	2.0	1/2	1/2	4/4	1	1	1/2		1/2	1		2	74	D5	5	713
62	62	246	246	2.0	1/2	1/2	4/4	1	1	1/2		1/2	1		6	78	F#5	5	713
62	62	247	247	0.5	3/4	3/4	4/4	2	1	1/8		1/8	1		4	52	E3	3	719
62	62	247	247	0.5	3/4	3/4	4/4	2	1	1/8		1/8	1		4	64	E4	4	719
62	62	247	247	0.5	3/4	3/4	4/4	1	2	1/8		1/8	1		8	68	G#4	4	715
62	62	991/4	991/4	0.25	15/16	15/16	4/4	2	1	1/16		1/16	1		6	54	F#3	3	720
62	62	991/4	991/4	0.25	15/16	15/16	4/4	2	1	1/16		1/16	1		6	66	F#4	4	720
62	62	991/4	991/4	0.25	15/16	15/16	4/4	1	2	1/16		1/16	1		3	69	A4	4	716
63	63	248	248	1.0	0	0	4/4	2	1	1/4		1/4	1		5	47	B2	2	727
63	63	248	248	1.0	0	0	4/4	2	1	1/4		1/4	1		5	59	B3	3	727
63	63	248	248	4.0	0	0	4/4	1	1	1		1	1	1	2	74	D5	5	721
63	63	248	248	4.0	0	0	4/4	1	1	1		1	1	1	6	78	F#5	5	721
63	63	248	248	4.0	0	0	4/4	1	1	1		1	1	1	2	86	D6	6	721
63	63	249	249	0.5	1/4	1/4	4/4	2	1	1/8		1/8	1		7	49	C#3	3	728
63	63	249	249	0.5	1/4	1/4	4/4	2	1	1/8		1/8	1		7	61	C#4	4	728
63	63	249	249	0.5	1/4	1/4	4/4	1	2	1/8		1/8	1		4	64	E4	4	722
63	63	999/4	999/4	0.25	7/16	7/16	4/4	2	1	1/16		1/16	1		2	50	D3	3	729
63	63	999/4	999/4	0.25	7/16	7/16	4/4	2	1	1/16		1/16	1		2	62	D4	4	729
63	63	999/4	999/4	0.25	7/16	7/16	4/4	1	2	1/16		1/16	1		6	66	F#4	4	723
63	63	250	250	1.0	1/2	1/2	4/4	2	1	1/4		1/4	1		8	44	G#2	2	730
63	63	250	250	1.0	1/2	1/2	4/4	2	1	1/4		1/4	1		8	56	G#3	3	730
63	63	250	250	1.0	1/2	1/2	4/4	1	2	1/4		1/4	1		5	59	B3	3	724
63	63	251	251	0.5	3/4	3/4	4/4	2	1	1/8		1/8	1		3	45	A2	2	731
63	63	251	251	0.5	3/4	3/4	4/4	2	1	1/8		1/8	1		3	57	A3	3	731
63	63	251	251	0.5	3/4	3/4	4/4	1	2	1/8		1/8	1		7	61	C#4	4	725
63	63	1007/4	1007/4	0.25	15/16	15/16	4/4	2	1	1/16		1/16	1		5	47	B2	2	732
63	63	1007/4	1007/4	0.25	15/16	15/16	4/4	2	1	1/16		1/16	1		5	59	B3	3	732
63	63	1007/4	1007/4	0.25	15/16	15/16	4/4	1	2	1/16		1/16	1		2	62	D4	4	726
64	64	252	252	1.0	0	0	4/4	2	1	1/4		1/4	1		4	40	E2	2	741
64	64	252	252	1.0	0	0	4/4	2	1	1/4		1/4	1		4	52	E3	3	741
64	64	252	252	1.0	0	0	4/4	1	2	1/4		1/4	1		8	56	G#3	3	740
64	64	252	252	1.0	0	0	4/4	1	1	1/4		1/4	1	-1	2	74	D5	5	733
64	64	252	252	1.0	0	0	4/4	1	1	1/4		1/4	1	-1	6	78	F#5	5	733
64	64	252	252	1.0	0	0	4/4	1	1	1/4		1/4	1	-1	2	86	D6	6	733
64	64	253	253	0.5	1/4	1/4	4/4	2	1	1/8		1/8	1		8	44	G#2	2	742
64	64	253	253	0.5	1/4	1/4	4/4	2	1	1/8		1/8	1		4	52	E3	3	742
64	64	253	253	0.5	1/4	1/4	4/4	2	1	1/8		1/8	1		5	59	B3	3	742
64	64	253	253	0.5	1/4	1/4	4/4	1	1	1/8		1/8	1		4	76	E5	5	734
64	64	253	253	0.5	1/4	1/4	4/4	1	1	1/8		1/8	1		4	88	E6	6	734
64	64	1015/4	1015/4	0.25	7/16	7/16	4/4	1	1	1/16		1/16	1		2	74	D5	5	735
64	64	1015/4	1015/4	0.25	7/16	7/16	4/4	1	1	1/16		1/16	1		2	86	D6	6	735
64	64	254	254	0.5	1/2	1/2	4/4	2	1	1/8		1/8	1		3	45	A2	2	743
64	64	254	254	0.5	1/2	1/2	4/4	2	1	1/8		1/8	1		4	52	E3	3	743
64	64	254	254	0.5	1/2	1/2	4/4	2	1	1/8		1/8	1		7	61	C#4	4	743
64	64	254	254	0.5	1/2	1/2	4/4	1	1	1/8		1/8	1		7	73	C#5	5	736
64	64	254	254	0.5	1/2	1/2	4/4	1	1	1/8		1/8	1		7	85	C#6	6	736
64	64	1019/4	1019/4	0.25	11/16	11/16	4/4	1	1	1/16		1/16	1		5	71	B4	4	737
64	64	1019/4	1019/4	0.25	11/16	11/16	4/4	1	1	1/16		1/16	1		5	83	B5	5	737
64	64	255	255	0.5	3/4	3/4	4/4	2	1	1/8		1/8	1		7	49	C#3	3	744
64	64	255	255	0.5	3/4	3/4	4/4	2	1	1/8		1/8	1		4	52	E3	3	744
64	64	255	255	0.5	3/4	3/4	4/4	2	1	1/8		1/8	1		3	57	A3	3	744
64	64	255	255	0.5	3/4	3/4	4/4	1	1	1/8		1/8	1		3	69	A4	4	738
64	64	255	255	0.5	3/4	3/4	4/4	1	1	1/8		1/8	1		3	81	A5	5	738
64	64	1023/4	1023/4	0.25	15/16	15/16	4/4	2	1	1/16		1/16	1		2	50	D3	3	745
64	64	1023/4	1023/4	0.25	15/16	15/16	4/4	2	1	1/16		1/16	1		6	54	F#3	3	745
64	64	1023/4	1023/4	0.25	15/16	15/16	4/4	2	1	1/16		1/16	1		5	59	B3	3	745
64	64	1023/4	1023/4	0.25	15/16	15/16	4/4	1	1	1/16		1/16	1		5	71	B4	4	739
64	64	1023/4	1023/4	0.25	15/16	15/16	4/4	1	1	1/16		1/16	1		5	83	B5	5	739
65	65	256	256	1.0	0	0	4/4	2	1	1/4		1/4	1		4	52	E3	3	751
65	65	256	256	1.0	0	0	4/4	2	1	1/4		1/4	1		3	57	A3	3	751
65	65	256	256	1.0	0	0	4/4	2	1	1/4		1/4	1		7	61	C#4	4	751
65	65	256	256	1.0	0	0	4/4	2	1	1/4		1/4	1		4	64	E4	4	751
65	65	256	256	1.0	0	0	4/4	1	1	1/4		1/4	1		7	73	C#5	5	746
65	65	256	256	1.0	0	0	4/4	1	1	1/4		1/4	1		4	76	E5	5	746
65	65	256	256	1.0	0	0	4/4	1	1	1/4		1/4	1		3	81	A5	5	746
65	65	256	256	1.0	0	0	4/4	1	1	1/4		1/4	1		7	85	C#6	6	746
65	65	257	257	0.0	1/4	1/4	4/4	1	1	0	acciaccatura	1/8	1		7	73	C#5	5	747
65	65	257	257	0.5	1/4	1/4	4/4	1	1	1/8		1/8	1		7	85	C#6	6	748
65	65	258	258	0.5	1/2	1/2	4/4	2	1	1/8		1/8	1		4	40	E2	2	752
65	65	258	258	0.5	1/2	1/2	4/4	2	1	1/8		1/8	1		8	44	G#2	2	752
65	65	258	258	0.5	1/2	1/2	4/4	2	1	1/8		1/8	1		5	47	B2	2	752
65	65	258	258	0.5	1/2	1/2	4/4	2	1	1/8		1/8	1		4	52	E3	3	752
65	65	258	258	0.5	1/2	1/2	4/4	1	1	1/8		1/8	1		5	71	B4	4	749
65	65	258	258	0.5	1/2	1/2	4/4	1	1	1/8		1/8	1		2	74	D5	5	749
65	65	258	258	0.5	1/2	1/2	4/4	1	1	1/8		1/8	1		8	80	G#5	5	749
65	65	258	258	0.5	1/2	1/2	4/4	1	1	1/8		1/8	1		5	83	B5	5	749
65	65	1039/4	1039/4	0.25	15/16	15/16	4/4	2	1	1/16		1/16	1		3	45	A2	2	753
65	65	1039/4	1039/4	0.25	15/16	15/16	4/4	2	1	1/16		1/16	1		7	49	C#3	3	753
65	65	1039/4	1039/4	0.25	15/16	15/16	4/4	2	1	1/16		1/16	1		4	52	E3	3	753
65	65	1039/4	1039/4	0.25	15/16	15/16	4/4	2	1	1/16		1/16	1		3	57	A3	3	753
65	65	1039/4	1039/4	0.25	15/16	15/16	4/4	1	1	1/16		1/16	1		3	69	A4	4	750
65	65	1039/4	1039/4	0.25	15/16	15/16	4/4	1	1	1/16		1/16	1		7	73	C#5	5	750
65	65	1039/4	1039/4	0.25	15/16	15/16	4/4	1	1	1/16		1/16	1		4	76	E5	5	750
65	65	1039/4	1039/4	0.25	15/16	15/16	4/4	1	1	1/16		1/16	1		3	81	A5	5	750
66	66	260	260	1.0	0	0	4/4	2	1	1/4		1/4	1		3	45	A2	2	761
66	66	260	260	1.0	0	0	4/4	2	1	1/4		1/4	1		7	49	C#3	3	761
66	66	260	260	1.0	0	0	4/4	2	1	1/4		1/4	1		4	52	E3	3	761
66	66	260	260	1.0	0	0	4/4	2	1	1/4		1/4	1		3	57	A3	3	761
66	66	260	260	1.0	0	0	4/4	1	1	1/4		1/4	1		3	69	A4	4	754
66	66	260	260	1.0	0	0	4/4	1	1	1/4		1/4	1		7	73	C#5	5	754
66	66	260	260	1.0	0	0	4/4	1	1	1/4		1/4	1		4	76	E5	5	754
66	66	260	260	1.0	0	0	4/4	1	1	1/4		1/4	1		3	81	A5	5	754
66	66	261	261	0.5	1/4	1/4	4/4	1	1	1/8		1/8	1		4	64	E4	4	755
66	66	1047/4	1047/4	0.25	7/16	7/16	4/4	1	1	1/16		1/16	1		8	68	G#4	4	756
66	66	262	262	1.0	1/2	1/2	4/4	1	1	1/4		1/4	1		3	69	A4	4	757
66	66	263	263	0.5	3/4	3/4	4/4	2	1	1/8		1/8	1		6	54	F#3	3	762
66	66	263	263	1.0	3/4	3/4	4/4	1	2	1/4		1/4	1		3	57	A3	3	760
66	66	263	263	0.5	3/4	3/4	4/4	1	1	1/8		1/8	1		7	61	C#4	4	758
66	66	1055/4	1055/4	0.25	15/16	15/16	4/4	2	1	1/16		1/16	1		-1	53	F3	3	763
66	66	1055/4	1055/4	0.25	15/16	15/16	4/4	1	1	1/16		1/16	1		2	62	D4	4	759
67	67	264	264	1.0	0	0	4/4	2	1	1/4		1/4	1		4	52	E3	3	767
67	67	264	264	1.0	0	0	4/4	1	1	1/4		1/4	1		3	57	A3	3	764
67	67	264	264	1.0	0	0	4/4	1	1	1/4		1/4	1		5	59	B3	3	764
67	67	264	264	1.0	0	0	4/4	1	1	1/4		1/4	1		4	64	E4	4	764
67	67	265	265	1.0	1/4	1/4	4/4	2	2	1/4		1/4	1		4	40	E2	2	772
67	67	265	265	1.0	1/4	1/4	4/4	2	1	1/4		1/4	1		4	52	E3	3	768
67	67	265	265	1.0	1/4	1/4	4/4	1	1	1/4		1/4	1		8	56	G#3	3	765
67	67	265	265	1.0	1/4	1/4	4/4	1	1	1/4		1/4	1		5	59	B3	3	765
67	67	265	265	1.0	1/4	1/4	4/4	1	1	1/4		1/4	1		4	64	E4	4	765
67	67	266	266	1.0	1/2	1/2	4/4	2	2	1/4		1/4	1		3	45	A2	2	773
67	67	266	266	1.0	1/2	1/2	4/4	2	1	1/4		1/4	1		4	52	E3	3	769
67	67	266	266	1.0	1/2	1/2	4/4	1	1	1/4		1/4	1		3	57	A3	3	766
67	67	266	266	1.0	1/2	1/2	4/4	1	1	1/4		1/4	1		7	61	C#4	4	766
67	67	267	267	0.5	3/4	3/4	4/4	2	1	1/8		1/8	1		4	52	E3	3	770
67	67	1071/4	1071/4	0.25	15/16	15/16	4/4	2	1	1/16		1/16	1		8	56	G#3	3	771
68	68	268	268	1.0	0	0	4/4	2	1	1/4		1/4	1		3	57	A3	3	779
68	68	269	269	0.5	1/4	1/4	4/4	2	1	1/8		1/8	1		7	49	C#3	3	780
68	68	269	269	0.5	1/4	1/4	4/4	1	1	1/8		1/8	1		4	64	E4	4	774
68	68	1079/4	1079/4	0.25	7/16	7/16	4/4	2	1	1/16		1/16	1		2	50	D3	3	781
68	68	1079/4	1079/4	0.25	7/16	7/16	4/4	1	1	1/16		1/16	1		6	66	F#4	4	775
68	68	270	270	1.0	1/2	1/2	4/4	2	1	1/4		1/4	1		6	54	F#3	3	782
68	68	270	270	1.0	1/2	1/2	4/4	1	1	1/4		1/4	1		3	69	A4	4	776
68	68	271	271	1.0	3/4	3/4	4/4	2	1	1/4		1/4	1		5	47	B2	2	783
68	68	271	271	1.0	3/4	3/4	4/4	1	2	1/4		1/4	1	1	2	62	D4	4	778
68	68	271	271	1.0	3/4	3/4	4/4	1	1	1/4		1/4	1	1	3	69	A4	4	777
69	69	272	272	0.0	0	0	4/4	1	2	0	grace16	1/16	1		6	66	F#4	4	789
69	69	272	272	0.0	0	0	4/4	1	2	0	grace16	1/16	1		8	68	G#4	4	790
69	69	272	272	4.0	0	0	4/4	2	1	1		1	1		4	52	E3	3	792
69	69	272	272	4.0	0	0	4/4	1	2	1		1	1		5	59	B3	3	791
69	69	272	272	4.0	0	0	4/4	1	2	1		1	1	-1	2	62	D4	4	791
69	69	272	272	2.0	0	0	4/4	1	1	1/2		1/2	1	-1	3	69	A4	4	784
69	69	274	274	0.0	1/2	1/2	4/4	1	1	0	grace16	1/16	1		6	66	F#4	4	785
69	69	274	274	0.0	1/2	1/2	4/4	1	1	0	grace16	1/16	1		8	68	G#4	4	786
69	69	274	274	0.0	1/2	1/2	4/4	1	1	0	grace16	1/16	1		3	69	A4	4	787
69	69	274	274	2.0	1/2	1/2	4/4	2	2	1/2		1/2	1		4	40	E2	2	793
69	69	274	274	2.0	1/2	1/2	4/4	1	1	1/2		1/2	1		8	68	G#4	4	788
70	70	276	276	1.0	0	0	4/4	2	1	1/4		1/4	1		3	45	A2	2	798
70	70	276	276	0.5	0	0	4/4	1	1	1/8		1/8	1		3	57	A3	3	794
70	70	276	276	0.5	0	0	4/4	1	1	1/8		1/8	1		7	61	C#4	4	794
70	70	276	276	0.5	0	0	4/4	1	1	1/8		1/8	1		3	69	A4	4	794
70	70	277	277	0.5	1/4	1/4	4/4	2	1	1/8		1/8	1		4	40	E2	2	799
70	70	1111/4	1111/4	0.25	7/16	7/16	4/4	2	1	1/16		1/16	1		8	44	G#2	2	800
70	70	278	278	0.5	1/2	1/2	4/4	2	1	1/8		1/8	1		3	45	A2	2	801
70	70	278	278	1.0	1/2	1/2	4/4	1	1	1/4		1/4	1		3	57	A3	3	795
70	70	279	279	0.5	3/4	3/4	4/4	1	1	1/8		1/8	1		4	52	E3	3	796
70	70	1119/4	1119/4	0.25	15/16	15/16	4/4	1	1	1/16		1/16	1		8	56	G#3	3	797
71	71	280	280	0.5	0	0	4/4	1	1	1/8		1/8	1		3	57	A3	3	802
71	71	280	280	1.0	0	0	4/4	2	1	1/4		1/4	1		3	69	A4	4	806
71	71	281	281	0.5	1/4	1/4	4/4	2	1	1/8		1/8	1		4	64	E4	4	807
71	71	1127/4	1127/4	0.25	7/16	7/16	4/4	2	1	1/16		1/16	1		8	68	G#4	4	808
71	71	282	282	0.5	1/2	1/2	4/4	2	1	1/8		1/8	1		3	69	A4	4	809
71	71	282	282	1.0	1/2	1/2	4/4	1	1	1/4		1/4	1		3	81	A5	5	803
71	71	283	283	0.5	3/4	3/4	4/4	1	1	1/8		1/8	1		4	76	E5	5	804
71	71	1135/4	1135/4	0.25	15/16	15/16	4/4	1	1	1/16		1/16	1		8	80	G#5	5	805
72	72	284	284	0.5	0	0	4/4	1	1	1/8		1/8	1		3	81	A5	5	810
72	72	284	284	1.0	0	0	4/4	2	1	1/4		1/4	1		3	81	A5	5	812
72	72	285	285	0.5	1/4	1/4	4/4	2	1	1/8		1/8	1		4	76	E5	5	813
72	72	1143/4	1143/4	0.25	7/16	7/16	4/4	2	1	1/16		1/16	1		8	80	G#5	5	814
72	72	286	286	1.0	1/2	1/2	4/4	1	1	1/4		1/4	1		3	69	A4	4	811
72	72	286	286	1.0	1/2	1/2	4/4	1	1	1/4		1/4	1		4	76	E5	5	811
72	72	286	286	1.0	1/2	1/2	4/4	2	1	1/4		1/4	1		3	81	A5	5	815
72	72	286	286	1.0	1/2	1/2	4/4	1	1	1/4		1/4	1		7	85	C#6	6	811
72	72	287	287	0.5	3/4	3/4	4/4	2	1	1/8		1/8	1		4	76	E5	5	816
72	72	1151/4	1151/4	0.25	15/16	15/16	4/4	2	1	1/16		1/16	1		8	80	G#5	5	817
73	73	288	288	1.0	0	0	4/4	1	1	1/4		1/4	1		3	69	A4	4	818
73	73	288	288	1.0	0	0	4/4	1	1	1/4		1/4	1		4	76	E5	5	818
73	73	288	288	1.0	0	0	4/4	2	1	1/4		1/4	1		3	81	A5	5	820
73	73	288	288	1.0	0	0	4/4	1	1	1/4		1/4	1		7	85	C#6	6	818
73	73	289	289	0.5	1/4	1/4	4/4	2	1	1/8		1/8	1		4	76	E5	5	821
73	73	1159/4	1159/4	0.25	7/16	7/16	4/4	2	1	1/16		1/16	1		8	80	G#5	5	822
73	73	290	290	1.5	1/2	1/2	4/4	1	1	3/8		1/4	3/2		3	69	A4	4	819
73	73	290	290	1.5	1/2	1/2	4/4	1	1	3/8		1/4	3/2		4	76	E5	5	819
73	73	290	290	1.5	1/2	1/2	4/4	2	1	3/8		1/4	3/2		3	81	A5	5	823
73	73	290	290	1.5	1/2	1/2	4/4	1	1	3/8		1/4	3/2		7	85	C#6	6	819
74	74	293	293	1.0	1/4	1/4	4/4	2	1	1/4		1/4	1		7	37	C#2	2	832
74	74	293	293	1.0	1/4	1/4	4/4	2	1	1/4		1/4	1		7	49	C#3	3	832
74	74	293	293	1.0	1/4	1/4	4/4	1	2	1/4		1/4	1		8	56	G#3	3	829
74	74	293	293	1.0	1/4	1/4	4/4	1	2	1/4		1/4	1		7	61	C#4	4	829
74	74	293	293	0.5	1/4	1/4	4/4	1	1	1/8		1/8	1		4	64	E4	4	824
74	74	1175/4	1175/4	0.25	7/16	7/16	4/4	1	1	1/16		1/16	1		8	68	G#4	4	825
74	74	294	294	1.0	1/2	1/2	4/4	2	1	1/4		1/4	1		6	42	F#2	2	833
74	74	294	294	1.0	1/2	1/2	4/4	2	1	1/4		1/4	1		6	54	F#3	3	833
74	74	294	294	1.0	1/2	1/2	4/4	1	2	1/4		1/4	1		3	57	A3	3	830
74	74	294	294	1.0	1/2	1/2	4/4	1	2	1/4		1/4	1		7	61	C#4	4	830
74	74	294	294	1.0	1/2	1/2	4/4	1	1	1/4		1/4	1		3	69	A4	4	826
74	74	295	295	1.0	3/4	3/4	4/4	2	1	1/4		1/4	1		5	35	B1	1	834
74	74	295	295	1.0	3/4	3/4	4/4	2	1	1/4		1/4	1		5	47	B2	2	834
74	74	295	295	1.0	3/4	3/4	4/4	1	2	1/4		1/4	1		6	54	F#3	3	831
74	74	295	295	1.0	3/4	3/4	4/4	1	2	1/4		1/4	1		3	57	A3	3	831
74	74	295	295	0.5	3/4	3/4	4/4	1	1	1/8		1/8	1		7	61	C#4	4	827
74	74	1183/4	1183/4	0.25	15/16	15/16	4/4	1	1	1/16		1/16	1		2	62	D4	4	828
75	75	296	296	1.0	0	0	4/4	2	1	1/4		1/4	1		4	40	E2	2	838
75	75	296	296	1.0	0	0	4/4	2	1	1/4		1/4	1		4	52	E3	3	838
75	75	296	296	1.0	0	0	4/4	1	1	1/4		1/4	1		3	57	A3	3	835
75	75	296	296	1.0	0	0	4/4	1	1	1/4		1/4	1		7	61	C#4	4	835
75	75	296	296	1.0	0	0	4/4	1	1	1/4		1/4	1		4	64	E4	4	835
75	75	297	297	1.0	1/4	1/4	4/4	2	1	1/4		1/4	1		4	40	E2	2	839
75	75	297	297	1.0	1/4	1/4	4/4	2	1	1/4		1/4	1		4	52	E3	3	839
75	75	297	297	1.0	1/4	1/4	4/4	1	1	1/4		1/4	1		8	56	G#3	3	836
75	75	297	297	1.0	1/4	1/4	4/4	1	1	1/4		1/4	1		5	59	B3	3	836
75	75	297	297	1.0	1/4	1/4	4/4	1	1	1/4		1/4	1		4	64	E4	4	836
75	75	298	298	2.0	1/2	1/2	4/4	2	1	1/2		1/2	1		3	33	A1	1	840
75	75	298	298	2.0	1/2	1/2	4/4	2	1	1/2		1/2	1		3	45	A2	2	840
75	75	298	298	2.0	1/2	1/2	4/4	1	1	1/2		1/2	1		4	52	E3	3	837
75	75	298	298	2.0	1/2	1/2	4/4	1	1	1/2		1/2	1		3	57	A3	3	837
75	75	298	298	2.0	1/2	1/2	4/4	1	1	1/2		1/2	1		7	61	C#4	4	837
